1e-06,0.449658792443292,0.191153522952298,-0.264193706815137,-0.00103616450350007,-0.283572717015004,-0.177109480239329,0.0987024704445377,0.00103616450349493,0.44965879244332,0.00103616450351162,0.0987024704445476,-0.177109480239328,-0.283572717014977,-0.00103616450351046,-0.264193706815132,0.449658792443353,-0.191153522952295,0.0987024704445395,-0.001036164503494,-0.283572717014946,0.177109480239319,0.449658792443322,0.00103616450351265,-0.264193706815137,0.177109480239327,-0.283572717014973,0.449658792443306,0.191153522952291,-0.264193706815133,-0.00103616450349866,0.449658792443326,0.0010361645034969,0.0987024704445307,0.449658792443356,-0.191153522952306,0.44965879244334
0.050001,0.447679428294323,0.19068289636078,-0.263076501607122,-0.00105050722659947,-0.281682358058426,-0.175748796777539,0.0977525771540921,0.00105050722662418,0.44767942829434,0.00105050722660243,0.0977525771540924,-0.17574879677754,-0.281682358058412,-0.00105050722662186,-0.263076501607117,0.447679428294359,-0.190682896360778,0.0977525771540816,-0.00105050722661919,-0.281682358058385,0.175748796777534,0.447679428294337,0.00105050722662372,-0.263076501607118,0.175748796777535,-0.281682358058406,0.44767942829432,0.190682896360773,-0.263076501607122,-0.00105050722660081,0.447679428294333,0.0010505072266023,0.0977525771540913,0.447679428294365,-0.190682896360784,0.447679428294347
0.100001,0.441398840465833,0.18923157892425,-0.259623701769908,-0.00104408819210949,-0.275522123717323,-0.171253379312488,0.0947241277923339,0.00104408819209308,0.441398840465851,0.00104408819210127,0.0947241277923216,-0.171253379312483,-0.275522123717307,-0.00104408819209097,-0.259623701769912,0.44139884046585,-0.189231578924244,0.0947241277923195,-0.00104408819208861,-0.275522123717316,0.171253379312481,0.441398840465827,0.00104408819209041,-0.25962370176991,0.17125337931249,-0.275522123717332,0.441398840465839,0.189231578924242,-0.25962370176991,-0.00104408819210083,0.44139884046586,0.00104408819210664,0.0947241277923239,0.44139884046584,-0.189231578924246,0.441398840465833
0.150001,0.430801668199148,0.186741687494924,-0.253800905154546,-0.000925679271446,-0.26559405418803,-0.163809092673265,0.0901926785215283,0.000925679271460263,0.430801668199169,0.000925679271446614,0.0901926785215243,-0.163809092673261,-0.265594054188007,-0.000925679271453986,-0.253800905154545,0.430801668199169,-0.18674168749493,0.0901926785215319,-0.000925679271462296,-0.265594054188,0.163809092673267,0.430801668199154,0.000925679271454531,-0.253800905154542,0.163809092673258,-0.265594054188025,0.43080166819914,0.18674168749493,-0.253800905154545,-0.000925679271450035,0.430801668199164,0.000925679271452991,0.0901926785215371,0.43080166819917,-0.186741687494927,0.430801668199144
0.200001,0.416039279946181,0.182975744064932,-0.245647790179953,-0.000697210673793471,-0.25271448052786,-0.153782602663218,0.0849532022183612,0.000697210673784462,0.416039279946211,0.000697210673794659,0.0849532022183656,-0.153782602663218,-0.252714480527835,-0.000697210673784202,-0.245647790179956,0.416039279946221,-0.182975744064933,0.084953202218368,-0.000697210673779883,-0.252714480527828,0.153782602663216,0.416039279946191,0.000697210673780493,-0.245647790179959,0.153782602663216,-0.25271448052785,0.416039279946186,0.182975744064929,-0.245647790179956,-0.000697210673792591,0.416039279946205,0.000697210673792803,0.0849532022183579,0.416039279946212,-0.182975744064932,0.416039279946194
0.250001,0.397415019330438,0.177635947928873,-0.235356451732527,-0.000355014227402894,-0.237680922065886,-0.141669251614966,0.0797242616651429,0.000355014227401737,0.397415019330396,0.000355014227404631,0.0797242616651433,-0.141669251614962,-0.23768092206592,-0.000355014227402854,-0.235356451732526,0.397415019330387,-0.177635947928875,0.079724261665141,-0.000355014227411049,-0.237680922065922,0.141669251614968,0.397415019330431,0.000355014227403659,-0.235356451732519,0.141669251614962,-0.237680922065893,0.397415019330426,0.177635947928883,-0.235356451732525,-0.000355014227405834,0.397415019330396,0.000355014227407791,0.0797242616651426,0.3974150193304,-0.177635947928874,0.397415019330419
0.300001,0.375466280613641,0.170471034235271,-0.223361022026493,0.000124057662535586,-0.22111492784032,-0.128041288449109,0.0749559790681605,-0.000124057662542254,0.375466280613647,-0.000124057662533306,0.0749559790681617,-0.128041288449098,-0.221114927840315,0.000124057662550031,-0.223361022026498,0.375466280613606,-0.170471034235265,0.074955979068165,0.000124057662541116,-0.221114927840354,0.128041288449115,0.375466280613603,-0.000124057662543316,-0.223361022026494,0.128041288449113,-0.221114927840362,0.37546628061364,0.170471034235275,-0.223361022026492,0.000124057662533962,0.375466280613642,-0.000124057662529469,0.0749559790681633,0.375466280613599,-0.170471034235267,0.375466280613589
0.350001,0.350954026686419,0.1613856553732,-0.2103016754584,0.000768752619451609,-0.203418260703943,-0.113453131790016,0.0707693300076614,-0.000768752619461792,0.350954026686446,-0.00076875261944968,0.070769330007664,-0.113453131790017,-0.203418260703917,0.000768752619460808,-0.2103016754584,0.350954026686422,-0.161385655373187,0.0707693300076664,0.00076875261946549,-0.203418260703946,0.113453131790023,0.350954026686392,-0.000768752619461063,-0.210301675458406,0.113453131790023,-0.20341826070397,0.350954026686421,0.161385655373196,-0.210301675458398,0.000768752619449557,0.350954026686442,-0.000768752619454444,0.0707693300076596,0.350954026686416,-0.161385655373188,0.350954026686392
0.400001,0.324750246748265,0.150505708053291,-0.196868101765443,0.00159439926755813,-0.184846202391005,-0.0983703019087752,0.0670411359468655,-0.00159439926755393,0.324750246748251,-0.00159439926756075,0.067041135946867,-0.098370301908769,-0.184846202391024,0.00159439926756687,-0.196868101765444,0.324750246748237,-0.150505708053294,0.0670411359468827,0.00159439926755439,-0.184846202391029,0.0983703019087821,0.324750246748266,-0.00159439926756743,-0.196868101765442,0.0983703019087689,-0.184846202391015,0.324750246748258,0.1505057080533,-0.196868101765445,0.0015943992675556,0.324750246748238,-0.00159439926755371,0.0670411359468804,0.324750246748242,-0.150505708053292,0.324750246748239
0.450001,0.29769230749993,0.138165634749336,-0.183614642053332,0.00258567776164403,-0.165627820578477,-0.083161386173071,0.0635498206259698,-0.00258567776165203,0.297692307499932,-0.00258567776164721,0.0635498206259613,-0.0831613861730722,-0.165627820578469,0.00258567776164901,-0.183614642053333,0.297692307499922,-0.138165634749332,0.0635498206259556,0.0025856777616554,-0.165627820578475,0.0831613861730724,0.297692307499916,-0.00258567776165496,-0.183614642053335,0.0831613861730767,-0.165627820578484,0.297692307499924,0.138165634749332,-0.183614642053332,0.002585677761651,0.297692307499932,-0.00258567776164084,0.0635498206259562,0.297692307499927,-0.138165634749333,0.297692307499923
0.500001,0.270479019372899,0.124838000086457,-0.170842996332109,0.00368629220004431,-0.146051024840909,-0.0681361415112374,0.0600854906840856,-0.00368629220004068,0.270479019372917,-0.0036862922000322,0.0600854906840649,-0.0681361415112414,-0.146051024840896,0.00368629220004612,-0.170842996332107,0.270479019372912,-0.124838000086467,0.0600854906840813,0.00368629220003822,-0.146051024840893,0.0681361415112379,0.270479019372913,-0.00368629220003748,-0.170842996332106,0.068136141511224,-0.146051024840903,0.270479019372897,0.124838000086466,-0.170842996332103,0.00368629220003673,0.270479019372906,-0.00368629220003694,0.0600854906840938,0.270479019372925,-0.124838000086467,0.270479019372899
0.550001,0.243631883945945,0.111048800832034,-0.158582770570241,0.00479925647822256,-0.126480521238194,-0.053588440634636,0.0564909061036461,-0.00479925647821116,0.243631883945927,-0.00479925647821588,0.0564909061036448,-0.0535884406346344,-0.1264805212382,0.00479925647820902,-0.158582770570233,0.243631883945917,-0.111048800832036,0.0564909061036478,0.00479925647820818,-0.126480521238205,0.0535884406346389,0.243631883945943,-0.00479925647820939,-0.158582770570234,0.0535884406346337,-0.126480521238187,0.243631883945938,0.111048800832033,-0.158582770570235,0.00479925647821899,0.243631883945915,-0.00479925647821459,0.0564909061036512,0.24363188394593,-0.111048800832039,0.243631883945933
0.600001,0.217500944669838,0.097306324027859,-0.14664428604159,0.00579911054129583,-0.107324288499132,-0.0398176299303993,0.0526552142517231,-0.0057991105413264,0.217500944669831,-0.00579911054128699,0.0526552142517169,-0.0398176299304006,-0.107324288499125,0.0057991105413386,-0.146644286041606,0.217500944669821,-0.0973063240278623,0.0526552142517292,0.00579911054133084,-0.107324288499133,0.0398176299304117,0.217500944669805,-0.0057991105413204,-0.1466442860416,0.039817629930403,-0.107324288499162,0.217500944669827,0.0973063240278645,-0.146644286041596,0.00579911054129293,0.217500944669837,-0.00579911054129835,0.0526552142517171,0.217500944669829,-0.0973063240278561,0.217500944669799
0.650001,0.192285280610424,0.0840476390796663,-0.134704001493096,0.00655389751923474,-0.0889797141418375,-0.0271260146356312,0.0484951345823528,-0.00655389751919973,0.192285280610372,-0.00655389751923843,0.0484951345823505,-0.027126014635611,-0.0889797141419083,0.00655389751921924,-0.13470400149308,0.192285280610364,-0.0840476390796567,0.0484951345823429,0.00655389751921713,-0.0889797141419091,0.0271260146356107,0.192285280610438,-0.00655389751921993,-0.134704001493086,0.0271260146356073,-0.0889797141418409,0.192285280610439,0.0840476390796662,-0.134704001493094,0.0065538975192374,0.192285280610353,-0.00655389751922713,0.0484951345823607,0.192285280610356,-0.0840476390796718,0.192285280610441
0.700001,0.168048396861443,0.0715947914644977,-0.122391222392965,0.00695035552456128,-0.071786825344138,-0.0158042687435824,0.0439456506537015,-0.00695035552456007,0.168048396861437,-0.00695035552456546,0.043945650653685,-0.0158042687435625,-0.0717868253441655,0.00695035552458471,-0.122391222392963,0.168048396861424,-0.0715947914644916,0.0439456506536927,0.00695035552456943,-0.0717868253441803,0.0158042687435792,0.168048396861463,-0.00695035552457757,-0.122391222392968,0.0158042687435618,-0.0717868253441526,0.168048396861462,0.0715947914645107,-0.122391222392956,0.00695035552456249,0.168048396861407,-0.00695035552455614,0.0439456506536915,0.168048396861411,-0.0715947914645077,0.168048396861437
0.750001,0.144719013785198,0.0601131492833423,-0.109353474953217,0.00691277309648863,-0.0560073681195739,-0.00612003895998909,0.0389652649012578,-0.00691277309650423,0.14471901378523,-0.00691277309651432,0.0389652649012451,-0.00612003895995864,-0.0560073681195643,0.00691277309652146,-0.10935347495322,0.144719013785261,-0.0601131492833582,0.0389652649012461,0.0069127730965001,-0.0560073681195183,0.00612003895996549,0.144719013785267,-0.00691277309653697,-0.109353474953223,0.00612003895994342,-0.0560073681195351,0.14471901378522,0.0601131492833654,-0.109353474953197,0.0069127730964782,0.144719013785192,-0.00691277309647965,0.0389652649012416,0.144719013785278,-0.0601131492833873,0.144719013785238
0.800001,0.122069261073682,0.0495721887345044,-0.0952800597161557,0.00640861160516065,-0.0418349382235106,0.00167725854097451,0.033546432597856,-0.0064086116051931,0.122069261073583,-0.0064086116051823,0.0335464325978685,0.00167725854096331,-0.041834938223599,0.00640861160515955,-0.0952800597161524,0.1220692610737,-0.04957218873453,0.0335464325978875,0.00640861160516935,-0.0418349382235206,-0.00167725854101582,0.122069261073743,-0.0064086116051887,-0.0952800597161535,-0.0016772585410032,-0.0418349382234407,0.122069261073684,0.0495721887344842,-0.0952800597161705,0.00640861160518389,0.122069261073606,-0.00640861160518378,0.0335464325978803,0.122069261073669,-0.0495721887345139,0.12206926107375
0.850001,0.0996508039765001,0.0397149098598456,-0.0798574627740855,0.00544242205751528,-0.0294218888122324,0.00732434767127394,0.027709511941143,-0.00544242205751528,0.0996508039765674,-0.00544242205751878,0.0277095119411452,0.00732434767128355,-0.0294218888122045,0.00544242205751559,-0.0798574627741017,0.0996508039765336,-0.0397149098598258,0.0277095119411526,0.00544242205752803,-0.0294218888122406,-0.00732434767127995,0.0996508039764939,-0.005442422057492,-0.0798574627740798,-0.00732434767126914,-0.0294218888122767,0.0996508039765312,0.0397149098598528,-0.0798574627740979,0.00544242205753482,0.0996508039765748,-0.00544242205751811,0.0277095119411628,0.0996508039765354,-0.039714909859825,0.0996508039764977
0.900001,0.0766200831508167,0.0300195254669142,-0.062596510117604,0.00404224291420847,-0.0188958070401996,0.0104607435348165,0.0214450839695797,-0.00404224291408077,0.0766200831506455,-0.00404224291411069,0.0214450839696088,0.0104607435348139,-0.0188958070403749,0.0040422429141664,-0.0625965101175588,0.0766200831505163,-0.0300195254668669,0.0214450839696472,0.00404224291411514,-0.0188958070405335,-0.0104607435347538,0.0766200831507833,-0.00404224291409199,-0.0625965101175919,-0.0104607435348066,-0.0188958070403111,0.0766200831508677,0.030019525466929,-0.0625965101175815,0.00404224291418503,0.0766200831506447,-0.00404224291410704,0.0214450839696383,0.0766200831504862,-0.0300195254668766,0.0766200831506738
0.950001,0.0510919841246878,0.0195407023355367,-0.0422102236346395,0.002229901495514,-0.0102905813268256,0.0103950348116352,0.014486477283757,-0.00222990149526692,0.0510919841247389,-0.00222990149529699,0.0144864772837577,0.0103950348116509,-0.0102905813267482,0.00222990149547763,-0.0422102236345913,0.0510919841247388,-0.0195407023355668,0.0144864772838461,0.00222990149544375,-0.0102905813269077,-0.0103950348116935,0.0510919841243901,-0.00222990149542674,-0.0422102236345319,-0.0103950348114469,-0.0102905813270093,0.0510919841246363,0.0195407023356019,-0.0422102236344719,0.00222990149542287,0.0510919841248061,-0.00222990149542104,0.0144864772838775,0.0510919841244234,-0.0195407023355103,0.0510919841245925
