0,0.476072565039661,0.17377389026678,-0.277234955321334,-0.00297881289762669,-0.28468196081107,-0.201076166806535,0.0870105187687151,-0.00312875580457014,0.466805609048883,0.00297881289762575,0.0971568827520278,-0.201076166806536,-0.272739750835551,0.00312875580457031,-0.28829775730432,0.476072565039667,-0.17377389026678,0.0870105187687175,0.00312875580457202,-0.284681960811069,0.201076166806537,0.466805609048878,-0.0031287558045721,-0.288297757304321,0.201076166806537,-0.272739750835552,0.476072565039666,0.173773890266779,-0.277234955321335,-0.00297881289762468,0.466805609048885,0.00297881289762453,0.0971568827520295,0.476072565039661,-0.17377389026678,0.466805609048882
0.05,0.475383535500956,0.173401695753582,-0.276893163623233,-0.00299281710074621,-0.283994525786111,-0.200703805851588,0.0866703070125037,-0.00311480372722307,0.466106662303995,0.00299281710074457,0.0968265976454696,-0.200703805851589,-0.2720423676467,0.00311480372722437,-0.28796590432664,0.475383535500956,-0.173401695753582,0.0866703070125027,0.00311480372722409,-0.28399452578611,0.20070380585159,0.466106662303989,-0.00311480372722318,-0.287965904326641,0.200703805851589,-0.272042367646703,0.475383535500955,0.173401695753582,-0.276893163623232,-0.00299281710074702,0.466106662303992,0.00299281710074538,0.0968265976454679,0.475383535500958,-0.173401695753583,0.466106662303987
0.1,0.468716861179602,0.170006906794685,-0.273142413116592,-0.00338251146560165,-0.27736129373866,-0.197304515245023,0.0829524177048934,-0.00272638867782373,0.459364698713642,0.00338917185160589,0.0931911939081866,-0.197304515245025,-0.265332887925141,0.00271977636545383,-0.284297989919784,0.468723809521147,-0.170007105356298,0.0829524177048942,0.00271977636545289,-0.277367967076468,0.197304681121546,0.459357642319425,-0.00272638867782216,-0.284297989919785,0.197304681121544,-0.265325996549655,0.468716861179599,0.170006906794686,-0.273142413116593,-0.00338251146560082,0.459364698713647,0.00338917185160393,0.0931911939081902,0.468723809521149,-0.170007105356297,0.45935764231943
0.15,0.458233577734656,0.164529414005235,-0.267808919302346,-0.00355942219224237,-0.267008159265583,-0.19180847652651,0.0777476030282356,-0.00255518775328017,0.448873954839866,0.00370221082327764,0.0881294010569484,-0.191808476526512,-0.254970557767354,0.0024117594394107,-0.279108323548982,0.458372802228087,-0.16453045290855,0.0777476030282351,0.0024117594394108,-0.267147809417935,0.191810133089067,0.448729607623281,-0.00255518775328045,-0.279108323548983,0.191810133089067,-0.254825822998783,0.458233577734658,0.164529414005235,-0.267808919302345,-0.00355942219224402,0.448873954839866,0.00370221082327783,0.0881294010569495,0.458372802228088,-0.164530452908552,0.448729607623282
0.2,0.443259598341768,0.156118386296808,-0.260139646975824,-0.00447792382153677,-0.252474270712866,-0.183337594143189,0.0705122871530284,-0.0016535340948334,0.433509798345731,0.00442887424916654,0.0810964155483104,-0.18333759414319,-0.240035741996265,0.00170258428261672,-0.271646620868188,0.443211712347007,-0.156117745082231,0.0705122871530263,0.00170258428261594,-0.252426356164361,0.183336953917044,0.43355911631672,-0.00165353409483321,-0.271646620868189,0.183336953917045,-0.240085076314291,0.443259598341765,0.156118386296808,-0.260139646975823,-0.00447792382153577,0.433509798345735,0.00442887424916665,0.0810964155483123,0.443211712347009,-0.156117745082231,0.433559116316721
0.25,0.427392099059355,0.148160887703175,-0.251431998669959,-0.005131020468535,-0.237429695075756,-0.175267799974708,0.0626159634600187,-0.0010320615083465,0.417374926049401,0.00499725898874039,0.0733893581250122,-0.175267799974709,-0.224702302773929,0.0011660138178921,-0.263139339299118,0.427262711661048,-0.148159313234338,0.0626159634600165,0.00116601381789148,-0.237299049266817,0.175266105997117,0.417508367759662,-0.00103206150834781,-0.263139339299117,0.175266105997118,-0.224836487725647,0.427392099059351,0.148160887703172,-0.251431998669959,-0.00513102046853415,0.417374926049405,0.00499725898873897,0.0733893581250146,0.427262711661049,-0.148159313234338,0.417508367759669
0.3,0.409286962365508,0.138898294116834,-0.241313462014448,-0.00629387564460068,-0.220817170057839,-0.165810454690783,0.053972110898452,7.3295211729961e-05,0.399363583482891,0.0064508118184246,0.0649461393717086,-0.165810454690784,-0.208154304664457,-0.000230299600548973,-0.253234482999366,0.409438760282503,-0.138899981028826,0.0539721108984548,-0.00023029960054783,-0.220969480271657,0.165812181059231,0.399206987344634,7.32952117265852e-05,-0.253234482999367,0.16581218105923,-0.207997398114339,0.409286962365513,0.138898294116833,-0.241313462014451,-0.00629387564459905,0.399363583482893,0.00645081181842448,0.064946139371711,0.409438760282495,-0.138899981028826,0.399206987344639
0.35,0.387395847479427,0.127744663656195,-0.229068646116848,-0.00774755442847957,-0.201580224738219,-0.154310696192672,0.0443479954275254,0.00142161983852182,0.377209269437982,0.00786202411551547,0.0555599264847125,-0.154310696192671,-0.188602626941743,-0.00154189016580653,-0.241247431278109,0.387488995269747,-0.127724026928943,0.0443479954275288,-0.0015418901658065,-0.201673079326716,0.154295899129259,0.377076358725689,0.00142161983852127,-0.241247431278108,0.154295899129261,-0.18846844266485,0.387395847479434,0.127744663656194,-0.229068646116848,-0.00774755442847956,0.377209269437981,0.00786202411551567,0.0555599264847118,0.38748899526974,-0.127724026928944,0.377076358725688
0.4,0.36638415382343,0.116212372017656,-0.217769854467572,-0.00954023362473517,-0.183764025494294,-0.142388990784617,0.036209603549223,0.00310210642046985,0.356187983626946,0.00985035965493243,0.0476377733200254,-0.14238899078462,-0.170700977020609,-0.00341260368733276,-0.230204689596334,0.366680549812823,-0.11621518056664,0.0362096035492252,-0.00341260368733108,-0.184062992394005,0.142392020216828,0.35588264939694,0.00310210642046914,-0.230204689596337,0.142392020216828,-0.170394100135322,0.366384153823431,0.116212372017655,-0.217769854467569,-0.00954023362473612,0.356187983626948,0.00985035965493163,0.0476377733200269,0.366680549812823,-0.11621518056664,0.355882649396945
0.45,0.347037685748213,0.106673152637921,-0.206328240203641,-0.0112897363654364,-0.168556813436584,-0.132359283721192,0.0288599324040221,0.00470293049509758,0.336072977259342,0.010960407335116,0.0404620294702003,-0.132359283721191,-0.154634059193484,-0.00436985410866212,-0.218974160908747,0.346731820743621,-0.106681438816269,0.0288599324040224,-0.00436985410866158,-0.168250009141861,0.132363870594885,0.336405388859837,0.00470293049509599,-0.218974160908748,0.132363870594886,-0.154967845507562,0.347037685748213,0.10667315263792,-0.206328240203641,-0.0112897363654343,0.336072977259349,0.010960407335115,0.0404620294702026,0.346731820743617,-0.106681438816269,0.336405388859842
0.5,0.322049294153091,0.0947206814580908,-0.191766859249739,-0.013010441909924,-0.149949954887872,-0.11968401557679,0.020612215728683,0.00619466963866191,0.31109397288606,0.0128578176141821,0.032420276027287,-0.119684015576792,-0.135896141651348,-0.00604196740538986,-0.204674219010951,0.3219050113606,-0.0947160105075587,0.0206122157286827,-0.00604196740538902,-0.149799317219992,0.119679675437378,0.311238521172506,0.00619466963866077,-0.204674219010951,0.119679675437377,-0.136044105018771,0.322049294153093,0.0947206814580903,-0.19176685924974,-0.0130104419099224,0.311093972886063,0.0128578176141823,0.0324202760272887,0.321905011360598,-0.0947160105075574,0.31123852117251
0.55,0.297642689773306,0.0830573406499692,-0.177638157092958,-0.0146331774267318,-0.132899919519208,-0.107238063679459,0.0137742184296744,0.00756191206754356,0.286431167057231,0.0143698517500971,0.0257788770408328,-0.107238063679457,-0.11843425071141,-0.00729324622919324,-0.190803477624125,0.297401456688716,-0.0830675743376442,0.0137742184296731,-0.0072932462291949,-0.132659403272505,0.107242930109072,0.286697387170904,0.00756191206754585,-0.190803477624123,0.107242930109075,-0.118700689345905,0.297642689773303,0.0830573406499673,-0.177638157092956,-0.0146331774267319,0.286431167057236,0.0143698517500976,0.0257788770408336,0.297401456688717,-0.0830675743376446,0.286697387170906
0.6,0.273161932534543,0.0728320705370469,-0.162520503511059,-0.0158369105098808,-0.117419878410596,-0.0961395267887082,0.00758259103309633,0.00845419522297843,0.262071150833057,0.0157836682443324,0.0197362434674158,-0.0961395267887077,-0.102870629747062,-0.00840215658282484,-0.175905039564174,0.273104747428053,-0.0728240843991228,0.00758259103309595,-0.00840215658282648,-0.117362476200503,0.0961327505206722,0.262115668831209,0.00845419522297857,-0.175905039564175,0.0961327505206717,-0.10291521036119,0.273161932534539,0.0728320705370445,-0.162520503511058,-0.0158369105098814,0.262071150833057,0.0157836682443311,0.0197362434674164,0.273104747428054,-0.0728240843991229,0.262115668831211
0.65,0.24822325809184,0.0625778132158722,-0.147532002669101,-0.0164862363554605,-0.102673954887571,-0.0849513365995165,0.00271197271457778,0.00874386624985864,0.237186709215691,0.0165875912920369,0.0150396509974687,-0.0849513365995173,-0.0879540252621309,-0.0088473793416961,-0.161151173852909,0.248306812937548,-0.0625730762875543,0.00271197271457894,-0.00884737934169541,-0.102766071951263,0.0849480799132396,0.23708648051805,0.00874386624985639,-0.16115117385291,0.0849480799132404,-0.0878491780712381,0.248223258091841,0.06257781321587,-0.147532002669101,-0.0164862363554588,0.237186709215695,0.016587591292035,0.0150396509974731,0.248306812937542,-0.0625730762875544,0.237086480518056
0.7,0.221474218043569,0.0521256171789488,-0.131165661089711,-0.0169559151918888,-0.0882268121451655,-0.0734773469952294,-0.00146039284967836,0.00877899328498214,0.210104678115153,0.0167479023718168,0.0110527880801105,-0.0734773469952291,-0.072817982281912,-0.00856921672276413,-0.145050174138402,0.221297096586863,-0.0521100577707988,-0.00146039284968125,-0.00856921672276473,-0.0880127221657748,0.0734631941680402,0.210280112338131,0.00877899328498435,-0.145050174138402,0.0734631941680395,-0.0730127174990325,0.221474218043565,0.0521256171789493,-0.131165661089711,-0.0169559151918876,0.210104678115153,0.0167479023718156,0.0110527880801114,0.221297096586865,-0.0521100577708005,0.210280112338132
0.75,0.196817058059979,0.0435247815968267,-0.115373468817357,-0.0170333192459054,-0.0763525802874353,-0.063945747585891,-0.0044855772578826,0.00836067001287556,0.184996844377627,0.0164223287883028,0.00820484951836469,-0.0639457475858923,-0.0602434872100436,-0.00775204138305057,-0.129463498687713,0.196233273227853,-0.0435513185805735,-0.00448557725788403,-0.00775204138305096,-0.0758580145778287,0.0639664465882253,0.185633503393268,0.0083606700128769,-0.129463498687712,0.0639664465882266,-0.0608260758732728,0.19681705805998,0.0435247815968282,-0.115373468817355,-0.0170333192459057,0.184996844377628,0.0164223287883039,0.00820484951836448,0.196233273227857,-0.0435513185805734,0.185633503393269
0.8,0.171001672895106,0.0353688926750454,-0.0992392537042531,-0.0158515977969319,-0.0649197490297856,-0.0547926904887952,-0.00644323972051479,0.00656217267946177,0.160256606263805,0.0162837510324136,0.00648205620681011,-0.0547926904887966,-0.049202887620599,-0.00697894213572587,-0.113595623031618,0.171488928911688,-0.0353832268681638,-0.00644323972051941,-0.00697894213572662,-0.0652655545625753,0.0548066309145389,0.159807238483423,0.00656217267946112,-0.113595623031619,0.0548066309145371,-0.0488458653069399,0.171001672895098,0.0353688926750445,-0.0992392537042536,-0.0158515977969321,0.160256606263803,0.0162837510324135,0.00648205620680998,0.171488928911694,-0.0353832268681634,0.159807238483421
0.85,0.143957664435118,0.0270985916057075,-0.0816287378761579,-0.0148372699790799,-0.0542607789964295,-0.0456426294648384,-0.00771697026658667,0.00466646237155584,0.132889666584143,0.0149559728472679,0.00559686706110949,-0.0456426294648389,-0.0376275431917288,-0.00478263226456088,-0.0962361667655629,0.144088178599101,-0.0270958037854614,-0.00771697026658986,-0.00478263226456102,-0.0543391322217319,0.0456441193775399,0.132756950900613,0.00466646237155631,-0.0962361667655641,0.0456441193775396,-0.0375290567354561,0.143957664435114,0.0270985916057062,-0.0816287378761568,-0.0148372699790805,0.132889666584144,0.014955972847267,0.0055968670611099,0.144088178599103,-0.0270958037854619,0.132756950900612
0.9,0.118810120081111,0.0203738599179616,-0.0640154700703966,-0.0140273728101901,-0.0460400842975086,-0.0385353215553062,-0.00853474883495811,0.00268263760839502,0.108016174439414,0.0140722309427014,0.00523667352471431,-0.0385353215553088,-0.0283812009130834,-0.00268372483025153,-0.0788196696277651,0.118993257893967,-0.0204203502281667,-0.00853474883496229,-0.00268372483025086,-0.0460612413270159,0.0385662715953304,0.107936965231039,0.00268263760839482,-0.0788196696277654,0.0385662715953306,-0.0284190966547699,0.118810120081107,0.0203738599179617,-0.0640154700703926,-0.0140273728101911,0.108016174439412,0.014072230942703,0.00523667352471388,0.118993257893972,-0.0204203502281685,0.107936965231038
0.95,0.0941413505484515,0.0143280833121365,-0.046015386186151,-0.0132897357642007,-0.0394301988784465,-0.0323963573671588,-0.00878602195006926,-0.000278748950185826,0.0845693225458749,0.0138136616544475,0.00590577237115892,-0.0323963573671592,-0.0202524581826263,-0.000203654254442602,-0.060880748743401,0.0946806051598785,-0.0142364860353011,-0.00878602195006796,-0.000203654254442342,-0.0394435841328202,0.0324005059967875,0.0838528613932391,-0.000278748950184908,-0.0608807487434018,0.0324005059967881,-0.0199048290954406,0.0941413505484521,0.0143280833121348,-0.0460153861861515,-0.0132897357642009,0.0845693225458768,0.0138136616544453,0.00590577237115955,0.0946806051598788,-0.0142364860353016,0.0838528613932414
