0.03,0.03,0.0132932940717006,0.00539469540879099,-0.00982794454950866,0.000427475440559207,-0.00134898353320755,0.00086880429575835,-0.000738509810088756,0.000272690247826757,0.0130765764885397,-0.000418000904279812,-4.99665309923789e-05,0.000868804295771377,-0.000607336754370739,-0.000279497938418065,-0.0102915953871093,0.013265928639416,-0.00539363010213608,-0.000738509810109027,-0.000279497938420459,-0.00136423381576997,-0.000872903243580621,0.0131164051669192,0.000272690247821649,-0.0102915953871094,-0.000872903243565832,-0.000589748880639336,0.0132932940717245,0.00539469540878963,-0.00982794454949997,0.000427475440566474,0.0130765764885353,-0.000418000904265307,-4.99665309858594e-05,0.0132659286394036,-0.00539363010215214,0.0131164051669303
0.03,0.08,0.0221826123755024,0.0121525941852444,-0.00816237723998891,-0.00073071058444405,-0.011900067896613,-0.00861653332750042,-0.000769877232582936,-0.00133853477273336,0.0200934981084122,0.00073557762961684,0.000786983758997406,-0.00861653332750671,-0.00835180158912621,0.00133259338022203,-0.0124248180229985,0.0221697622533314,-0.0121531027192003,-0.000769877232573272,0.00133259338024118,-0.0119005824533659,0.00861513553732828,0.0201089022081361,-0.00133853477273791,-0.0124248180230014,0.00861513553734638,-0.00835044392398094,0.0221826123754928,0.0121525941852296,-0.00816237723999188,-0.000730710584429918,0.0200934981084228,0.000735577629615068,0.000786983758992557,0.022169762253328,-0.0121531027192,0.0201089022081545
0.03,0.13,0.0321757539100436,0.0203225427897986,-0.00859619202065517,-6.34497625475037e-05,-0.0222610871325856,-0.0187503987901223,-0.000876439745313892,-0.00151718680443799,0.0287970166773913,6.96622534734558e-05,0.0023586622920708,-0.0187503987901364,-0.0175106002253938,0.00151025710348661,-0.0136453246256313,0.0321674371808698,-0.0203226975109931,-0.000876439745306036,0.00151025710347323,-0.0222565332272105,0.0187511994628049,0.02880224795071,-0.00151718680442086,-0.0136453246256233,0.0187511994628003,-0.0175153323513647,0.0321757539100703,0.0203225427898136,-0.00859619202065509,-6.34497625577656e-05,0.0287970166773566,6.96622534577976e-05,0.00235866229210584,0.0321674371808598,-0.0203226975109681,0.0288022479506693
0.03,0.18,0.0424901859465073,0.0286798186042769,-0.0099385546123491,0.000797552991586867,-0.0321076475147063,-0.0286710664700889,-0.000389624122245274,-0.00184866491618796,0.0382870881062926,-0.000794160751532618,0.00386111291633735,-0.0286710664701043,-0.0268410235560206,0.00184605575135434,-0.0152637096563943,0.0424795611340261,-0.0286794428480989,-0.000389624122242683,0.0018460557513434,-0.0321071812745279,0.0286685593542289,0.0383046855105623,-0.00184866491618936,-0.015263709656402,0.028668559354217,-0.0268407365676413,0.0424901859465148,0.0286798186042886,-0.00993855461234089,0.000797552991567707,0.0382870881062782,-0.00079416075153646,0.00386111291636634,0.0424795611340247,-0.0286794428480949,0.0383046855105563
0.03,0.23,0.0531776187927124,0.0370293372619446,-0.0120523829955252,0.00168135203715424,-0.0416311720507555,-0.0383030965174393,0.000520355342430264,-0.00233164392876777,0.0484643724598049,-0.00168350006832955,0.00534221040750077,-0.0383030965174366,-0.0361861013066107,0.00233349973886652,-0.0174576570557605,0.0531820720056578,-0.0370295197896778,0.000520355342444402,0.00233349973884416,-0.0416325536910789,0.038303702228712,0.0484583420216288,-0.00233164392875661,-0.0174576570557529,0.0383037022287019,-0.0361849028222831,0.0531776187927229,0.037029337261977,-0.0120523829955199,0.00168135203713077,0.0484643724597789,-0.00168350006832863,0.00534221040752992,0.0531820720056644,-0.0370295197896738,0.048458342021596
0.03,0.28,0.0648682025287319,0.0455951987640031,-0.0152135227543371,0.00259997081179996,-0.0513545241081126,-0.0480060242392078,0.00185310524923033,-0.00293808623283495,0.0598219983043848,-0.00260514850265193,0.00697168481185931,-0.0480060242392089,-0.0459319339729802,0.00294285350856444,-0.0205764784988679,0.0648784006391216,-0.045595452285807,0.00185310524925055,0.0029428535085138,-0.0513585683863548,0.0480066907639287,0.0598097234143364,-0.00293808623281733,-0.020576478498861,0.0480066907638947,-0.045927886761205,0.0648682025286921,0.0455951987640622,-0.0152135227543323,0.00259997081176334,0.0598219983043485,-0.0026051485026434,0.00697168481192062,0.0648784006391656,-0.045595452285807,0.0598097234142896
0.03,0.33,0.0773897891030842,0.0540472309314148,-0.0194579980871145,0.00346001210823724,-0.0611692153038311,-0.057445997243336,0.00356366644879454,-0.00357225947221774,0.0721451231388389,-0.00347273462158002,0.00883595208703858,-0.0574459972433461,-0.0558550251846186,0.00358378462018586,-0.0247300801159774,0.0774219923258008,-0.0540475619127435,0.0035636664488119,0.00358378462014407,-0.0611820245823673,0.0574471135164421,0.0721061825391883,-0.0035722594722132,-0.0247300801159886,0.0574471135164047,-0.0558406422691758,0.0773897891030427,0.0540472309314678,-0.0194579980871099,0.00346001210819406,0.0721451231387925,-0.00347273462157111,0.008835952087085,0.0774219923258515,-0.0540475619127541,0.072106182539146
0.03,0.38,0.0908854450093036,0.0622924677631706,-0.0248918347103549,0.00421793071744692,-0.071216258663833,-0.066557025676044,0.00570585483872899,-0.00417283265171479,0.0854555086394889,-0.00421666390329401,0.0110649565323439,-0.0665570256760519,-0.0660075579561679,0.00417155371277215,-0.0300547083805929,0.0908855841587022,-0.0622923688402433,0.00570585483876463,0.00417155371273493,-0.0712164033174608,0.0665569406074562,0.0854553245099858,-0.00417283265170674,-0.0300547083805978,0.0665569406074241,-0.0660073502487086,0.0908854450092764,0.0622924677632301,-0.0248918347103563,0.00421793071741451,0.0854555086394767,-0.00421666390329195,0.0110649565323942,0.0908855841587271,-0.0622923688402284,0.0854553245099523
0.03,0.43,0.105452372068856,0.0702704972455224,-0.03161894225131,0.00479999996690977,-0.0816070461806664,-0.0752839232559052,0.00835678495555018,-0.00465585710722686,0.0998901264296995,-0.0047919907488681,0.013771006056988,-0.0752839232558905,-0.0764947767471582,0.00464870860225383,-0.0366737408248742,0.105422969105871,-0.070270098418187,0.0083567849556009,0.00464870860220011,-0.0815953993516802,0.0752832594864293,0.0999253284430383,-0.0046558571072407,-0.0366737408248727,0.0752832594863876,-0.076508259843215,0.105452372068828,0.0702704972455861,-0.031618942251327,0.00479999996686659,0.0998901264296429,-0.0047919907488613,0.0137710060570778,0.105422969105854,-0.0702700984181828,0.0999253284429728
0.03,0.48,0.121212432892343,0.0779445296324538,-0.0397628632083821,0.00515379191572313,-0.0924324146903679,-0.0835817478151624,0.0115916853985546,-0.0049633091004746,0.115625555242784,-0.00514417841782432,0.0170401587407903,-0.083581747815171,-0.0874187033421899,0.0049532853272042,-0.0447260622744434,0.121212243754663,-0.0779447121716898,0.0115916853986363,0.00495328532712345,-0.0924345237121612,0.0835821062606284,0.115623069990997,-0.00496330910043832,-0.0447260622744273,0.083582106260583,-0.0874163018238986,0.121212432892288,0.0779445296325608,-0.0397628632083848,0.00515379191566675,0.115625555242771,-0.00514417841783087,0.0170401587408623,0.121212243754719,-0.07794471217165,0.115623069990939
0.03,0.53,0.138317676491012,0.0852820163214803,-0.0493986712312057,0.00523901052717283,-0.103751885725593,-0.0914139697195436,0.0154338610318672,-0.00504603309922963,0.132683673633533,-0.00523052173223292,0.0208997576056043,-0.0914139697195468,-0.0987749770548776,0.00503778545995313,-0.0543012105118989,0.138295639379682,-0.085281659258811,0.0154338610319388,0.00503778545988772,-0.103743316282329,0.0914136174708808,0.132708185592643,-0.00504603309921279,-0.0543012105118842,0.0914136174708381,-0.0987844677962332,0.138317676490973,0.085282016321576,-0.049398671231202,0.00523901052711841,0.132683673633497,-0.00523052173222372,0.020899757605661,0.138295639379723,-0.0852816592587844,0.132708185592572
0.03,0.58,0.155332264280734,0.0920570433506691,-0.0593140703550744,0.00500934825015772,-0.114918923691388,-0.0985073928614216,0.0194582871993591,-0.00484482712397036,0.149712273407717,-0.00500530799927784,0.0249284398709735,-0.0985073928614366,-0.109960775205187,0.00484089483583251,-0.0641919026303824,0.155320641374152,-0.0920568306265053,0.0194582871994307,0.0048408948357457,-0.114914942053278,0.0985071837321708,0.149725184763662,-0.00484482712394354,-0.064191902630379,0.0985071837321025,-0.109965213529927,0.155332264280635,0.0920570433507606,-0.0593140703550865,0.00500934825009149,0.149712273407667,-0.00500530799929323,0.0249284398710559,0.155320641374238,-0.0920568306264828,0.149725184763613
0.03,0.63,0.175155328930021,0.0988894630496481,-0.0718565936836815,0.00451925121612912,-0.127319235816711,-0.105539915923279,0.0244934696375318,-0.00442642647522747,0.169651155075506,-0.00452776969993308,0.0299194482796039,-0.105539915923294,-0.122378977664862,0.00443471197427362,-0.0767282204688609,0.17518863583562,-0.0988899941445814,0.0244934696376336,0.0044347119742017,-0.127331674226525,0.105540430206828,0.169613634539311,-0.00442642647521461,-0.0767282204688581,0.105540430206762,-0.122364977029236,0.175155328929958,0.0988894630497561,-0.0718565936836888,0.00451925121607183,0.169651155075462,-0.0045277696999406,0.0299194482796808,0.175188635835667,-0.0988899941445394,0.169613634539233
0.03,0.68,0.196829549414756,0.105498991803443,-0.0862879709557869,0.00376616678741343,-0.140339091490927,-0.112188247866351,0.0301900519140444,-0.00378315560060159,0.191427372986114,-0.0037728864658313,0.0355324426382547,-0.112188247866351,-0.135369178040506,0.00378983675231078,-0.0911849041089534,0.196845113256581,-0.105499143856073,0.0301900519141295,0.00378983675224935,-0.14034263882412,0.112188400914788,0.191410545434952,-0.00378315560061281,-0.091184904108945,0.112188400914724,-0.135364958621662,0.19682954941469,0.105498991803539,-0.0862879709557945,0.00376616678736178,0.191427372986062,-0.00377288646583512,0.0355324426383421,0.196845113256611,-0.105499143856051,0.191410545434901
0.08,0.03,0.0368323973144624,0.00711867231739944,-0.0339275510033166,0.00118097174015464,-0.00335551532647839,0.00100908569347538,0.00115001746224422,5.71421727428612e-05,0.0375090758938688,-0.00118121289792354,0.00113149397094963,0.00100908569349572,-0.00290165551492252,-5.71549796828114e-05,-0.0344146115391553,0.0368319474683729,-0.00711864157176401,0.00115001746223896,-5.71549796714796e-05,-0.00335553915243281,-0.00100873654963711,0.0375086125731163,5.71421727352262e-05,-0.0344146115391479,-0.00100873654961673,-0.00290186286833467,0.0368323973145004,0.00711867231740202,-0.0339275510033095,0.00118097174015921,0.0375090758938635,-0.00118121289790808,0.00113149397094636,0.0368319474683443,-0.00711864157176856,0.0375086125731114
0.08,0.08,0.0467170813485755,0.0154837924435607,-0.0333415713820188,-0.000229196426192319,-0.0134009234963054,-0.00776649893516974,0.00131002472348227,-0.00162628190762015,0.0465138937968398,0.000229016839129227,0.00146158565878722,-0.00776649893517268,-0.0105748390684428,0.00162650441032687,-0.0368758459709405,0.0467170043862532,-0.0154836133847186,0.00131002472348281,0.00162650441031239,-0.0134014548198221,0.00776605508133029,0.0465152381639147,-0.00162628190760983,-0.0368758459709316,0.00776605508132714,-0.0105740952755759,0.0467170813485846,0.0154837924435862,-0.0333415713820053,-0.000229196426207869,0.0465138937968308,0.000229016839124646,0.00146158565880232,0.0467170043862561,-0.0154836133847083,0.0465152381638854
0.08,0.13,0.0577335141950664,0.0244186237019189,-0.0340731728944138,-0.000337036035007137,-0.0240515219094223,-0.0177420628585597,0.00162999035649969,-0.00251038540089329,0.056580585597058,0.00033591061822833,0.00258287125258723,-0.0177420628585594,-0.0198206940653714,0.00251146847571411,-0.0391237138261258,0.0577316323606192,-0.0244180580825083,0.00162999035652905,0.00251146847569001,-0.0240523241960185,0.0177409909090463,0.0565845145863573,-0.00251038540088899,-0.0391237138261191,0.0177409909090173,-0.0198191769225062,0.0577335141950531,0.0244186237019461,-0.0340731728944057,-0.000337036035029882,0.0565805855970195,0.000335910618230356,0.00258287125262789,0.0577316323606582,-0.0244180580825092,0.0565845145863137
0.08,0.18,0.0689884283459385,0.0329710889354996,-0.0359740063228089,0.000177020709658756,-0.0343039684453201,-0.0277374923779781,0.00216374291319946,-0.00307725871807187,0.0670487536702067,-0.000172631874839674,0.0040020611570967,-0.0277374923779851,-0.0292978512829027,0.003072923680761,-0.0416686020197216,0.0689946649691795,-0.0329721431112992,0.00216374291319342,0.00307292368076135,-0.034304161921162,0.0277393422187134,0.0670396876587199,-0.00307725871807248,-0.0416686020197215,0.0277393422187239,-0.0292985950033913,0.0689884283459544,0.032971088935506,-0.0359740063227983,0.00017702070965505,0.0670487536702279,-0.000172631874843373,0.00400206115712359,0.0689946649691679,-0.0329721431112981,0.0670396876587403
0.08,0.23,0.0806063649137845,0.0411077799726561,-0.038859615209518,0.000868155823942275,-0.0441693752698832,-0.0374875357513665,0.00292032151921383,-0.00350265536261666,0.0779873605783487,-0.00086685727127492,0.00556276214646538,-0.0374875357513689,-0.038747301643807,0.00350112781799144,-0.0447871508865526,0.0806082690420372,-0.0411083174821796,0.0029203215192356,0.00350112781797335,-0.0441695831863359,0.0374886368819726,0.0779836988874763,-0.00350265536261467,-0.0447871508865522,0.0374886368819443,-0.0387481385100913,0.0806063649138019,0.0411077799726983,-0.0388596152094985,0.000868155823913298,0.0779873605783213,-0.000866857271269944,0.00556276214651167,0.0806082690420439,-0.0411083174821761,0.0779836988874385
0.08,0.28,0.0936291871723624,0.0493540866403236,-0.0432199318139906,0.00164209176653729,-0.0543265916251242,-0.0474205337873055,0.00412375028826721,-0.0038854647763606,0.0905000838307886,-0.0016357653523222,0.0073847297014026,-0.0474205337873075,-0.0487668908331693,0.00387855838676769,-0.0491113090858451,0.0936370109736549,-0.0493549262658182,0.00412375028830724,0.00387855838674516,-0.0543293017465757,0.0474225130596638,0.0904877208087793,-0.00388546477635449,-0.0491113090858485,0.047422513059634,-0.0487653012705822,0.0936291871723726,0.0493540866403682,-0.0432199318139769,0.00164209176649907,0.0905000838307499,-0.00163576535231885,0.00738472970143056,0.0936370109736907,-0.0493549262658288,0.0904877208087393
0.08,0.33,0.107719654317863,0.0573908416588127,-0.0488849633817517,0.00230774122157848,-0.0645051282824655,-0.0570079562651383,0.00572713419410079,-0.00418008701211405,0.104178300079633,-0.00230823476305379,0.0094407065553536,-0.0570079562651745,-0.0589321061182336,0.00418088959111321,-0.0546625907616847,0.107719018694667,-0.0573907606647468,0.00572713419412843,0.00418088959108472,-0.0645054140701889,0.0570074815215947,0.104180549579806,-0.00418008701209348,-0.0546625907616851,0.0570074815215796,-0.058931607309645,0.107719654317828,0.0573908416588441,-0.0488849633817359,0.00230774122156236,0.104178300079655,-0.00230823476305169,0.00944070655538119,0.107719018694716,-0.0573907606647263,0.104180549579798
0.08,0.38,0.122978079177227,0.0651875670634827,-0.0559271452124935,0.00279232762939688,-0.0748678375897023,-0.0661662746817198,0.00782332731283424,-0.00435194337263587,0.119117641572488,-0.00280308577316713,0.0118566154797666,-0.0661662746817284,-0.0693388988780993,0.00436365479984931,-0.0615746032358871,0.122965730523632,-0.0651869735815239,0.00782332731290153,0.00436365479977075,-0.0748615283253608,0.0661644956428176,0.119136031372885,-0.004351943372619,-0.0615746032358778,0.0661644956427577,-0.0693448735184366,0.122978079177174,0.0651875670635741,-0.0559271452124813,0.00279232762932929,0.119117641572444,-0.0028030857731636,0.0118566154798472,0.122965730523702,-0.0651869735815062,0.119136031372809
0.08,0.43,0.139513028856762,0.0727293979270687,-0.0644445778323118,0.00306164617382902,-0.0855939720404389,-0.0748564997316075,0.0105296925428763,-0.00437747433425881,0.135451212064169,-0.00305363913763353,0.014784892228055,-0.0748564997316291,-0.0801503752433657,0.00436885025096573,-0.0699719113801334,0.139522243130958,-0.0727300949521849,0.0105296925429518,0.00436885025089153,-0.0855995961225086,0.0748578709337281,0.135438558728189,-0.00437747433422801,-0.0699719113801172,0.0748578709336902,-0.0801455047417418,0.139513028856708,0.0727293979271398,-0.0644445778323091,0.00306164617378332,0.135451212064173,-0.00305363913765085,0.0147848922280995,0.139522243131002,-0.0727300949521406,0.135438558728153
0.08,0.48,0.157512389749902,0.0800323872440436,-0.0745558879090722,0.00305887862275316,-0.0968999733773781,-0.0830831346849241,0.0139736939317234,-0.00419784433771265,0.153272595469096,-0.00306201596998574,0.0183796237351459,-0.0830831346849313,-0.0915243276568376,0.00420120217028356,-0.0799844545200517,0.157508764012702,-0.0800320122032301,0.0139736939317776,0.00420120217022167,-0.096897547393408,0.0830825413918892,0.153277358938992,-0.0041978443376933,-0.0799844545200269,0.0830825413918513,-0.0915262857234073,0.157512389749877,0.0800323872441219,-0.0745558879090759,0.00305887862272288,0.153272595469099,-0.00306201596998243,0.0183796237351948,0.157508764012726,-0.0800320122031889,0.153277358938933
0.08,0.53,0.176715060488189,0.0870460507822087,-0.0860517841225948,0.00280718735941231,-0.108738528427426,-0.0908061040707474,0.0181298189582113,-0.003829934864557,0.172358140344513,-0.00280827188962394,0.022646265109062,-0.0908061040707561,-0.103419018071733,0.00383108330256952,-0.0914174888863174,0.176713808319441,-0.0870458828402304,0.0181298189583066,0.00383108330247716,-0.108737594902669,0.0908058780833006,0.172359695400064,-0.00382993486454628,-0.0914174888863128,0.0908058780832209,-0.103419718294554,0.176715060488105,0.0870460507823091,-0.0860517841225888,0.00280718735933495,0.172358140344439,-0.00280827188962055,0.022646265109146,0.176713808319508,-0.0870458828402073,0.172359695399969
0.08,0.58,0.194688296725493,0.0933843867827481,-0.0968575922513198,0.00230841011218101,-0.119941465474593,-0.0976398298862352,0.0221807997870585,-0.00325965450049467,0.190247564604941,-0.00229216404567789,0.0267985026038773,-0.0976398298862479,-0.114647015879928,0.00324288788411328,-0.102212933370256,0.194705721904941,-0.0933851525032751,0.0221807997871524,0.00324288788403742,-0.119954328828648,0.097641068886901,0.190225437213612,-0.00325965450048836,-0.102212933370252,0.0976410688868304,-0.114634277407525,0.194688296725428,0.0933843867828467,-0.0968575922513279,0.00230841011212404,0.190247564604906,-0.0022921640456913,0.0267985026039525,0.194705721904987,-0.0933851525032381,0.190225437213551
0.08,0.63,0.216175510575617,0.100124242045042,-0.110767152847782,0.00161092948812,-0.132944904594017,-0.10465513399661,0.0276129010548851,-0.00254300298966521,0.211701371321207,-0.00160355746797891,0.0322598080419301,-0.104655133996625,-0.127675493271688,0.00253547605663257,-0.116104604276545,0.216183345578986,-0.100124637783302,0.0276129010549354,0.00253547605657184,-0.132951130766901,0.104655663683141,0.211691908078332,-0.00254300298963923,-0.116104604276542,0.104655663683081,-0.127669462268517,0.216175510575544,0.100124242045127,-0.110767152847776,0.00161092948806527,0.211701371321179,-0.0016035574679804,0.0322598080419912,0.216183345579091,-0.100124637783298,0.211691908078289
0.08,0.68,0.239130877947188,0.106867899917883,-0.12617576457881,0.000793799350032338,-0.146641336214687,-0.111452572875098,0.033755954460268,-0.0017517742200335,0.234687590630319,-0.000785232020926986,0.0383919096018622,-0.11145257287511,-0.141396289299357,0.0017431345602549,-0.131515596995357,0.239139826745885,-0.106868105675212,0.0337559544603711,0.00174313456016068,-0.146648627182954,0.111452843208653,0.234677147523002,-0.00175177422000905,-0.131515596995345,0.111452843208566,-0.141388794859964,0.239130877947104,0.106867899918005,-0.126175764578811,0.000793799349950863,0.234687590630251,-0.000785232020934852,0.0383919096019452,0.239139826745981,-0.106868105675184,0.234677147522904
0.13,0.03,0.0594800774731633,0.00866836976135869,-0.0564461168628445,0.00221320493319195,-0.00733960114735365,-0.00053460272268817,0.00471259266686206,-0.000663436208132335,0.0608139524373001,-0.00221285600085153,0.00406815088364956,-0.000534602722676831,-0.0071519901568536,0.000663120263812653,-0.0568271538385725,0.0594806980113478,-0.00866841669213192,0.00471259266685342,0.000663120263789941,-0.00733943959701616,0.000534571854617037,0.0608134639863896,-0.000663436208132195,-0.056827153838558,0.000534571854598306,-0.0071519455436019,0.0594800774731395,0.00866836976137373,-0.0564461168628383,0.00221320493317926,0.0608139524372916,-0.00221285600082832,0.00406815088368008,0.0594806980113711,-0.00866841669213317,0.0608134639863595
0.13,0.08,0.0700565533538958,0.0178997907078054,-0.056518705732073,0.00104954283074604,-0.0175638690778461,-0.00964967327459882,0.00477195567236564,-0.00184270414863846,0.0707939710189501,-0.00105057183269651,0.0043643162989879,-0.00964967327461656,-0.0156422286821063,0.00184357652114896,-0.0589836608705849,0.0700550238188453,-0.0178994762948496,0.00477195567240542,0.00184357652113174,-0.0175642413095753,0.0096494758115527,0.0707959706983477,-0.00184270414862138,-0.0589836608705758,0.00964947581151867,-0.0156421148266996,0.0700565533538817,0.0178997907078413,-0.0565187057320665,0.00104954283071915,0.0707939710189426,-0.00105057183269603,0.00436431629901078,0.0700550238188889,-0.0178994762948338,0.0707959706983272
0.13,0.13,0.0819291278618923,0.0276602183241769,-0.0575967324202526,0.000701974180279755,-0.0286434741813887,-0.0198054575929664,0.00518597406047345,-0.00278236972518611,0.0819423789748574,-0.000701156691675696,0.00532355959331027,-0.0198054575929575,-0.0254045870567812,0.00278172699392707,-0.0615456179782169,0.081930473275629,-0.0276604596921355,0.00518597406047822,0.00278172699393541,-0.0286437901260918,0.0198055175804018,0.0819415240849845,-0.00278236972519238,-0.0615456179782138,0.019805517580408,-0.0254042758442853,0.0819291278619554,0.0276602183241898,-0.0575967324202435,0.000701974180282654,0.0819423789748564,-0.000701156691663565,0.00532355959334701,0.0819304732755902,-0.0276604596921439,0.0819415240849772
0.13,0.18,0.0944081508321684,0.0369938046044226,-0.0600361925223494,0.000903419271947054,-0.0395258960596379,-0.030017436691088,0.00593850501239698,-0.00348568333534515,0.0937615920242163,-0.000903075246764583,0.00669421295735967,-0.0300174366910646,-0.0354579735361714,0.00348537453934841,-0.064820288802139,0.094408616772403,-0.0369939782709171,0.00593850501243953,0.00348537453928939,-0.0395260006170239,0.0300176219208059,0.0937609327197596,-0.00348568333535666,-0.0648202888021242,0.0300176219207553,-0.0354580607152252,0.0944081508321617,0.0369938046044878,-0.0600361925223288,0.000903419271890813,0.0937615920241486,-0.0009030752467439,0.00669421295743955,0.0944086167724313,-0.0369939782709298,0.09376093271968
0.13,0.23,0.106762997932456,0.0454946923818209,-0.0632344583632916,0.00124452431826179,-0.04956136476381,-0.039596811259714,0.00664189174519959,-0.00396109938278509,0.10550088881943,-0.00123397698631978,0.00805776424170393,-0.0395968112597042,-0.0449336185770982,0.00395119026494427,-0.0685305209896849,0.106777050772744,-0.0454970094536129,0.00664189174523538,0.00395119026485509,-0.0495672058921492,0.0395990582530266,0.105485568803903,-0.00396109938277321,-0.068530520989659,0.0395990582529693,-0.0449294858124781,0.106762997932412,0.0454946923819015,-0.0632344583632716,0.00124452431820729,0.105500888819387,-0.00123397698629653,0.00805776424180911,0.106777050772812,-0.0454970094536131,0.105485568803803
0.13,0.28,0.120906983000505,0.0540248557235454,-0.0682218712869455,0.00166904211976188,-0.060089977141052,-0.0494891276610231,0.00780619207273277,-0.00427885296179244,0.119068154481812,-0.00167355465610448,0.00982682513570366,-0.0494891276610432,-0.0551500230480837,0.00428349630213142,-0.0737178089013676,0.120901195178899,-0.0540240437063865,0.0078061920728102,0.00428349630207442,-0.0600878140988429,0.0494878567973849,0.119076407055969,-0.00427885296176736,-0.0737178089013577,0.0494878567973318,-0.0551513687225466,0.120906983000463,0.0540248557236281,-0.0682218712869228,0.00166904211970008,0.119068154481796,-0.00167355465611056,0.00982682513575397,0.120901195178985,-0.0540240437063756,0.119076407055927
0.13,0.33,0.136368217004802,0.0622248670650123,-0.0748016745052888,0.00199945177771768,-0.0707286832850968,-0.0591027749121525,0.00938866106626526,-0.00439765248334536,0.134047365479971,-0.00201343257767021,0.0119234154723259,-0.0591027749121554,-0.0656442814168539,0.00441169238163685,-0.0803285369152474,0.136351279998699,-0.0622232313278011,0.00938866106633554,0.00441169238155384,-0.0707192665514274,0.0591006344171228,0.134067613975696,-0.00439765248334846,-0.0803285369152356,0.0591006344170527,-0.0656524523868829,0.136368217004782,0.0622248670651128,-0.0748016745052702,0.00199945177764432,0.134047365479931,-0.00201343257765826,0.0119234154724286,0.136351279998731,-0.0622232313277879,0.134067613975626
0.13,0.38,0.153180394742183,0.0700956096369991,-0.0829708771987596,0.00215484679936668,-0.0816256578526865,-0.0683208292485448,0.0115204029264334,-0.00431548752063042,0.150492848946937,-0.00215302176238535,0.0144708710256192,-0.068320829248548,-0.0765104022161512,0.00431360958929293,-0.0884514605870747,0.153182613169047,-0.0700959012464134,0.0115204029265199,0.00431360958922161,-0.0816270650541173,0.068321219353501,0.150490195244714,-0.0043154875206195,-0.0884514605870734,0.0683212193534307,-0.0765093803269035,0.153180394742123,0.0700956096370836,-0.0829708771987435,0.00215484679928936,0.150492848946882,-0.00215302176238635,0.0144708710256997,0.153182613169117,-0.0700959012464051,0.150490195244642
0.13,0.43,0.171470699003626,0.0776920130711942,-0.0927695870602554,0.00207240272263737,-0.0930411841472755,-0.0771225189083244,0.0143786923904268,-0.00400927890662776,0.168473723105651,-0.00207032630671167,0.017652581041081,-0.0771225189083668,-0.0879363219744352,0.00400722348261824,-0.0981776330538599,0.171472973227188,-0.077692001092357,0.0143786923905617,0.00400722348251854,-0.0930426921793643,0.0771225058802152,0.168471116836367,-0.00400927890658496,-0.0981776330538462,0.0771225058801244,-0.0879345681113237,0.171470699003535,0.0776920130713089,-0.0927695870602435,0.00207240272255154,0.168473723105606,-0.00207032630673575,0.017652581041152,0.171472973227282,-0.0776920010923012,0.168471116836294
0.13,0.48,0.191183895711094,0.0850531168132209,-0.104123110341981,0.00175307872615252,-0.105137027380598,-0.085498264798738,0.0180858083972734,-0.0035008993212365,0.187943523764444,-0.00175262434399401,0.0216074648792948,-0.0854982647987394,-0.100058444131672,0.00350045071866257,-0.109464515951119,0.191184360356599,-0.0850530709090944,0.018085808397386,0.00350045071854183,-0.10513731278403,0.0854982166180065,0.187942935458991,-0.00350089932122286,-0.109464515951109,0.0854982166178936,-0.100058020342008,0.191183895711009,0.0850531168133614,-0.104123110341971,0.00175307872604196,0.187943523764375,-0.0017526243439893,0.02160746487944,0.191184360356699,-0.0850530709090849,0.187942935458893
0.13,0.53,0.212209333486786,0.0922531675579471,-0.116897545136276,0.00123635110695268,-0.118005189156138,-0.0934931541758859,0.0226938509592306,-0.00283879371779161,0.208788109535567,-0.00123458499384541,0.0264030370208024,-0.0934931541759258,-0.112953151800807,0.0028369967958561,-0.122194668022444,0.212211305495301,-0.0922533106966734,0.0226938509593718,0.00283699679574488,-0.118006690585078,0.0934933369048909,0.208785862291519,-0.00283879371776277,-0.122194668022426,0.0934933369048149,-0.112951792812369,0.212209333486688,0.0922531675580733,-0.116897545136268,0.00123635110687757,0.208788109535575,-0.00123458499386175,0.026403037020904,0.212211305495391,-0.0922533106966147,0.208785862291467
0.13,0.58,0.231536155529885,0.0988099541768157,-0.128588223998999,0.000561551575805858,-0.130121942863866,-0.100610253676329,0.0271738038224228,-0.00206865599555429,0.227968221403501,-0.00055625939811104,0.0310408581201574,-0.100610253676349,-0.125062452523949,0.00206329404186514,-0.133891535768288,0.23154193201586,-0.0988102776576558,0.0271738038225113,0.00206329404176882,-0.130126468290175,0.100610664025116,0.227961620943216,-0.0020686559955397,-0.133891535768282,0.100610664025045,-0.125058170615449,0.231536155529774,0.0988099541768996,-0.128588223998994,0.000561551575723457,0.227968221403438,-0.000556259398123942,0.0310408581202207,0.231541932015956,-0.0988102776576247,0.227961620943143
0.13,0.63,0.253358145412855,0.105760977531503,-0.142430282279055,-0.000193266495440715,-0.143719134764802,-0.107945627396466,0.0327925429678021,-0.00124645411254869,0.249702300295904,0.000205625830790972,0.036767769972936,-0.1079456273965,-0.138667012098204,0.00123403106384948,-0.147741095245333,0.253371463246512,-0.105761572516823,0.0327925429679359,0.00123403106372461,-0.143729995095335,0.107946312903747,0.249687648625439,-0.00124645411249182,-0.147741095245302,0.107946312903658,-0.138656473402062,0.253358145412732,0.105760977531642,-0.142430282279042,-0.000193266495533479,0.249702300295868,0.000205625830780292,0.03676776997302,0.253371463246643,-0.105761572516764,0.249687648625332
0.13,0.68,0.276790681120813,0.113047252536537,-0.157683702429755,-0.000985656346646487,-0.158393207077976,-0.115372158580747,0.0392922245657216,-0.000425555820487768,0.273058583398723,0.000957494727855974,0.0433185062957847,-0.115372158580759,-0.153315356381113,0.000453913633802041,-0.163007406248783,0.276760751083548,-0.113045983640302,0.0392922245658176,0.000453913633686525,-0.15836829933856,0.115370649542762,0.273092096914406,-0.000425555820461896,-0.163007406248766,0.115370649542673,-0.153339625077077,0.276790681120715,0.113047252536678,-0.157683702429733,-0.000985656346752455,0.273058583398686,0.000957494727862072,0.0433185062959364,0.276760751083698,-0.113045983640314,0.273092096914349
0.18,0.03,0.0817600512353228,0.0113206979338195,-0.0777239887596163,0.00349484017454417,-0.0131876351260793,-0.00288970348597774,0.00945974001962545,-0.00163639965110967,0.0837083444013712,-0.00349517001568004,0.0082442482233136,-0.00288970348597884,-0.0131656613238787,0.00163673823721485,-0.0780135140021092,0.0817595141305619,-0.0113206301036353,0.00945974001961953,0.0016367382372051,-0.0131876850365103,0.00288964319890156,0.0837089592929077,-0.00163639965109874,-0.0780135140020959,0.00288964319890216,-0.0131656815221901,0.0817600512353206,0.0113206979338341,-0.0777239887596073,0.00349484017453309,0.083708344401368,-0.0034951700156706,0.00824424822332978,0.0817595141305796,-0.0113206301036371,0.0837089592928929
0.18,0.08,0.0931030563638546,0.0213225457636578,-0.0780023357764114,0.00231930216536359,-0.0238915632012323,-0.0126915824605659,0.00931403880078571,-0.00236318049794528,0.0945922939148587,-0.00231729450844923,0.00833812264255105,-0.0126915824605645,-0.0225668972659246,0.00236148761361205,-0.0798280769775442,0.093105992437247,-0.0213228200428693,0.00931403880080395,0.0023614876136148,-0.0238920945988319,0.0126914820385843,0.0945898105401063,-0.00236318049794003,-0.0798280769775314,0.0126914820385896,-0.0225658567100076,0.0931030563638563,0.0213225457636636,-0.0780023357764026,0.00231930216536643,0.0945922939148593,-0.00231729450845109,0.00833812264257181,0.0931059924372468,-0.0213228200428704,0.0945898105401091
0.18,0.13,0.105766822291178,0.0318140292003672,-0.0792084628702506,0.00178210024836288,-0.035506123456659,-0.0233474998000835,0.00959653423351269,-0.00307776822220682,0.106628435042959,-0.00178148675196999,0.00910287880108064,-0.0233474998000968,-0.0330320152152708,0.00307720764102036,-0.082331283974995,0.105767601524433,-0.0318141358375983,0.00959653423355011,0.00307720764098563,-0.0355062758272776,0.0233475731871553,0.106627444044723,-0.00307776822219753,-0.0823312839749831,0.0233475731871343,-0.0330317989086228,0.105766822291161,0.031814029200407,-0.0792084628702339,0.00178210024833938,0.106628435042965,-0.00178148675196378,0.00910287880113121,0.105767601524445,-0.0318141358375765,0.106627444044692
0.18,0.18,0.119004486720523,0.0417436364284136,-0.0817667082919116,0.00169985963715645,-0.0468688495716255,-0.0338318403161772,0.0102742783309138,-0.00365945584504194,0.119272424623362,-0.00169548714425813,0.0103146257070639,-0.033831840316191,-0.0435836418903896,0.00365557205197956,-0.0857554492447589,0.119010266276614,-0.0417443333678775,0.0102742783309741,0.0036555720519138,-0.0468713621895095,0.033832084749079,0.119267224380853,-0.00365945584502364,-0.0857554492447389,0.0338320847490193,-0.0435810293447767,0.119004486720435,0.0417436364284774,-0.0817667082918958,0.0016998596371151,0.119272424623344,-0.00169548714425178,0.0103146257071255,0.119010266276702,-0.041744333367863,0.1192672243808
0.18,0.23,0.13262729691425,0.0509083830931906,-0.0854839240042979,0.0017483554791637,-0.0576865237113329,-0.0438131349907811,0.011104206421302,-0.00401307941426647,0.13231039922099,-0.00175486791800796,0.0117031047370581,-0.0438131349907718,-0.0538375085715059,0.00401916352333382,-0.0900224971862281,0.132619017939777,-0.0509074531613372,0.011104206421379,0.00401916352326939,-0.0576829386489301,0.0438124523019217,0.132319518434255,-0.00401307941425939,-0.0900224971862094,0.0438124523018644,-0.0538410721365758,0.13262729691422,0.0509083830932678,-0.0854839240042799,0.0017483554791047,0.132310399220912,-0.00175486791798906,0.0117031047371292,0.132619017939838,-0.0509074531613377,0.132319518434144
0.18,0.28,0.147910200529214,0.0598961011730074,-0.0909569160212909,0.00181201378855219,-0.0688106973924635,-0.0538680448124638,0.012288604952881,-0.00415861575058477,0.14702874253767,-0.00183360134002244,0.0134464378159793,-0.0538680448124703,-0.064581593353388,0.00417917101026107,-0.0958142015593468,0.147883708071407,-0.0598934800120527,0.0122886049529646,0.00417917101019533,-0.0687957171229889,0.0538660588385564,0.147056035640772,-0.00415861575056198,-0.095814201559328,0.0538660588384911,-0.0645958212238466,0.147910200529161,0.059896101173084,-0.0909569160212901,0.00181201378849844,0.147028742537633,-0.00183360134003489,0.013446437816051,0.147883708071478,-0.0598934800120319,0.147056035640713
0.18,0.33,0.16459576312651,0.0684573365695725,-0.0981443480238233,0.00177681621541788,-0.0800753490493362,-0.063616200062326,0.0139127184837091,-0.00406558931472335,0.163254451611306,-0.00177056082565611,0.0155856460785381,-0.0636162000623528,-0.075649981149421,0.00405946778242158,-0.103149545049066,0.164603239485607,-0.0684580418519172,0.0139127184837778,0.00405946778235566,-0.0800799556810883,0.0636168884891759,0.163246310534393,-0.00406558931468696,-0.103149545049051,0.0636168884891106,-0.0756457785538802,0.164595763126442,0.0684573365696562,-0.098144348023799,0.00177681621534661,0.163254451611275,-0.00177056082565878,0.0155856460785759,0.164603239485702,-0.0684580418518914,0.163246310534335
0.18,0.38,0.182805619997773,0.0766503942103974,-0.10705296651167,0.0015381590550011,-0.0917347937766115,-0.0730072805849315,0.0161615254659989,-0.00369991175631931,0.181027133660043,-0.00153700442932413,0.018283540669297,-0.0730072805849452,-0.0871928116849984,0.00369884733565746,-0.112105851478768,0.182806925519292,-0.0766503766620749,0.0161615254660787,0.00369884733558423,-0.0917357291719289,0.0730071668536385,0.181026082620786,-0.00369991175628326,-0.112105851478742,0.0730071668535797,-0.0871916632861283,0.182805619997708,0.076650394210481,-0.107052966511661,0.00153815905494855,0.181027133660017,-0.00153700442934215,0.0182835406693711,0.182806925519357,-0.076650376662046,0.18102608262073
0.18,0.43,0.202489442006458,0.084545229673655,-0.117601746791332,0.00109435889526018,-0.104002505664354,-0.0820246459951281,0.0192156651621039,-0.00310528140928429,0.20035324785151,-0.00108918459233476,0.0217142436576724,-0.0820246459951331,-0.0994087559903327,0.00310015364399388,-0.122656293294707,0.202495337636888,-0.0845455680251684,0.0192156651622117,0.00310015364390005,-0.104006680846601,0.0820249837693616,0.200346929451089,-0.00310528140927752,-0.122656293294694,0.0820249837692751,-0.0994046834727874,0.202489442006388,0.0845452296737562,-0.117601746791333,0.00109435889519181,0.200353247851458,-0.00108918459233948,0.0217142436577865,0.202495337636948,-0.0845455680251486,0.200346929451009
0.18,0.48,0.22346044308564,0.0922140551478796,-0.129577254528228,0.000463191544236203,-0.117011915919205,-0.0906760909760443,0.0231815259410978,-0.00232881847887237,0.221025284304968,-0.000459580642226507,0.0259882302004075,-0.0906760909760761,-0.112387326886098,0.00232519800876543,-0.134624890534113,0.223464529666964,-0.0922143328291106,0.023181525941231,0.00232519800866207,-0.117014966680336,0.0906764046538594,0.221020869821169,-0.00232881847883568,-0.13462489053409,0.090676404653787,-0.112384497648129,0.223460443085555,0.0922140551479941,-0.129577254528218,0.000463191544161286,0.221025284304956,-0.000459580642239955,0.0259882302004998,0.223464529667065,-0.0922143328290639,0.221020869821103
0.18,0.53,0.245457321750294,0.0997787727534787,-0.142696198056665,-0.000277321234396769,-0.13080228893196,-0.0990375192259582,0.0280675585287087,-0.00146584870187753,0.242783320361875,0.000278092969142215,0.0311210495743681,-0.0990375192259504,-0.126150100734499,0.00146506198323952,-0.147749735658782,0.245458220014855,-0.0997788919535152,0.0280675585287946,0.00146506198315691,-0.130803052320727,0.0990376573108342,0.242782437711826,-0.0014658487018902,-0.147749735658777,0.0990376573107643,-0.126149528854564,0.245457321750265,0.0997787727535892,-0.142696198056634,-0.000277321234498194,0.242783320361804,0.000278092969177115,0.0311210495744803,0.245458220014928,-0.0997788919535364,0.242782437711741
0.18,0.58,0.266181831639579,0.106953054947731,-0.155020478114735,-0.00108300287270629,-0.144228893023476,-0.10676817862616,0.0330809772360087,-0.000577931516810082,0.263332369570166,0.00108597992157883,0.0363243998275458,-0.10676817862616,-0.139541425795578,0.000575009130335584,-0.160106160573718,0.266185117119572,-0.106953151792831,0.0330809772361251,0.000575009130232403,-0.144231529066814,0.106768228459177,0.263329191587622,-0.000577931516784279,-0.1601061605737,0.106768228459094,-0.139538747339234,0.266181831639534,0.106953054947859,-0.155020478114707,-0.001083002872816,0.263332369570092,0.00108597992159805,0.0363243998276433,0.266185117119666,-0.106953151792829,0.263329191587506
0.18,0.63,0.28882522728018,0.114581418276267,-0.168922584466446,-0.00187760116354474,-0.159005080545333,-0.114799852187312,0.0391127546068352,0.0002797336945566,0.28580454613847,0.00184662968907023,0.0425068098199204,-0.11479985218733,-0.154253128191063,-0.000248636099442132,-0.174050375422329,0.28879164487392,-0.114579896086531,0.0391127546069527,-0.000248636099545394,-0.158977663433115,0.114798109832977,0.285840778412183,0.000279733694588486,-0.174050375422319,0.11479810983289,-0.154279653279321,0.2888252272801,0.114581418276377,-0.168922584466432,-0.00187760116364592,0.285804546138417,0.00184662968905799,0.0425068098200119,0.288791644874018,-0.114579896086508,0.285840778412105
0.18,0.68,0.312360326538227,0.122633276223693,-0.183571678608028,-0.00253880825736194,-0.174642042904182,-0.123044919935143,0.0458596454959021,0.000974860837604193,0.309279432994098,0.00252192362525386,0.0493533586515748,-0.123044919935133,-0.169872190173216,-0.000957911822405601,-0.188748775083302,0.312342155545585,-0.12263250397554,0.0458596454959803,-0.000957911822508101,-0.174626846574183,0.123044042587035,0.309298847028559,0.000974860837607963,-0.188748775083287,0.123044042586953,-0.169886916559064,0.312360326538156,0.122633276223795,-0.18357167860803,-0.00253880825744566,0.309279432994012,0.00252192362526633,0.049353358651673,0.31234215554566,-0.122632503975536,0.309298847028443
0.23,0.03,0.103606269767591,0.0151527879551707,-0.0974206498107219,0.00479103602411985,-0.0212518305611252,-0.0064375185383064,0.015330569388644,-0.00276926360615325,0.106162276841921,-0.00478960533846754,0.0135341272900498,-0.00643751853831745,-0.0213141184797134,0.00276786579852027,-0.0976807420400077,0.103608356842439,-0.0151528456435714,0.0153305693886738,0.00276786579849103,-0.0212523954256296,0.00643748321907427,0.106160395203727,-0.00276926360614178,-0.0976807420399932,0.00643748321904916,-0.0213132198195455,0.103606269767573,0.0151527879552176,-0.097420649810706,0.0047910360240854,0.106162276841911,-0.00478960533846496,0.0135341272900826,0.103608356842483,-0.0151528456435728,0.106160395203709
0.23,0.08,0.115929716808801,0.026004271473078,-0.0976540797845355,0.0033993108041392,-0.032575420347339,-0.017093183671665,0.0147187083866141,-0.00297936942821279,0.11804540588159,-0.00340091825532513,0.0132050395877351,-0.0170931836717204,-0.03159926602754,0.00298078995735663,-0.0991278468469744,0.115927564646966,-0.0260041968479413,0.0147187083867137,0.00298078995729206,-0.0325745884802389,0.0170933432923001,0.118047148820147,-0.00297936942816034,-0.0991278468469469,0.0170933432922495,-0.0316004893153644,0.115929716808714,0.0260042714731527,-0.0976540797845081,0.00339931080406938,0.118045405881596,-0.00340091825534328,0.0132050395877736,0.115927564647089,-0.0260041968479018,0.118047148820123
0.23,0.13,0.129489589118375,0.0372603497045811,-0.0988350648287649,0.00258761995294118,-0.0447973001416513,-0.028426635178563,0.0146624606856214,-0.00331326015844556,0.131023396753445,-0.00258916614585794,0.0136228008470854,-0.0284266351785762,-0.0428264925364807,0.00331465056377137,-0.101430646346598,0.129487599221028,-0.0372602102594737,0.014662460685685,0.00331465056371548,-0.044796322031677,0.0284266718708377,0.131025056264214,-0.00331326015842882,-0.10143064634658,0.0284266718707947,-0.0428276481833848,0.129489589118327,0.0372603497046444,-0.0988350648287509,0.00258761995288533,0.131023396753432,-0.00258916614586676,0.0136228008471545,0.129487599221097,-0.0372602102594652,0.131025056264191
0.23,0.18,0.143616687648531,0.047848777626494,-0.101447053998383,0.00219556350105576,-0.0567797217374144,-0.039409613436267,0.0151472206797908,-0.00361178481524515,0.144587227496045,-0.00219441762888388,0.0146140631725155,-0.039409613436253,-0.0540556849898219,0.00361067596239391,-0.10486069219894,0.143618044281318,-0.0478488653677794,0.0151472206798524,0.0036106759623239,-0.0567807729912214,0.0394096565308757,0.144586120998481,-0.00361178481523721,-0.104860692198921,0.0394096565308148,-0.0540546624864315,0.143616687648485,0.0478487776265677,-0.101447053998376,0.00219556350099567,0.144587227496001,-0.00219441762887712,0.0146140631725996,0.143618044281379,-0.0478488653677749,0.1445861209984
0.23,0.23,0.158399215279919,0.0576772252681147,-0.10546360104173,0.00192103129744145,-0.0684071327886766,-0.0498827478225436,0.015966138547749,-0.00371681122256338,0.158808201472686,-0.00193392804909103,0.0159529451867659,-0.0498827478225575,-0.0651313439568281,0.0037288289912122,-0.109431893418949,0.158383530842918,-0.057676064286151,0.0159661385478429,0.00372882899113001,-0.0683980271392626,0.0498824186194194,0.158823027058111,-0.00371681122253582,-0.109431893418931,0.0498824186193418,-0.0651410141018645,0.158399215279845,0.0576772252682078,-0.105463601041708,0.00192103129735664,0.158808201472613,-0.00193392804909933,0.0159529451868514,0.158383530843022,-0.0576760642861386,0.158823027058014
0.23,0.28,0.17491266710021,0.067244145744733,-0.111364068040448,0.00164206156522313,-0.0803460390819142,-0.0603207859741529,0.0171998386776073,-0.00361576525230527,0.174805640152378,-0.00163601239813718,0.0177209194089471,-0.0603207859741577,-0.0766973499949393,0.00361000618366764,-0.115698203670082,0.174919842361999,-0.0672446398581844,0.0171998386777128,0.00361000618357366,-0.0803505781859938,0.060321030229192,0.174798593495894,-0.00361576525228382,-0.11569820367006,0.0603210302291156,-0.0766926996468115,0.174912667100143,0.0672441457448252,-0.111364068040449,0.00164206156515325,0.174805640152357,-0.00163601239815228,0.0177209194090409,0.174919842362068,-0.0672446398581547,0.17479859349583
0.23,0.33,0.192954236632016,0.0763182588252498,-0.119093938311364,0.00121388927564228,-0.0925065464758418,-0.0703990502972906,0.0189485118204657,-0.00322667675409827,0.19234238081458,-0.00120782167163173,0.0199807714994228,-0.0703990502972821,-0.08860568740589,0.00322086468663311,-0.123640484827013,0.192961336110041,-0.0763186865685614,0.0189485118205552,0.00322086468655614,-0.0925114059340032,0.0703992485453887,0.192335642041653,-0.0032266767541074,-0.123640484827002,0.0703992485453163,-0.0886007606104147,0.192954236631999,0.0763182588253426,-0.119093938311345,0.00121388927555421,0.192342380814488,-0.00120782167161054,0.0199807714995174,0.192961336110085,-0.0763186865685628,0.192335642041546
0.23,0.38,0.212489548431648,0.084960240387172,-0.128574943329858,0.000605608664723474,-0.105098094990363,-0.0800903564697926,0.0213931973624511,-0.00257593986481187,0.211430133767599,-0.000591757635945262,0.0228921262617994,-0.0800903564698127,-0.101043714531133,0.00256242630896159,-0.133237020378247,0.212505434427878,-0.0849611313245157,0.0213931973625731,0.00256242630887641,-0.105109413602349,0.080090993787735,0.21141417652378,-0.00257593986477846,-0.133237020378231,0.0800909937876597,-0.101032446588242,0.212489548431559,0.0849602403872686,-0.128574943329843,0.000605608664634292,0.211430133767572,-0.000591757635962492,0.0228921262618699,0.212505434427983,-0.0849611313244818,0.211414176523718
0.23,0.43,0.233370879002004,0.0932567742082426,-0.139610333004273,-0.000182695763233275,-0.118324111941489,-0.089401751760869,0.024703966524833,-0.00170619114826815,0.231893735063845,0.000180744020702608,0.0266132672422565,-0.089401751760876,-0.11415177061797,0.00170808806854995,-0.144338656250139,0.233368674767219,-0.0932566919520089,0.02470396652494,0.0017080880684428,-0.11832248429153,0.0894017177505397,0.231895892234162,-0.00170619114825259,-0.144338656250121,0.0894017177504581,-0.114153456971786,0.233370879001932,0.0932567742083582,-0.139610333004262,-0.000182695763325125,0.231893735063779,0.000180744020705757,0.0266132672423703,0.233368674767311,-0.0932566919519894,0.231895892234046
0.23,0.48,0.255300623631475,0.101333724287179,-0.151905600918609,-0.00105686685259693,-0.132288118998373,-0.0983916349377594,0.0289837190468131,-0.000741007832265949,0.253478124899178,0.00104885946357263,0.031242830658421,-0.0983916349377693,-0.128031155032741,0.000748924219326022,-0.156685680800573,0.255291672023361,-0.101333337435342,0.0289837190469298,0.00074892421919972,-0.132281318695719,0.0983913035936328,0.253487319200188,-0.000741007832244773,-0.156685680800551,0.0983913035935334,-0.12803794143062,0.255300623631373,0.1013337242873,-0.151905600918605,-0.00105686685270501,0.253478124899106,0.00104885946356645,0.0312428306585392,0.255291672023469,-0.101333337435314,0.253487319200079
0.23,0.53,0.277936329549105,0.109367445604325,-0.16508853679087,-0.00189713299156874,-0.146992796420847,-0.107184416657717,0.0342007589873195,0.000179995704530967,0.275858741800733,0.00190890864715411,0.0367505378678396,-0.107184416657747,-0.142679591496978,-0.000191676451330328,-0.169927351389229,0.277949292783466,-0.109367908840858,0.0342007589874315,-0.000191676451442294,-0.147003047433072,0.107184824323037,0.275845449314822,0.000179995704558185,-0.16992735138922,0.107184824322933,-0.142669314731145,0.277936329548956,0.109367445604431,-0.165088536790869,-0.00189713299166335,0.275858741800673,0.00190890864712984,0.0367505378679228,0.277949292783615,-0.109367908840826,0.275845449314751
0.23,0.58,0.29942173815987,0.117187688411317,-0.177492280629551,-0.00272596917750713,-0.161516776255934,-0.115543392724767,0.0396287869253522,0.00106070529519347,0.297096773378061,0.00270412433661399,0.0424025376385904,-0.115543392724781,-0.157099426188441,-0.00103890518279485,-0.182402809206205,0.299397733021185,-0.117186709390024,0.0396287869254875,-0.00103890518289426,-0.161497471067761,0.115542388905892,0.297121573876637,0.00106070529520719,-0.182402809206193,0.115542388905794,-0.157118374691782,0.299421738159793,0.117187688411435,-0.177492280629548,-0.00272596917760046,0.29709677337798,0.00270412433660773,0.0424025376386943,0.299397733021268,-0.117186709389995,0.297121573876532
0.23,0.63,0.322688308637261,0.125662345099934,-0.191332640391086,-0.00333510854581698,-0.177507116620645,-0.124421710607514,0.0461793871518256,0.00170731200968557,0.320219531275197,0.00333517533135705,0.0491411623199283,-0.124421710607542,-0.173034439150863,-0.00170736705299666,-0.196325727829811,0.32268833171012,-0.125662304066137,0.0461793871519154,-0.00170736705308642,-0.1775071149953,0.124421658065518,0.320219411626764,0.00170731200973104,-0.196325727829789,0.124421658065465,-0.173034340166802,0.322688308637185,0.12566234510004,-0.191332640391056,-0.00333510854590472,0.320219531275178,0.00333517533136013,0.0491411623200032,0.322688331710244,-0.125662304066105,0.320219411626689
0.23,0.68,0.346331712824673,0.13459145660595,-0.205459487212631,-0.0037045292008461,-0.194155549970508,-0.133570471325309,0.053305473510754,0.00208993910612118,0.34375069732036,0.0037086247015841,0.0564085165998205,-0.133570471325325,-0.189614261757665,-0.00209404944743619,-0.210543283580583,0.346336204265353,-0.134591658895103,0.0533054735109132,-0.00209404944755895,-0.194159274435928,0.133570698684583,0.343746104509209,0.00208993910614956,-0.210543283580564,0.133570698684471,-0.189610690385041,0.346331712824574,0.134591456606088,-0.205459487212627,-0.00370452920095435,0.343750697320301,0.00370862470156465,0.0564085165999484,0.34633620426545,-0.134591658895066,0.343746104509117
0.28,0.03,0.125373724932454,0.020321379017983,-0.115483648147644,0.0058896280930187,-0.0316074300127206,-0.011420009642074,0.0219628211835296,-0.00385537468183783,0.128470328241755,-0.00589245323782787,0.0196291050994241,-0.0114200096420944,-0.0316915332024821,0.00385810962206736,-0.115769911983802,0.125369929741103,-0.0203212953791617,0.0219628211835959,0.00385810962203236,-0.0316057106459733,0.0114200986131846,0.128473564465332,-0.00385537468181231,-0.115769911983782,0.0114200986131543,-0.0316936946881655,0.125373724932422,0.0203213790180297,-0.115483648147633,0.00588962809298155,0.128470328241752,-0.00589245323783527,0.0196291050994378,0.125369929741152,-0.0203212953791452,0.12847356446531
0.28,0.08,0.138925619634301,0.0321712344565059,-0.115528892655688,0.00413354478180894,-0.0437342687088636,-0.0231034354665707,0.0206982131310627,-0.00348935926912921,0.141550051362214,-0.0041335363990731,0.0187263742908208,-0.0231034354665764,-0.0429295994048935,0.0034893133787287,-0.116850415044212,0.138925594433546,-0.0321712105185239,0.0206982131311017,0.00348931337868036,-0.0437342791462911,0.023103453593505,0.141549964179847,-0.00348935926913232,-0.116850415044202,0.0231034535934693,-0.0429295801867687,0.138925619634252,0.032171234456544,-0.115528892655687,0.00413354478177949,0.141550051362218,-0.00413353639907763,0.0187263742908982,0.138925594433588,-0.0321712105185232,0.141549964179844
0.28,0.13,0.153664659995206,0.044356182884572,-0.116645925283815,0.00297346915117998,-0.0567952564166082,-0.0353414237080021,0.0202164147698573,-0.00336896080459093,0.155716146576144,-0.0029690355089933,0.0187394074673781,-0.0353414237079837,-0.0551080842980064,0.00336479425804228,-0.118962597354393,0.15367000014323,-0.0443563784958738,0.0202164147699206,0.00336479425797253,-0.0567984632203657,0.035341308569495,0.155711366151136,-0.00336896080458829,-0.11896259735437,0.0353413085694365,-0.0551043765747167,0.15366465999517,0.044356182884656,-0.116645925283798,0.00297346915111994,0.155716146576087,-0.0029690355089755,0.0187394074674728,0.153670000143287,-0.0443563784958816,0.15571136615104
0.28,0.18,0.168852276553564,0.0556696603338365,-0.119314461299573,0.0022399656486658,-0.0695162076061887,-0.0469653121783664,0.0204421683306349,-0.00329911688759641,0.170334106846235,-0.00224571282195889,0.0194740591621887,-0.0469653121783802,-0.0671229351707105,0.00330451614241214,-0.122391260245436,0.168845439946186,-0.055669324434158,0.0204421683307149,0.00330451614235208,-0.0695120765068414,0.046965340326661,0.170340570736187,-0.00329911688757064,-0.122391260245414,0.0469653403266019,-0.0671275637922176,0.168852276553534,0.0556696603339283,-0.119314461299549,0.00223996564860522,0.170334106846195,-0.00224571282195518,0.0194740591622552,0.168845439946247,-0.0556693244341387,0.1703405707361
0.28,0.23,0.184683026080315,0.0661006293875258,-0.123522073331307,0.00163587974678559,-0.0818689778170938,-0.0579258679359232,0.0211417916844625,-0.00309323679050445,0.185642367953004,-0.00162783795333949,0.02068708487503,-0.0579258679359379,-0.0789654500904521,0.00308565629364431,-0.127143211265199,0.184692479998413,-0.0661010867242649,0.021141791684588,0.00308565629353513,-0.0818752675608862,0.0579258418902618,0.185633821298358,-0.00309323679048072,-0.127143211265178,0.0579258418901566,-0.0789586757559182,0.184683026080222,0.0661006293876456,-0.12352207333129,0.00163587974668781,0.18564236795294,-0.00162783795335412,0.0206870848751443,0.184692479998516,-0.0661010867242458,0.185633821298267
0.28,0.28,0.202543918627056,0.0762991281274547,-0.129843493173168,0.000993391160308882,-0.0947611358574325,-0.0688665539755298,0.0224311557581846,-0.00267461009357371,0.20296746409694,-0.00098005190788914,0.0225089323089477,-0.0688665539755254,-0.0914701397746315,0.00266187077003079,-0.1338509553169,0.202559336449908,-0.0762998542931708,0.0224311557582484,0.0026618707699252,-0.0947718605890158,0.0688666862446022,0.202953003469277,-0.00267461009356502,-0.133850955316874,0.0688666862445009,-0.0914588612920642,0.202543918626973,0.0762991281275779,-0.129843493173148,0.00099339116021651,0.202967464096872,-0.000980051907861949,0.0225089323090586,0.202559336450026,-0.076299854293168,0.20295300346916
0.28,0.33,0.221921653357063,0.0859024098808827,-0.138081025842815,0.000205496568653883,-0.107888819939171,-0.0793441576921093,0.0243431471238525,-0.00198081459704137,0.221817442828033,-0.000201014869373258,0.0249397546631736,-0.0793441576921441,-0.104316812695297,0.00197647985375694,-0.142339388047149,0.221926765191411,-0.0859026420519081,0.0243431471240057,0.00197647985364924,-0.1078925185302,0.0793442532427615,0.221812514143294,-0.00198081459699499,-0.142339388047125,0.0793442532426512,-0.104313005860727,0.221921653356951,0.0859024098810144,-0.138081025842799,0.000205496568551933,0.221817442827977,-0.000201014869387415,0.0249397546632603,0.22192676519156,-0.0859026420518727,0.221812514143205
0.28,0.38,0.242690576467841,0.0949899971617442,-0.148075434655195,-0.000723419873723742,-0.121456758341454,-0.089365544990433,0.0270637099934017,-0.00106556797461402,0.242092827146179,0.000715059291034986,0.0281457731716759,-0.089365544990471,-0.117682693243876,0.00107370713334489,-0.152496109171996,0.242681146208649,-0.0949896254120443,0.0270637099935404,0.0010737071332419,-0.121449678394115,0.0893653762811586,0.242101945381172,-0.0010655679745794,-0.152496109171977,0.0893653762810862,-0.117689952587585,0.242690576467785,0.0949899971618691,-0.148075434655156,-0.000723419873840652,0.242092827146135,0.000715059291040451,0.0281457731717748,0.24268114620877,-0.0949896254120196,0.242101945381086
0.28,0.43,0.264638403637638,0.103710355632759,-0.159578646826329,-0.0017179568604101,-0.135679577676824,-0.0990084780045064,0.0307806417500171,-4.17575760516492e-05,0.26359952785322,0.00169861855511706,0.0323006127645948,-0.0990084780045264,-0.131754549688445,6.07479571590899e-05,-0.16411419972235,0.264616779822654,-0.103709542002481,0.0307806417501769,6.07479570495972e-05,-0.135662915878798,0.0990079612740309,0.263620793005488,-4.17575760080551e-05,-0.164114199722314,0.0990079612739468,-0.131771428812545,0.264638403637589,0.103710355632897,-0.159578646826307,-0.00171795686051361,0.263599527853175,0.0016986185551137,0.0323006127646817,0.264616779822738,-0.103709542002435,0.263620793005377
0.28,0.48,0.287592233031022,0.112332607300841,-0.172330210025376,-0.00263165943806999,-0.150793273401263,-0.108477528931938,0.0356416256874845,0.000916679666220636,0.286212337615477,0.00263946494783295,0.0375438641288115,-0.108477528931955,-0.146774296724248,-0.000924422931952925,-0.176964292958371,0.287600918298724,-0.112332945466352,0.0356416256876251,-0.000924422932068272,-0.150800186172981,0.108477825577791,0.286203767107811,0.000916679666241176,-0.176964292958359,0.108477825577688,-0.146767457307864,0.287592233030917,0.112332607300963,-0.17233021002537,-0.00263165943817276,0.286212337615417,0.00263946494781721,0.0375438641289348,0.287600918298836,-0.112332945466327,0.286203767107725
0.28,0.53,0.311068677877529,0.121017034368399,-0.185808847884903,-0.00336902884922992,-0.166699646876981,-0.1178756635182,0.041519717032959,0.00169315238220986,0.309360135009502,0.00336075154653659,0.0437471228253197,-0.117875663518183,-0.162554266310413,-0.00168491360593958,-0.190546434569524,0.311059540960022,-0.12101670048403,0.0415197170330611,-0.00168491360604619,-0.166692237236084,0.117875347937877,0.30936922150244,0.00169315238219265,-0.190546434569513,0.117875347937775,-0.162561586062626,0.311068677877477,0.121017034368533,-0.185808847884881,-0.00336902884934058,0.3093601350094,0.0033607515465795,0.0437471228254686,0.311059540960119,-0.121016700484057,0.309369221502318
0.28,0.58,0.332399974016947,0.129265898141908,-0.197877502987367,-0.00394740579092062,-0.181728455787135,-0.126633714456595,0.0472661875995882,0.00228665143841887,0.330458849314671,0.00394728600689169,0.049750439986039,-0.126633714456616,-0.177477280107985,-0.00228650693343606,-0.202728874776076,0.332399847927903,-0.12926587379719,0.0472661875997305,-0.00228650693356235,-0.18172826519173,0.126633665247757,0.330458951459862,0.00228665143845031,-0.202728874776061,0.126633665247639,-0.177477386707136,0.332399974016818,0.129265898142061,-0.197877502987354,-0.00394740579103395,0.330458849314614,0.00394728600688765,0.0497504399861608,0.332399847928059,-0.129265873797163,0.33045895145975
0.28,0.63,0.35587075313934,0.138479014150571,-0.211550164055172,-0.00416773136744514,-0.198660262450569,-0.136249841650791,0.054385940446506,0.00251314518144497,0.353737507382692,0.00417905844354431,0.0570953490254828,-0.13624984165077,-0.194307710594906,-0.00252450822534571,-0.216522893923079,0.355883191420733,-0.138479496786794,0.0543859404466174,-0.00252450822545674,-0.198670626682613,0.136250385737199,0.353725060139587,0.0025131451814357,-0.216522893923065,0.136250385737112,-0.194297666867042,0.355870753139314,0.138479014150689,-0.21155016405515,-0.00416773136756742,0.353737507382568,0.00417905844357739,0.057095349025598,0.355883191420791,-0.138479496786811,0.353725060139444
0.28,0.68,0.379041316995193,0.147965403542905,-0.225080176140313,-0.00406515329881013,-0.215786981915814,-0.145981794791679,0.0618655150614832,0.0023979681984318,0.37674714847872,0.00407253924182523,0.064755789788058,-0.145981794791683,-0.21132264497793,-0.00240541051660668,-0.230179234651412,0.379049405068056,-0.147965731669774,0.0618655150616213,-0.00240541051673729,-0.215793850112178,0.14598219470518,0.376739070521572,0.00239796819845681,-0.230179234651389,0.145982194705065,-0.211316070948457,0.379041316995075,0.147965403543051,-0.225080176140304,-0.00406515329892391,0.376747148478623,0.00407253924182901,0.0647557897881555,0.379049405068188,-0.147965731669746,0.376739070521424
0.33,0.03,0.147647191984439,0.0272175525857491,-0.131876428152839,0.00659953123100879,-0.0445243250820742,-0.0182536395004358,0.0289891372417421,-0.00472875266584884,0.151175140396362,-0.00659555264009976,0.0262232868421374,-0.0182536395004343,-0.0445604941320715,0.00472484597211973,-0.13226756500208,0.147652084917602,-0.0272175740612977,0.0289891372417655,0.00472484597208047,-0.0445271783897864,0.0182535180947254,0.151170654125079,-0.00472875266584816,-0.132267565002058,0.0182535180946969,-0.044557084426863,0.147647191984434,0.0272175525858091,-0.131876428152823,0.00659953123097036,0.151175140396365,-0.00659555264007425,0.0262232868421751,0.147652084917645,-0.0272175740613082,0.151170654125052
0.33,0.08,0.162812415322145,0.0403205311540959,-0.131683793205922,0.00435618985872012,-0.0577858179506365,-0.0312303544073378,0.0269869726006009,-0.00371717674922489,0.165781213497205,-0.00436007193092343,0.0246826202307138,-0.0312303544073624,-0.0569865572160058,0.00372088308649264,-0.133026341624277,0.162807795531726,-0.0403204501254275,0.0269869726007011,0.00372088308642824,-0.0577829347064685,0.0312304972355615,0.165785407167684,-0.0037171767492137,-0.133026341624259,0.0312304972355106,-0.0569899359731823,0.162812415322076,0.040320531154165,-0.131683793205914,0.00435618985867189,0.165781213497193,-0.0043600719309375,0.0246826202307884,0.162807795531789,-0.0403204501253982,0.165785407167639
0.33,0.13,0.179231368719901,0.0537422232364418,-0.13281978464642,0.00279916617162673,-0.0721206955671271,-0.0447159699562913,0.0261020821965372,-0.00310272637572012,0.181597017014782,-0.00280227041470913,0.0243364321330008,-0.0447159699563015,-0.0704969266369976,0.00310567343735726,-0.135080985290555,0.179227743825446,-0.0537421274778282,0.0261020821966341,0.00310567343729935,-0.0721182995321083,0.0447160567634065,0.181600304102945,-0.00310272637570158,-0.135080985290533,0.0447160567633562,-0.0704996391941017,0.17923136871986,0.0537422232365161,-0.13281978464641,0.00279916617156763,0.181597017014747,-0.00280227041471234,0.0243364321330594,0.179227743825513,-0.0537421274778108,0.181600304102884
0.33,0.18,0.196099469321594,0.0661396996302392,-0.135792559919,0.00176841070617481,-0.0861062351491836,-0.0574011887653288,0.0262040351977426,-0.00268884186426202,0.197924543442864,-0.00173999379623426,0.0249743671861425,-0.0574011887653328,-0.0838461200745666,0.00266184414637646,-0.138772454592183,0.196132199006314,-0.0661406654273806,0.0262040351978277,0.00266184414633239,-0.086129299112604,0.0574005634688545,0.197895279804987,-0.00268884186423423,-0.138772454592155,0.057400563468827,-0.0838208120541463,0.196099469321584,0.066139699630313,-0.135792559918977,0.0017684107061356,0.197924543442871,-0.00173999379621743,0.0249743671861932,0.19613219900637,-0.0661406654273735,0.197895279804939
0.33,0.23,0.212109728819923,0.0764905714202215,-0.139958572532999,0.000817171417380888,-0.0982777270302471,-0.068181557412359,0.0265165803555493,-0.00210429720218244,0.213375516922206,-0.000810812174156347,0.0258078719850771,-0.0681815574123795,-0.0955161320427016,0.0020982230754854,-0.143449750982408,0.212116993806231,-0.0764908207470266,0.0265165803556652,0.00209822307541283,-0.0982829197988691,0.068181503742741,0.213368816532493,-0.00210429720215151,-0.143449750982393,0.0681815037426777,-0.0955105458610654,0.212109728819839,0.0764905714202973,-0.13995857253299,0.000817171417315557,0.213375516922166,-0.000810812174167815,0.0258078719851329,0.212116993806334,-0.0764908207470021,0.21336881653242
0.33,0.28,0.231133900552604,0.0871616068373667,-0.146706802508354,-0.000126418160613188,-0.11195135759361,-0.0795051338302578,0.0278673971587255,-0.00139800030829676,0.231836493274701,0.000123487159705176,0.0277041066301559,-0.0795051338302686,-0.108790770708535,0.00140081629017551,-0.150592069413601,0.231130604518321,-0.0871615129083296,0.0278673971588211,0.00140081629007565,-0.111948895612581,0.0795051599218126,0.231839563305003,-0.00139800030828441,-0.150592069413578,0.079505159921722,-0.108793405171732,0.231133900552515,0.0871616068374777,-0.146706802508341,-0.000126418160695878,0.231836493274635,0.000123487159722937,0.0277041066302649,0.231130604518435,-0.0871615129083094,0.231839563304883
0.33,0.33,0.251780870203686,0.0972170161646728,-0.155548348164844,-0.0011611705861037,-0.126008990597161,-0.0903475325959236,0.0300586839049225,-0.000484106458778203,0.251935843467835,0.00114600528499455,0.0304304228707755,-0.0903475325959276,-0.122552223932436,0.000498785704255362,-0.159706460916399,0.251763892694666,-0.0972165297612663,0.0300586839050386,0.000498785704172182,-0.125995919720658,0.0903475443135004,0.251951639083598,-0.000484106458764086,-0.15970646091638,0.0903475443134203,-0.122565938905092,0.251780870203649,0.0972170161647835,-0.155548348164818,-0.00116117058619343,0.251935843467771,0.00114600528501042,0.0304304228708817,0.251763892694739,-0.0972165297612578,0.251951639083501
0.33,0.38,0.273853592204203,0.106773873758257,-0.16627711008931,-0.00221784732738377,-0.140656056799263,-0.10076132604096,0.0332967593769368,0.000526686081783154,0.273526233756147,0.00221967050712632,0.0341748981311161,-0.100761326040988,-0.13700386414139,-0.000528501887022496,-0.170626896208587,0.273855662094105,-0.106773974879793,0.0332967593770751,-0.000528501887147199,-0.140657676822906,0.100761424576412,0.273524254127903,0.000526686081823266,-0.170626896208562,0.100761424576302,-0.137002312816422,0.273853592204093,0.1067738737584,-0.166277110089281,-0.00221784732750719,0.273526233756079,0.00221967050712766,0.0341748981312017,0.273855662094249,-0.106773974879762,0.273524254127792
0.33,0.43,0.297195944260954,0.116098851767402,-0.178616427462604,-0.00318431028641089,-0.156215469491518,-0.110945310906079,0.0377983315403212,0.00148770790759121,0.296417723875437,0.00318908150208713,0.0391395573766463,-0.11094531090612,-0.152399672416225,-0.00149244427790992,-0.183114688724924,0.297201290983763,-0.116099065039642,0.0377983315404587,-0.00149244427802657,-0.156219698483954,0.110945500026147,0.296412533478792,0.0014877079076225,-0.183114688724913,0.110945500026052,-0.152395507309824,0.297195944260811,0.116098851767523,-0.178616427462582,-0.00318431028652446,0.296417723875407,0.00318908150207171,0.0391395573767617,0.297201290983933,-0.116099065039613,0.296412533478736
0.33,0.48,0.321591824272435,0.125517674254466,-0.192229762951753,-0.00388845806768548,-0.172917752602664,-0.121162002736116,0.043676903201407,0.00220118833665253,0.3204018255411,0.00388207781836423,0.0454297262095517,-0.121162002736146,-0.168945189391062,-0.00219485440560515,-0.196862949788211,0.321584775239197,-0.125517455561272,0.0436769032015364,-0.00219485440570946,-0.172912006265825,0.121161820352345,0.320408653724625,0.00220118833668864,-0.196862949788192,0.121161820352258,-0.168950930432566,0.321591824272323,0.125517674254576,-0.192229762951747,-0.00388845806777384,0.320401825541055,0.00388207781834689,0.0454297262096557,0.321584775239328,-0.125517455561234,0.320408653724543
0.33,0.53,0.346392255062453,0.135157151876512,-0.206519937909379,-0.00418148694480759,-0.190505943581802,-0.131484955772698,0.0507236127413271,0.00250013796448754,0.344872193661313,0.00418621726493535,0.0528341164464388,-0.131484955772732,-0.186400463623006,-0.00250485791378051,-0.211292738994621,0.346397466800444,-0.135157315027389,0.0507236127414414,-0.00250485791387658,-0.190510264540604,0.131485116080135,0.344867138618604,0.0025001379645357,-0.211292738994595,0.13148511608007,-0.186396190948677,0.34639225506238,0.135157151876636,-0.20651993790935,-0.00418148694489599,0.344872193661296,0.00418621726494295,0.0528341164465195,0.346397466800571,-0.135157315027353,0.344867138618515
0.33,0.58,0.366040529941544,0.143079982939354,-0.217621033364054,-0.00437533268120571,-0.204812085346807,-0.139885414809673,0.0564647289776018,0.00268141364104113,0.364263171104522,0.00438474738240159,0.0588534771512249,-0.139885414809647,-0.200574601886126,-0.00269083940074248,-0.22253424392476,0.366050893221259,-0.143080325552507,0.0564647289776979,-0.00269083940084709,-0.204820733825081,0.139885784904245,0.364253056216746,0.00268141364103662,-0.222534243924739,0.139885784904155,-0.200566121514356,0.366040529941514,0.143079982939494,-0.217621033364025,-0.00437533268131354,0.364263171104413,0.00438474738245161,0.0588534771513547,0.366050893221339,-0.143080325552522,0.364253056216578
0.33,0.63,0.388225685724471,0.152263468554543,-0.230495414485224,-0.00411906077870952,-0.221437630564734,-0.149475886782365,0.0637672104385589,0.00240827416441955,0.386203872370519,0.00411860439596278,0.0664099432423824,-0.149475886782379,-0.217054790318723,-0.00240783133474321,-0.235555552089242,0.388225206215357,-0.152263475121577,0.0637672104386782,-0.00240783133485187,-0.221437222699955,0.149475907043582,0.386204331653095,0.00240827416443542,-0.235555552089229,0.1494759070435,-0.217055242900212,0.38822568572439,0.152263468554663,-0.230495414485205,-0.00411906077881748,0.386203872370451,0.00411860439597024,0.0664099432424887,0.388225206215472,-0.152263475121561,0.38620433165299
0.33,0.68,0.409689781136603,0.161496098073725,-0.242995206603619,-0.00356146031290696,-0.237897924122692,-0.158986222240326,0.0712552846707143,0.00182297616531181,0.407481031498827,0.00356009104937514,0.0741066234550396,-0.15898622224033,-0.233386274455678,-0.00182161893658868,-0.248199711631457,0.409688322643784,-0.161496083738536,0.0712552846708507,-0.00182161893670812,-0.237896664960854,0.158986218842898,0.407482460630216,0.00182297616531464,-0.248199711631443,0.158986218842797,-0.233387577034642,0.409689781136523,0.161496098073858,-0.242995206603605,-0.0035614603130244,0.407481031498743,0.00356009104938534,0.0741066234551754,0.409688322643892,-0.16149608373853,0.407482460630107
0.38,0.03,0.171249076101979,0.0360912110553687,-0.146958850854937,0.00675706520824404,-0.0599215279371495,-0.0271519703206836,0.0358653032054778,-0.00516111403475698,0.175027486413715,-0.00675406392385804,0.0328354533392056,-0.0271519703207006,-0.0598322821236658,0.00515816724331048,-0.14753141304068,0.17125258320332,-0.0360911903619485,0.0358653032055667,0.00515816724324083,-0.0599239006817372,0.0271518566028822,0.175024266767615,-0.00516111403474,-0.147531413040655,0.0271518566028356,-0.0598295312907465,0.171249076101902,0.0360912110554416,-0.146958850854929,0.00675706520819616,0.175027486413736,-0.00675406392385814,0.0328354533392535,0.171252583203396,-0.0360911903619162,0.175024266767571
0.38,0.08,0.187996881836926,0.0504462923536874,-0.14643785314818,0.0039783882169368,-0.0742914810321427,-0.0414136861950057,0.033042761816913,-0.00348677822370465,0.191139031746791,-0.00397859694800049,0.0305762185213675,-0.041413686195009,-0.0733824580656138,0.00348697533010494,-0.147933378461792,0.187996634177631,-0.0504462828501847,0.0330427618170162,0.00348697533004174,-0.0742913152567997,0.0414136905497315,0.191139244188561,-0.0034867782236981,-0.147933378461772,0.0414136905496839,-0.0733826385277604,0.187996881836872,0.050446292353759,-0.146437853148165,0.00397838821687749,0.191139031746756,-0.00397859694799206,0.0305762185214421,0.187996634177692,-0.0504462828501714,0.191139244188487
0.38,0.13,0.205717350006231,0.0648123149779628,-0.147506546574914,0.0020470273657247,-0.0895125093839126,-0.0558506790269653,0.0316628149848065,-0.00240254927183041,0.208217784048084,-0.00204786432510349,0.0297882441210067,-0.0558506790269858,-0.0878111213259979,0.00240337175971397,-0.149875856323901,0.205716400780085,-0.0648122874405374,0.0316628149849229,0.00240337175962086,-0.0895118557910369,0.0558506668582321,0.208218749012167,-0.00240254927180861,-0.149875856323868,0.05585066685816,-0.0878118275426974,0.205717350006163,0.0648123149780653,-0.147506546574898,0.00204702736565207,0.208217784048038,-0.00204786432509861,0.0297882441211083,0.205716400780164,-0.0648122874404982,0.20821874901206
0.38,0.18,0.223881897288112,0.07795563564931,-0.150741477765476,0.000745269756495308,-0.104378657826455,-0.0692654519815133,0.0316097462806934,-0.00166632465586193,0.225802909625518,-0.00072907292842165,0.0303039522689215,-0.0692654519815227,-0.102051764327167,0.00165081135253234,-0.153801668145904,0.223900139897587,-0.0779559719250666,0.0316097462807666,0.00165081135244184,-0.104392570548358,0.0692650039163099,0.2257868333065,-0.00166632465584722,-0.153801668145881,0.0692650039162497,-0.102036672984252,0.223881897288054,0.0779556356494073,-0.150741477765447,0.000745269756414001,0.225802909625478,-0.000729072928393027,0.0303039522690277,0.223900139897685,-0.0779559719250631,0.225786833306403
0.38,0.23,0.241757785215917,0.0892501085936695,-0.155669094867996,-0.000357519576816472,-0.117961355032844,-0.0809798865049813,0.0322272570940648,-0.000914378234549991,0.243118195624852,0.000369346794031835,0.0314655877952749,-0.0809798865049769,-0.115152993269829,0.000902970589228716,-0.159232190440509,0.241771014779161,-0.0892503937738245,0.0322272570941589,0.000902970589168556,-0.117971611800648,0.0809797065957392,0.243106255421245,-0.00091437823453216,-0.159232190440482,0.0809797065956999,-0.115142063275701,0.241757785215864,0.0892501085937495,-0.155669094867963,-0.000357519576879061,0.243118195624819,0.000369346794045961,0.0314655877953492,0.241771014779239,-0.0892503937738182,0.243106255421165
0.38,0.28,0.261826388938364,0.100150810475125,-0.163073475209799,-0.00147157564141425,-0.132230656619132,-0.0924843755560214,0.0337935902417072,-2.65930959495508e-05,0.262594481406827,0.00146040600944122,0.0335966340940362,-0.0924843755560407,-0.129022157765574,3.73983354672883e-05,-0.167022475237894,0.261813993889538,-0.100150544918814,0.0337935902418486,3.73983353858997e-05,-0.132220866751331,0.0924845022290704,0.262605822397887,-2.65930959050508e-05,-0.167022475237862,0.0924845022290151,-0.129032519284499,0.261826388938303,0.100150810475234,-0.163073475209772,-0.00147157564149833,0.262594481406813,0.00146040600943964,0.0335966340941108,0.261813993889648,-0.100150544918788,0.262605822397815
0.38,0.33,0.28344807118968,0.110357223855206,-0.172690081394036,-0.0025687715922993,-0.146933858166906,-0.103428048955324,0.0364384000448022,0.00094488714905602,0.283660516138646,0.00255405981951684,0.036796515102288,-0.103428048955353,-0.143438317795884,-0.000930558025352374,-0.176916191167534,0.283431782050708,-0.110356872716831,0.0364384000449308,-0.000930558025459829,-0.146920784369282,0.103428101919959,0.283675496043348,0.000944887149106227,-0.176916191167516,0.103428101919862,-0.14345196631259,0.283448071189571,0.110357223855331,-0.17269008139401,-0.00256877159241469,0.283660516138583,0.00255405981949874,0.0367965151023845,0.283431782050864,-0.110356872716814,0.283675496043262
0.38,0.38,0.306394444925643,0.120077610223851,-0.184229881255552,-0.00353447055712311,-0.162338259457845,-0.113961739277546,0.0403798894558283,0.00185029734108442,0.306103671655599,0.00353587361234747,0.0412657113233102,-0.113961739277562,-0.158640827368563,-0.00185166784215031,-0.188660273752345,0.306395992559884,-0.120077642161428,0.0403798894559563,-0.00185166784229089,-0.162339512113969,0.113961737607599,0.306102238148681,0.0018502973411316,-0.188660273752298,0.113961737607494,-0.158639524663542,0.306394444925524,0.120077610224014,-0.184229881255526,-0.00353447055723869,0.306103671655539,0.00353587361237021,0.0412657113234269,0.306395992560051,-0.120077642161383,0.306102238148519
0.38,0.43,0.330399025803803,0.129632689951836,-0.197298001799267,-0.00420854751227261,-0.178726296304845,-0.124342218219526,0.045783001068494,0.00249999379667078,0.329637281443223,0.00421413448943069,0.0471547387229049,-0.124342218219549,-0.174854315524353,-0.0025055166263385,-0.201895079962957,0.330405184238615,-0.129632833357854,0.0457830010686331,-0.00250551662645502,-0.178731378467927,0.124342298694524,0.329631507883216,0.00249999379670318,-0.201895079962937,0.124342298694421,-0.174849156566951,0.33039902580369,0.129632689951967,-0.197298001799254,-0.004208547512379,0.329637281443157,0.00421413448942273,0.0471547387230058,0.330405184238746,-0.129632833357814,0.329631507883097
0.38,0.48,0.354905745057315,0.139249069807531,-0.211289535079086,-0.00444733766256447,-0.196042444619734,-0.13473212690031,0.0525465355972115,0.00272803444685036,0.353716707212413,0.00444702509944505,0.0543526184196402,-0.134732126900312,-0.192002257458436,-0.00272769961576695,-0.2160425199374,0.354905369393994,-0.139249030861099,0.0525465355973262,-0.00272769961586347,-0.196042160499929,0.134732062842673,0.353717111524759,0.00272803444686329,-0.216042519937385,0.134732062842587,-0.192002472086561,0.354905745057239,0.139249069807639,-0.211289535079085,-0.00444733766264826,0.35371670721236,0.00444702509944348,0.0543526184197478,0.354905369394085,-0.139249030861081,0.35371711152467
0.38,0.53,0.379086576161443,0.148938242763746,-0.225422444880592,-0.00422201525423322,-0.213799437494673,-0.14509264306888,0.0602277627278118,0.00249086456441986,0.377537391084767,0.00422356648044447,0.0624123573194857,-0.145092643068912,-0.209601558120379,-0.00249240083115453,-0.230334571434877,0.379088276148137,-0.148938278843157,0.0602277627279647,-0.00249240083127491,-0.213800851352855,0.145092665365018,0.37753577295103,0.00249086456445998,-0.23033457143486,0.145092665364925,-0.209600120885199,0.379086576161324,0.148938242763874,-0.225422444880574,-0.00422201525434996,0.377537391084728,0.00422356648042834,0.062412357319585,0.379088276148279,-0.148938278843118,0.377535772950947
0.38,0.58,0.399479646266099,0.157561495057289,-0.237135949682438,-0.00383204072581482,-0.229347911583692,-0.154204463319179,0.0670792683616285,0.00207656119050614,0.397656487036262,0.00383983406587461,0.06956031786823,-0.154204463319172,-0.225006743820845,-0.00208435905315424,-0.242202022874027,0.399488180630693,-0.157561719667838,0.0670792683617516,-0.00208435905326059,-0.229355157558219,0.154204701145053,0.397648311053221,0.00207656119051329,-0.242202022874006,0.154204701144972,-0.224999564667051,0.399479646266057,0.157561495057422,-0.237135949682413,-0.00383204072592338,0.397656487036184,0.00383983406590492,0.0695603178683561,0.399488180630793,-0.157561719667846,0.397648311053096
0.38,0.63,0.41906440495706,0.165945837495378,-0.248532525264322,-0.00325119850091478,-0.244510776424409,-0.162993319712204,0.0740427740162087,0.00147159986757479,0.416984763407522,0.00324356689929737,0.0767823656068556,-0.162993319712227,-0.240013833079226,-0.00146394447952577,-0.25374987273761,0.419056062253125,-0.165945604072956,0.0740427740163534,-0.00146394447963052,-0.244503651229457,0.162993052738019,0.416992813402479,0.00147159986760873,-0.253749872737579,0.162993052737949,-0.240020846475284,0.419064404956989,0.165945837495503,-0.248532525264307,-0.00325119850099954,0.416984763407519,0.00324356689929168,0.0767823656069661,0.41905606225322,-0.165945604072917,0.416992813402419
0.38,0.68,0.436838861470344,0.173776986914929,-0.258903977874414,-0.00252737648986608,-0.258535307633259,-0.171117537244993,0.080655869043324,0.0007201028652935,0.434575427211905,0.00252452394044954,0.0836032958182795,-0.171117537244988,-0.253917008232301,-0.000717221971655686,-0.264259919290273,0.436835727863444,-0.173776870762102,0.0806558690434427,-0.000717221971792228,-0.258532623694614,0.171117387859724,0.434578483956902,0.000720102865309702,-0.264259919290244,0.171117387859613,-0.253919582480803,0.436838861470232,0.173776986915077,-0.258903977874407,-0.00252737648998124,0.434575427211812,0.00252452394046457,0.0836032958184079,0.436835727863578,-0.173776870762086,0.434578483956749
0.43,0.03,0.196460262823094,0.0471105647595725,-0.160731061973828,0.00628750560379344,-0.0776761917950442,-0.0382707491087548,0.0421830629705044,-0.00505813425729748,0.200277163169549,-0.00628785331370408,0.0390966210146245,-0.0382707491087483,-0.077362762284066,0.00505847558391192,-0.161583857742633,0.196459837493511,-0.0471105256273616,0.0421830629705699,0.00505847558385843,-0.0776758783095252,0.038270718792427,0.200277512061169,-0.00505813425729748,-0.161583857742609,0.0382707187923958,-0.0773630372502017,0.196460262823048,0.0471105647596392,-0.160731061973803,0.00628750560374406,0.200277163169524,-0.00628785331367414,0.0390966210146838,0.19645983749357,-0.047110525627359,0.20027751206109
0.43,0.08,0.214695536427863,0.0626407724556032,-0.159953968967118,0.00306386015194572,-0.0931057098350017,-0.0537397007140381,0.0386621659935443,-0.00283358105912338,0.217812817193245,-0.00305525382868864,0.0362305927729873,-0.0537397007140612,-0.091965279638906,0.00282524267913497,-0.161734637868188,0.214705148702348,-0.0626407572410259,0.0386621659936644,0.00282524267905341,-0.0931131001596521,0.0537393479255185,0.217804211423612,-0.00283358105909574,-0.16173463786816,0.053739347925467,-0.0919570541838015,0.214695536427794,0.0626407724556999,-0.15995396896709,0.00306386015186389,0.217812817193213,-0.00305525382869131,0.0362305927731022,0.214705148702455,-0.0626407572410085,0.217804211423536
0.43,0.13,0.233511598848699,0.0777192580331873,-0.161112068243754,0.000902085963597734,-0.109025383311367,-0.0689065824975478,0.0369646365668644,-0.00143036612293067,0.235943989338434,-0.000900569679640946,0.0351748429789933,-0.0689065824975454,-0.1071016195321,0.00142889287274817,-0.163741115668907,0.233513286356191,-0.0777192779345939,0.0369646365669709,0.00142889287265761,-0.10902669431078,0.0689065515496415,0.23594244710842,-0.00143036612290623,-0.163741115668879,0.06890655154959,-0.107100204505361,0.233511598848645,0.0777192580332801,-0.161112068243735,0.000902085963518152,0.235943989338389,-0.000900569679632741,0.0351748429790774,0.23351328635628,-0.0777192779345865,0.235942447108315
0.43,0.18,0.252605321467103,0.0912246213402337,-0.164770746709485,-0.000512533494072713,-0.124386774311772,-0.0826845968133805,0.036897898613661,-0.000523014884010922,0.254419578220688,0.000516230151232448,0.0357094002250186,-0.0826845968133699,-0.121845768414859,0.000519441695003148,-0.168063250536144,0.252609428740781,-0.0912246727174016,0.0368978986137733,0.000519441694919902,-0.124390059252474,0.0826845044391845,0.254415967905071,-0.000523014884012351,-0.168063250536119,0.0826845044391147,-0.12184225579746,0.252605321467064,0.0912246213403364,-0.164770746709467,-0.000512533494153669,0.254419578220623,0.000516230151251389,0.0357094002251149,0.252609428740844,-0.0912246727173956,0.254415967904966
0.43,0.23,0.271829169735721,0.102977604983277,-0.170542066359819,-0.00163908202538553,-0.13884393689516,-0.0948630812343244,0.0378852343677413,0.00028069061235064,0.273048343684221,0.00162690349086015,0.0372680257510285,-0.0948630812343246,-0.135823270661202,-0.000268900570550345,-0.174321466910186,0.271815752961111,-0.102977423609129,0.0378852343678847,-0.000268900570646855,-0.138833036309533,0.0948633379545046,0.273060335546403,0.000280690612353166,-0.174321466910171,0.094863337954417,-0.135834866783842,0.271829169735666,0.102977604983395,-0.170542066359801,-0.00163908202549073,0.273048343684134,0.00162690349086482,0.0372680257511521,0.271815752961199,-0.102977423609121,0.273060335546286
0.43,0.28,0.292966803162495,0.113975464153926,-0.1789684380401,-0.00269301982240913,-0.153712225045796,-0.106464132154983,0.0400023647728212,0.00112959006768064,0.293602489173983,0.00268299122809188,0.0399717178350153,-0.106464132154989,-0.150332678117858,-0.00111983987971595,-0.183114513456975,0.292955729410769,-0.113975300391406,0.0400023647729434,-0.00111983987983205,-0.153703145058689,0.106464280105329,0.293612310333561,0.00112959006770048,-0.183114513456952,0.106464280105236,-0.150342217824944,0.29296680316242,0.113975464154064,-0.17896843804007,-0.00269301982252211,0.293602489173929,0.00268299122811172,0.0399717178351311,0.292955729410897,-0.113975300391403,0.293612310333449
0.43,0.33,0.315606471946216,0.12423039534267,-0.189725857696129,-0.00360885891190129,-0.169114150397716,-0.117459027533667,0.0434708261770028,0.00192959004674293,0.315688690861067,0.00361441069231665,0.0440157688910451,-0.11745902753368,-0.165479439919716,-0.00193501498131633,-0.194136349097075,0.315612535347147,-0.124230470029063,0.0434708261771165,-0.00193501498141663,-0.169119213214942,0.117458963604709,0.315683188023791,0.00192959004676384,-0.194136349097048,0.117458963604643,-0.165474132717287,0.315606471946151,0.124230395342786,-0.189725857696107,-0.00360885891198634,0.315688690861052,0.00361441069232903,0.0440157688911657,0.315612535347255,-0.124230470029048,0.31568318802372
0.43,0.38,0.339294398484263,0.133966780273666,-0.20229902352217,-0.00425474879576547,-0.185241805645356,-0.128014180966337,0.0484342842912168,0.00251821966421492,0.338834732379243,0.00425437596981309,0.0495242594760443,-0.128014180966346,-0.181394057899016,-0.00251783111448504,-0.20690731157814,0.339293962067243,-0.13396674201981,0.048434284291303,-0.00251783111458684,-0.185241482480678,0.128014123421268,0.338835209507232,0.00251821966423342,-0.206907311578121,0.128014123421185,-0.181394324989459,0.339294398484184,0.133966780273786,-0.202299023522146,-0.00425474879586032,0.338834732379184,0.00425437596983045,0.0495242594761452,0.339293962067363,-0.133966742019801,0.338835209507129
0.43,0.43,0.36336758060579,0.143457947034707,-0.215963225121817,-0.0044572005304434,-0.2021048437934,-0.138333822585192,0.0548441485129504,0.00269573287571454,0.362430478597243,0.00446448141821363,0.0564315805653938,-0.138333822585204,-0.198088822874813,-0.00270290314473213,-0.22073802729898,0.363375533912583,-0.143458049990535,0.0548441485131288,-0.0027029031448592,-0.202111584152687,0.138333807945242,0.362423248311271,0.00269573287574262,-0.220738027298959,0.13833380794514,-0.19808186105779,0.363367580605719,0.143457947034857,-0.215963225121803,-0.00445720053056777,0.362430478597181,0.00446448141820982,0.0564315805655174,0.363375533912695,-0.143458049990505,0.362423248311146
0.43,0.48,0.38700622543178,0.152824465117288,-0.229838753538024,-0.00419049224080433,-0.219363935772693,-0.148471577413639,0.0623063666216636,0.00241586246124944,0.385639565568745,0.00419341204009924,0.0643329296321673,-0.148471577413667,-0.215179361369225,-0.00241877155599405,-0.234773187503471,0.387009427942491,-0.152824530270053,0.0623063666217943,-0.002418771556094,-0.219366664739142,0.148471632308139,0.385636597544353,0.0024158624612997,-0.234773187503443,0.148471632308059,-0.215176620665248,0.38700622543167,0.152824465117411,-0.229838753538017,-0.00419049224088359,0.385639565568713,0.00419341204008492,0.0643329296322355,0.387009427942629,-0.152824530270001,0.385636597544247
0.43,0.53,0.409106384888656,0.161865519951782,-0.242930401495948,-0.00357968156976791,-0.236156947232909,-0.158173154253694,0.0700665701014744,0.00179145974416159,0.407377640734495,0.00357895764473133,0.0724669951677003,-0.158173154253714,-0.231808430452061,-0.00179074858100177,-0.248025742467401,0.409105598424121,-0.161865511921442,0.0700665701016336,-0.0017907485811418,-0.236156286385838,0.158173158995401,0.407378374389324,0.00179145974419822,-0.248025742467373,0.158173158995295,-0.231809120579043,0.409106384888528,0.16186551995193,-0.242930401495938,-0.00357968156988756,0.407377640734436,0.00357895764472126,0.0724669951678198,0.40910559842427,-0.161865511921399,0.407378374389205
0.43,0.58,0.427298921324609,0.169738396651693,-0.253470100255835,-0.00291845008069006,-0.250506762476069,-0.166531311137511,0.0767482944455756,0.00110780580526754,0.425294718649299,0.00291625945807278,0.0794366592647284,-0.166531311137515,-0.246010546179496,-0.00110563853945245,-0.258715341655344,0.427296593686531,-0.169738387909508,0.0767482944456656,-0.0011056385395275,-0.250504705986743,0.166531326090014,0.42529690962482,0.00110780580526617,-0.258715341655331,0.166531326089955,-0.246012684943565,0.427298921324562,0.169738396651775,-0.253470100255831,-0.00291845008075041,0.425294718649273,0.00291625945808044,0.0794366592648241,0.427296593686581,-0.16973838790949,0.425296909624758
0.43,0.63,0.443373074043722,0.176804593653305,-0.262812263271921,-0.00222382854312127,-0.26335469319665,-0.173980978126243,0.0828536307687779,0.000392291409934249,0.441144084458401,0.00221886259300563,0.0857787569452409,-0.173980978126281,-0.258724481145554,-0.00038728814466448,-0.268195885293371,0.443367644167688,-0.176804442740659,0.0828536307689596,-0.00038728814477994,-0.263349962758519,0.173980785215108,0.441149219307423,0.00039229140999268,-0.268195885293342,0.173980785215022,-0.258729097657067,0.443373074043621,0.176804593653438,-0.262812263271913,-0.00222382854321952,0.44114408445837,0.00221886259297365,0.0857787569453109,0.443367644167814,-0.176804442740599,0.441149219307335
0.43,0.68,0.456042447329014,0.182546999622789,-0.270100444271474,-0.00160847335001266,-0.273614331246205,-0.179980715822811,0.0877251453871437,-0.000244532847437015,0.453659806254761,0.00160889374171995,0.0908229369028708,-0.179980715822807,-0.268883482345031,0.00024410953117421,-0.275597837572505,0.456042904028905,-0.182547011802354,0.0877251453872419,0.000244109531053587,-0.273614726050164,0.179980731490199,0.453659360715483,-0.000244532847431365,-0.275597837572486,0.179980731490091,-0.268883094033034,0.456042447328911,0.182546999622921,-0.270100444271467,-0.0016084733501209,0.453659806254649,0.00160889374173801,0.0908229369029851,0.45604290402903,-0.182547011802348,0.453659360715335
0.48,0.03,0.223781620907922,0.0604548582133029,-0.173516709403157,0.00522223634675377,-0.0978388962233423,-0.0517865813615004,0.0478122156606182,-0.00442769032922899,0.227417169742544,-0.00522116457921496,0.044893265223708,-0.0517865813615335,-0.0971884608199088,0.00442663566070972,-0.174766111840161,0.223782806395251,-0.0604548490264358,0.0478122156607161,0.00442663566063039,-0.0978398377027259,0.0517865475631939,0.227416084265018,-0.00442769032920594,-0.174766111840146,0.0517865475631222,-0.0971874287120472,0.223781620907843,0.0604548582134064,-0.173516709403133,0.00522223634665944,0.2274171697425,-0.00522116457921534,0.0448932652237755,0.223782806395376,-0.0604548490264146,0.227416084264939
0.48,0.08,0.243222034231456,0.0768863116073444,-0.172682559946822,0.00175389029163721,-0.114099513044207,-0.0681931254709208,0.043850862008972,-0.0018624752479445,0.246082957928713,-0.00175735638827276,0.0416608516625878,-0.0681931254709565,-0.112585325775853,0.00186584687998648,-0.174872797297943,0.243218210583326,-0.0768863139621132,0.0438508620090592,0.00186584687991933,-0.114096409595097,0.0681932457085501,0.246086330975195,-0.00186247524789069,-0.174872797297909,0.0681932457085063,-0.11258868923367,0.243222034231356,0.0768863116074254,-0.172682559946807,0.00175389029159058,0.246082957928716,-0.00175735638828839,0.0416608516626406,0.243218210583449,-0.0768863139620663,0.246086330975135
0.48,0.13,0.262846607889078,0.0923346824130825,-0.174232338259081,-0.000392058146327559,-0.130449132518806,-0.0837604955492377,0.0421558984864671,-0.000388758047661799,0.264996810752826,0.000381908506644408,0.0406456055032702,-0.0837604955492551,-0.128167645650029,0.000398614711390583,-0.177245095767969,0.26283543425375,-0.092334622753602,0.0421558984865694,0.000398614711324798,-0.130439935830522,0.0837607881815608,0.265006592193511,-0.000388758047622665,-0.177245095767936,0.0837607881815152,-0.128177477095745,0.262846607889004,0.0923346824131695,-0.174232338259069,-0.00039205814637689,0.264996810752795,0.000381908506644635,0.0406456055033292,0.262835434253852,-0.0923346227535634,0.26500659219341
0.48,0.18,0.282664687485844,0.105844195889835,-0.178688213913159,-0.00169391797393799,-0.146044179775567,-0.0975692962408527,0.0423885694783073,0.000470368492666874,0.284180535825487,0.00168611899262192,0.0415045474754054,-0.0975692962409024,-0.143177877079869,-0.00046280096530987,-0.182325061350456,0.282656140401122,-0.105844124377261,0.0423885694784554,-0.000462800965413512,-0.146037129499437,0.0975694918476325,0.284188121993201,0.000470368492718232,-0.182325061350422,0.0975694918475662,-0.143185386901106,0.282664687485728,0.105844195889964,-0.178688213913128,-0.00169391797403964,0.284180535825472,0.00168611899261915,0.0415045474755239,0.282656140401305,-0.105844124377215,0.284188121993119
0.48,0.23,0.302975233788523,0.117656922946763,-0.18563855144158,-0.00263768627439448,-0.161036770432856,-0.109843766721816,0.0439971688559384,0.00113198635674027,0.30390303680408,0.00263932729087308,0.0437090427443999,-0.109843766721807,-0.157743291026159,-0.00113360903006959,-0.189728470781287,0.302977033850961,-0.117656941653265,0.0439971688560657,-0.00113360903017478,-0.161038292189831,0.109843762559497,0.303901414389023,0.00113198635673109,-0.189728470781265,0.109843762559406,-0.157741719879203,0.30297523378849,0.117656922946891,-0.185638551441566,-0.00263768627448912,0.303903036803999,0.00263932729090045,0.0437090427445402,0.30297703385103,-0.117656941653264,0.303901414388895
0.48,0.28,0.325356326506871,0.128600646721395,-0.195567507693616,-0.00345107682573805,-0.176591106707533,-0.121442549502432,0.0470580521608685,0.00177273625361773,0.325676025555131,0.00345111762164716,0.0473810097808605,-0.12144254950243,-0.17296831316559,-0.00177276325996398,-0.199987793264298,0.32535635815075,-0.128600625317089,0.047058052161017,-0.00177276326010241,-0.176591175342804,0.121442510305166,0.325676078396285,0.00177273625363571,-0.199987793264262,0.12144251030506,-0.17296820353802,0.325356326506778,0.128600646721545,-0.195567507693604,-0.00345107682585,0.325676025555058,0.00345111762166047,0.0473810097810017,0.325356358150865,-0.128600625317057,0.325676078396132
0.48,0.33,0.348645737129492,0.138536650171309,-0.207596813782102,-0.00403467836923525,-0.192438074955323,-0.132169981527326,0.0515944482665047,0.0022676797362564,0.348407260021452,0.00405651536898643,0.0525068100252281,-0.132169981527357,-0.188599100632886,-0.0022890856817244,-0.212247238146812,0.348669559099314,-0.138536859724116,0.0515944482666551,-0.00228908568183166,-0.192458381171148,0.132169706826682,0.34838613868722,0.00226767973628229,-0.212247238146797,0.132169706826587,-0.188577910697145,0.348645737129415,0.13853665017144,-0.207596813782082,-0.0040346783693526,0.348407260021387,0.00405651536898277,0.0525068100253382,0.348669559099443,-0.138536859724091,0.348386138687131
0.48,0.38,0.372253666143403,0.147869179528158,-0.220906324376998,-0.00424703802738065,-0.208815933417031,-0.142361403838844,0.0576283288439163,0.00244280592287333,0.371466047828491,0.00425570616241409,0.0590874039447394,-0.142361403838856,-0.204779903393942,-0.00245135366259163,-0.225731526413462,0.372263111181429,-0.14786927338274,0.0576283288440352,-0.00245135366271282,-0.208824045954271,0.142361363999707,0.371457584591256,0.00244280592291576,-0.225731526413438,0.14236136399961,-0.204771519619106,0.372253666143266,0.147869179528278,-0.220906324376992,-0.00424703802747392,0.37146604782844,0.00425570616240138,0.0590874039448414,0.37226311118157,-0.147869273382706,0.371457584591145
0.48,0.43,0.395245813129603,0.156837644909257,-0.234466501074834,-0.00398933462675644,-0.225466736958982,-0.152173856507624,0.0648092619776031,0.00217323417813653,0.393972170911283,0.00398578129401804,0.0667541760681446,-0.152173856507636,-0.221255449310432,-0.00216971601798576,-0.239447053965829,0.395241930600468,-0.15683759648913,0.0648092619777389,-0.00216971601810538,-0.225463405747435,0.152173846115659,0.393975677006224,0.0021732341781699,-0.239447053965798,0.152173846115567,-0.221258861683035,0.395245813129515,0.1568376449094,-0.234466501074812,-0.00398933462686811,0.39397217091122,0.00398578129403051,0.0667541760682462,0.395241930600602,-0.156837596489101,0.393975677006095
0.48,0.48,0.416559740076008,0.165390103739317,-0.247213127088538,-0.00335848443598921,-0.241651973031289,-0.16148086787477,0.0723979059609384,0.00153688529122963,0.414887603289053,0.00335734874740803,0.0747569811884146,-0.161480867874801,-0.237284610803656,-0.00153575639100146,-0.252347531104039,0.41655850485316,-0.165390088444145,0.0723979059611047,-0.00153575639113958,-0.241650902923594,0.161480859727262,0.414888732988248,0.00153688529127001,-0.252347531104025,0.161480859727144,-0.237285701759833,0.416559740075886,0.165390103739469,-0.247213127088519,-0.00335848443612933,0.414887603288986,0.00335734874739322,0.074756981188541,0.416558504853325,-0.165390088444116,0.414888732988147
0.48,0.53,0.435077530786148,0.173161132261456,-0.258178253023542,-0.00260429657639293,-0.256272280144622,-0.169863773910719,0.0794458934248341,0.000773191677269923,0.433077433866195,0.00259879006435501,0.0821414971676392,-0.169863773910695,-0.251748438520257,-0.000767692355217119,-0.263464562941888,0.435071542837587,-0.17316104410609,0.0794458934249467,-0.000767692355350148,-0.256267025872409,0.169863693591618,0.43308289274145,0.000773191677275357,-0.263464562941867,0.169863693591503,-0.251753730389013,0.435077530786077,0.17316113226162,-0.258178253023523,-0.0026042965765217,0.433077433866077,0.00259879006439036,0.0821414971677989,0.435071542837723,-0.173161044106115,0.433082892741279
0.48,0.58,0.449140212170926,0.179420410125462,-0.266279475693597,-0.00192391843185156,-0.26772673975079,-0.176544739823332,0.0849266619598472,7.63166040095288e-05,0.446914322411223,0.00192442493461028,0.0878650832742252,-0.176544739823328,-0.263080077226167,-7.68154635718416e-05,-0.271696446400266,0.449140743466219,-0.179420400967485,0.0849266619600061,-7.68154637105119e-05,-0.267727231546138,0.176544722102649,0.446913859618151,7.63166040111397e-05,-0.271696446400247,0.176544722102522,-0.263079551517489,0.44914021217085,0.179420410125629,-0.266279475693581,-0.00192391843199023,0.446914322411094,0.0019244249346426,0.0878650832743669,0.449140743466341,-0.179420400967481,0.446913859617971
0.48,0.63,0.459959867790875,0.184358870820303,-0.272421368715029,-0.00138697388002154,-0.276626673668673,-0.181776639119011,0.0891414393113908,-0.000476898642379439,0.457564438111648,0.0013861947115368,0.0922579158425567,-0.181776639119061,-0.271875009888913,0.00047769372570138,-0.27794594986402,0.459959014643621,-0.184358844421711,0.0891414393115583,0.000477693725610109,-0.27662589231724,0.181776596626563,0.457565205642442,-0.000476898642323445,-0.277945949864008,0.181776596626476,-0.27187575064706,0.459959867790783,0.184358870820422,-0.272421368715009,-0.00138697388012431,0.45756443811161,0.00138619471150435,0.0922579158426152,0.459959014643755,-0.184358844421666,0.457565205642387
0.48,0.68,0.466989062395059,0.187560475348773,-0.276393529716047,-0.00107650409505858,-0.282355161708822,-0.185146981365715,0.0918088086600982,-0.000798711683746209,0.464492880602312,0.00107650752475244,0.0950349434799557,-0.185146981365731,-0.277536137553921,0.000798707312890909,-0.281990879261421,0.466989074117904,-0.187560481161439,0.0918088086602695,0.000798707312742347,-0.282355151314007,0.185146988603952,0.464492851269596,-0.000798711683718599,-0.281990879261392,0.185146988603828,-0.277536153261361,0.466989062394936,0.187560475348946,-0.276393529716032,-0.00107650409519178,0.464492880602219,0.00107650752475751,0.0950349434800886,0.466989074118061,-0.187560481161406,0.464492851269441
