a,b,d,C11,C22,C33,C12,anisotropy
0.700000,-1.000000,2.857143,0.000001,0.000001,0.000000,0.000000,0.992379
0.700000,-0.931034,2.666893,0.000001,0.000001,0.000000,0.000000,0.993239
0.700000,-0.862069,2.490233,0.000001,0.000001,0.000000,0.000000,0.994022
0.700000,-0.793103,2.327162,0.000001,0.000001,0.000000,0.000000,0.994737
0.700000,-0.724138,2.177680,0.000001,0.000001,0.000000,0.000000,0.995397
0.700000,-0.655172,2.041787,0.082696,0.272948,0.083753,0.067927,0.302972
0.700000,-0.586207,1.919484,0.100389,0.271497,0.082092,0.064970,0.369762
0.700000,-0.517241,1.810769,0.121331,0.271946,0.078421,0.060934,0.446158
0.700000,-0.448276,1.715645,0.145533,0.274363,0.072357,0.056022,0.530440
0.700000,-0.379310,1.634109,0.172621,0.278598,0.063692,0.050622,0.619606
0.700000,-0.310345,1.566163,0.201619,0.284206,0.052580,0.045278,0.709411
0.700000,-0.241379,1.511806,0.230673,0.298431,0.040312,0.040876,0.772951
0.700000,-0.172414,1.471038,0.257161,0.304472,0.027325,0.037323,0.844612
0.700000,-0.103448,1.443859,0.277760,0.309247,0.016486,0.035052,0.898181
0.700000,-0.034483,1.430270,0.289181,0.311952,0.010271,0.034011,0.927007
0.700000,0.034483,1.430270,0.289178,0.311945,0.010270,0.034008,0.927015
0.700000,0.103448,1.443859,0.277766,0.309259,0.016488,0.035055,0.898166
0.700000,0.172414,1.471038,0.257164,0.304477,0.027325,0.037324,0.844607
0.700000,0.241379,1.511806,0.230674,0.298434,0.040312,0.040877,0.772948
0.700000,0.310345,1.566163,0.201609,0.284178,0.052578,0.045276,0.709447
0.700000,0.379310,1.634109,0.172627,0.278611,0.063693,0.050621,0.619599
0.700000,0.448276,1.715645,0.145536,0.274373,0.072358,0.056021,0.530430
0.700000,0.517241,1.810769,0.121328,0.271933,0.078420,0.060935,0.446167
0.700000,0.586207,1.919484,0.100387,0.271487,0.082091,0.064972,0.369766
0.700000,0.655172,2.041787,0.082697,0.272950,0.083754,0.067926,0.302973
0.700000,0.724138,2.177680,0.000001,0.000001,0.000000,0.000000,0.995397
0.700000,0.793103,2.327162,0.000001,0.000001,0.000000,0.000000,0.994737
0.700000,0.862069,2.490233,0.000001,0.000001,0.000000,0.000000,0.994022
0.700000,0.931034,2.666893,0.000001,0.000001,0.000000,0.000000,0.993239
0.700000,1.000000,2.857143,0.000001,0.000001,0.000000,0.000000,0.992379
0.744828,-1.000000,2.685185,0.000001,0.000001,0.000000,0.000000,0.992708
0.744828,-0.931034,2.506386,0.000001,0.000001,0.000000,0.000000,0.993509
0.744828,-0.862069,2.340358,0.000001,0.000001,0.000000,0.000000,0.994246
0.744828,-0.793103,2.187101,0.064161,0.267420,0.085631,0.073219,0.239924
0.744828,-0.724138,2.046616,0.077080,0.263510,0.086054,0.071821,0.292511
0.744828,-0.655172,1.918902,0.092571,0.261182,0.085218,0.069335,0.354431
0.744828,-0.586207,1.803959,0.110899,0.260722,0.082772,0.065728,0.425352
0.744828,-0.517241,1.701788,0.132172,0.262303,0.078361,0.061104,0.503888
0.744828,-0.448276,1.612388,0.156268,0.265956,0.071712,0.055732,0.587570
0.744828,-0.379310,1.535760,0.182661,0.271422,0.062726,0.050061,0.672979
0.744828,-0.310345,1.471903,0.210312,0.278217,0.051661,0.044654,0.755925
0.744828,-0.241379,1.420817,0.237379,0.293414,0.039884,0.040369,0.809025
0.744828,-0.172414,1.382503,0.261631,0.300407,0.027611,0.037031,0.870922
0.744828,-0.103448,1.356960,0.280199,0.305893,0.017536,0.034988,0.916002
0.744828,-0.034483,1.344189,0.290392,0.308975,0.011820,0.034086,0.939854
0.744828,0.034483,1.344189,0.290388,0.308968,0.011819,0.034083,0.939864
0.744828,0.103448,1.356960,0.280199,0.305894,0.017536,0.034988,0.916002
0.744828,0.172414,1.382503,0.261635,0.300414,0.027611,0.037032,0.870915
0.744828,0.241379,1.420817,0.237378,0.293412,0.039884,0.040369,0.809027
0.744828,0.310345,1.471903,0.210313,0.278224,0.051661,0.044655,0.755911
0.744828,0.379310,1.535760,0.182658,0.271418,0.062726,0.050061,0.672978
0.744828,0.448276,1.612388,0.156265,0.265953,0.071711,0.055732,0.587566
0.744828,0.517241,1.701788,0.132173,0.262311,0.078362,0.061103,0.503881
0.744828,0.586207,1.803959,0.110896,0.260720,0.082771,0.065729,0.425346
0.744828,0.655172,1.918902,0.092572,0.261185,0.085219,0.069335,0.354431
0.744828,0.724138,2.046616,0.077079,0.263512,0.086054,0.071821,0.292508
0.744828,0.793103,2.187101,0.064159,0.267415,0.085630,0.073219,0.239925
0.744828,0.862069,2.340358,0.000001,0.000001,0.000000,0.000000,0.994246
0.744828,0.931034,2.506386,0.000001,0.000001,0.000000,0.000000,0.993509
0.744828,1.000000,2.685185,0.000001,0.000001,0.000000,0.000000,0.992708
0.789655,-1.000000,2.532751,0.000001,0.000001,0.000000,0.000000,0.992929
0.789655,-0.931034,2.364102,0.051505,0.265292,0.085697,0.076497,0.194145
0.789655,-0.862069,2.207499,0.061054,0.259568,0.087270,0.076437,0.235213
0.789655,-0.793103,2.062942,0.072517,0.254923,0.088080,0.075490,0.284467
0.789655,-0.724138,1.930432,0.086186,0.251681,0.087874,0.073521,0.342442
0.789655,-0.655172,1.809968,0.102313,0.250155,0.086365,0.070449,0.408998
0.789655,-0.586207,1.701551,0.121076,0.250649,0.083254,0.066282,0.483050
0.789655,-0.517241,1.605180,0.142476,0.253287,0.078259,0.061174,0.562508
0.789655,-0.448276,1.520855,0.166270,0.258046,0.071189,0.055448,0.644341
0.789655,-0.379310,1.448577,0.191861,0.264681,0.062035,0.049586,0.724875
0.789655,-0.310345,1.388345,0.218063,0.280201,0.051803,0.044425,0.778240
0.789655,-0.241379,1.340160,0.243369,0.288753,0.039794,0.039978,0.842827
0.789655,-0.172414,1.304020,0.265637,0.296698,0.028119,0.036816,0.895312
0.789655,-0.103448,1.279928,0.282460,0.302910,0.018647,0.034949,0.932490
0.789655,-0.034483,1.267881,0.291614,0.306377,0.013310,0.034148,0.951813
0.789655,0.034483,1.267881,0.291611,0.306372,0.013309,0.034146,0.951818
0.789655,0.103448,1.279928,0.282461,0.302912,0.018647,0.034950,0.932488
0.789655,0.172414,1.304020,0.265639,0.296700,0.028120,0.036817,0.895309
0.789655,0.241379,1.340160,0.243369,0.288753,0.039794,0.039978,0.842827
0.789655,0.310345,1.388345,0.218060,0.280194,0.051802,0.044424,0.778246
0.789655,0.379310,1.448577,0.191862,0.264683,0.062035,0.049586,0.724876
0.789655,0.448276,1.520855,0.166265,0.258039,0.071188,0.055448,0.644341
0.789655,0.517241,1.605180,0.142475,0.253288,0.078259,0.061174,0.562500
0.789655,0.586207,1.701551,0.121076,0.250644,0.083253,0.066282,0.483059
0.789655,0.655172,1.809968,0.102316,0.250170,0.086366,0.070447,0.408987
0.789655,0.724138,1.930432,0.086183,0.251674,0.087873,0.073522,0.342439
0.789655,0.793103,2.062942,0.072515,0.254915,0.088079,0.075491,0.284468
0.789655,0.862069,2.207499,0.061053,0.259566,0.087270,0.076437,0.235212
0.789655,0.931034,2.364102,0.051506,0.265298,0.085697,0.076497,0.194145
0.789655,1.000000,2.532751,0.000001,0.000001,0.000000,0.000000,0.992929
0.834483,-1.000000,2.396694,0.049941,0.258824,0.087024,0.079084,0.192952
0.834483,-0.931034,2.237105,0.058554,0.252583,0.088755,0.079365,0.231819
0.834483,-0.862069,2.088914,0.068807,0.247247,0.089861,0.078856,0.278292
0.834483,-0.793103,1.952123,0.080958,0.243127,0.090141,0.077414,0.332985
0.834483,-0.724138,1.826731,0.095242,0.240534,0.089360,0.074926,0.395962
0.834483,-0.655172,1.712739,0.111856,0.239811,0.087266,0.071335,0.466436
0.834483,-0.586207,1.610145,0.130884,0.241190,0.083608,0.066694,0.542660
0.834483,-0.517241,1.518951,0.152238,0.244801,0.078164,0.061197,0.621886
0.834483,-0.448276,1.439156,0.175599,0.250592,0.070811,0.055200,0.700736
0.834483,-0.379310,1.370761,0.200231,0.265552,0.062407,0.049481,0.754017
0.834483,-0.310345,1.313765,0.225121,0.274755,0.051580,0.044047,0.819351
0.834483,-0.241379,1.268168,0.248767,0.284375,0.039929,0.039690,0.874787
0.834483,-0.172414,1.233970,0.269276,0.293279,0.028728,0.036667,0.918156
0.834483,-0.103448,1.211171,0.284584,0.300224,0.019703,0.034927,0.947905
0.834483,-0.034483,1.199772,0.292858,0.304102,0.014641,0.034200,0.963026
0.834483,0.034483,1.199772,0.292858,0.304101,0.014641,0.034199,0.963027
0.834483,0.103448,1.211171,0.284583,0.300223,0.019703,0.034926,0.947906
0.834483,0.172414,1.233970,0.269273,0.293275,0.028727,0.036666,0.918160
0.834483,0.241379,1.268168,0.248764,0.284369,0.039929,0.039688,0.874791
0.834483,0.310345,1.313765,0.225119,0.274751,0.051580,0.044046,0.819355
0.834483,0.379310,1.370761,0.200230,0.265551,0.062406,0.049481,0.754019
0.834483,0.448276,1.439156,0.175594,0.250584,0.070811,0.055200,0.700739
0.834483,0.517241,1.518951,0.152238,0.244799,0.078164,0.061197,0.621890
0.834483,0.586207,1.610145,0.130885,0.241195,0.083608,0.066694,0.542653
0.834483,0.655172,1.712739,0.111858,0.239814,0.087267,0.071335,0.466436
0.834483,0.724138,1.826731,0.095245,0.240547,0.089361,0.074925,0.395954
0.834483,0.793103,1.952123,0.080957,0.243120,0.090141,0.077415,0.332991
0.834483,0.862069,2.088914,0.068805,0.247239,0.089860,0.078856,0.278295
0.834483,0.931034,2.237105,0.058553,0.252583,0.088755,0.079365,0.231817
0.834483,1.000000,2.396694,0.049941,0.258824,0.087024,0.079084,0.192953
0.879310,-1.000000,2.274510,0.056548,0.246440,0.090088,0.081983,0.229458
0.879310,-0.931034,2.123056,0.065794,0.240495,0.091422,0.081877,0.273578
0.879310,-0.862069,1.982421,0.076677,0.235571,0.092078,0.080939,0.325495
0.879310,-0.793103,1.852603,0.089415,0.231982,0.091864,0.079038,0.385438
0.879310,-0.724138,1.733604,0.104197,0.230044,0.090570,0.076082,0.452943
0.879310,-0.655172,1.625423,0.121149,0.230047,0.087977,0.072046,0.526629
0.879310,-0.586207,1.528059,0.140289,0.232241,0.083877,0.067011,0.604069
0.879310,-0.517241,1.441515,0.161460,0.236730,0.078101,0.061203,0.682043
0.879310,-0.448276,1.365788,0.184286,0.243456,0.070568,0.055003,0.756956
0.879310,-0.379310,1.300879,0.207943,0.259295,0.062219,0.049204,0.801955
0.879310,-0.310345,1.246788,0.231553,0.269547,0.051544,0.043770,0.859047
0.879310,-0.241379,1.203516,0.253669,0.280207,0.040176,0.039485,0.905289
0.879310,-0.172414,1.171062,0.272613,0.290080,0.029317,0.036567,0.939785
0.879310,-0.103448,1.149425,0.286617,0.297800,0.020603,0.034921,0.962449
0.879310,-0.034483,1.138607,0.294131,0.302098,0.015723,0.034241,0.973630
0.879310,0.034483,1.138607,0.294133,0.302099,0.015723,0.034242,0.973628
0.879310,0.103448,1.149425,0.286613,0.297794,0.020602,0.034918,0.962453
0.879310,0.172414,1.171062,0.272613,0.290080,0.029317,0.036567,0.939785
0.879310,0.241379,1.203516,0.253666,0.280204,0.040176,0.039485,0.905291
0.879310,0.310345,1.246788,0.231550,0.269542,0.051544,0.043769,0.859051
0.879310,0.379310,1.300879,0.207946,0.259300,0.062219,0.049204,0.801951
0.879310,0.448276,1.365788,0.184287,0.243459,0.070568,0.055004,0.756954
0.879310,0.517241,1.441515,0.161466,0.236734,0.078102,0.061203,0.682054
0.879310,0.586207,1.528059,0.140284,0.232229,0.083876,0.067011,0.604075
0.879310,0.655172,1.625423,0.121145,0.230036,0.087976,0.072046,0.526636
0.879310,0.724138,1.733604,0.104197,0.230039,0.090570,0.076082,0.452953
0.879310,0.793103,1.852603,0.089415,0.231982,0.091864,0.079039,0.385442
0.879310,0.862069,1.982421,0.076678,0.235573,0.092078,0.080939,0.325494
0.879310,0.931034,2.123056,0.065796,0.240501,0.091423,0.081878,0.273578
0.879310,1.000000,2.274510,0.056546,0.246434,0.090086,0.081983,0.229457
0.924138,-1.000000,2.164179,0.063352,0.234632,0.092783,0.084544,0.270005
0.924138,-0.931034,2.020072,0.073178,0.229020,0.093731,0.084064,0.319526
0.924138,-0.862069,1.886258,0.084612,0.224519,0.093959,0.082721,0.376857
0.924138,-0.793103,1.762738,0.097836,0.221444,0.093293,0.080401,0.441811
0.924138,-0.724138,1.649511,0.112993,0.220102,0.091548,0.077033,0.513366
0.924138,-0.655172,1.546577,0.130160,0.220792,0.088539,0.072614,0.589516
0.924138,-0.586207,1.453937,0.149286,0.223726,0.084091,0.067256,0.667270
0.924138,-0.517241,1.371590,0.170175,0.229022,0.078075,0.061205,0.743049
0.924138,-0.448276,1.299537,0.192305,0.243421,0.071424,0.055196,0.790008
0.924138,-0.379310,1.237777,0.215068,0.253278,0.062160,0.049005,0.849140
0.924138,-0.310345,1.186310,0.237448,0.264521,0.051607,0.043579,0.897650
0.924138,-0.241379,1.145136,0.258164,0.276219,0.040436,0.039352,0.934636
0.924138,-0.172414,1.114256,0.275716,0.287074,0.029796,0.036506,0.960438
0.924138,-0.103448,1.093670,0.288571,0.295577,0.021263,0.034918,0.976300
0.924138,-0.034483,1.083376,0.295441,0.300330,0.016488,0.034272,0.983723
0.924138,0.034483,1.083376,0.295448,0.300337,0.016490,0.034276,0.983720
0.924138,0.103448,1.093670,0.288569,0.295574,0.021263,0.034916,0.976301
0.924138,0.172414,1.114256,0.275711,0.287066,0.029794,0.036504,0.960441
0.924138,0.241379,1.145136,0.258169,0.276226,0.040438,0.039354,0.934633
0.924138,0.310345,1.186310,0.237447,0.264521,0.051607,0.043579,0.897650
0.924138,0.379310,1.237777,0.215065,0.253273,0.062160,0.049005,0.849143
0.924138,0.448276,1.299537,0.192304,0.243420,0.071424,0.055196,0.790009
0.924138,0.517241,1.371590,0.170176,0.229023,0.078076,0.061205,0.743055
0.924138,0.586207,1.453937,0.149281,0.223714,0.084090,0.067256,0.667286
0.924138,0.655172,1.546577,0.130159,0.220791,0.088538,0.072614,0.589509
0.924138,0.724138,1.649511,0.112995,0.220108,0.091549,0.077032,0.513363
0.924138,0.793103,1.762738,0.097836,0.221445,0.093293,0.080401,0.441810
0.924138,0.862069,1.886258,0.084609,0.224512,0.093957,0.082720,0.376859
0.924138,0.931034,2.020072,0.073176,0.229017,0.093730,0.084064,0.319524
0.924138,1.000000,2.164179,0.063352,0.234633,0.092784,0.084544,0.270007
0.968966,-1.000000,2.064057,0.070312,0.223389,0.095136,0.086788,0.314750
0.968966,-0.931034,1.926617,0.080652,0.218114,0.095709,0.085950,0.369771
0.968966,-0.862069,1.798994,0.092557,0.214034,0.095537,0.084231,0.432442
0.968966,-0.793103,1.681188,0.106177,0.211460,0.094466,0.081534,0.502113
0.968966,-0.724138,1.573199,0.121607,0.210685,0.092333,0.077804,0.577195
0.968966,-0.655172,1.475028,0.138868,0.211983,0.088978,0.073064,0.655092
0.968966,-0.586207,1.386673,0.157885,0.215603,0.084263,0.067444,0.732295
0.968966,-0.517241,1.308136,0.178353,0.228043,0.079174,0.061637,0.782102
0.968966,-0.448276,1.239416,0.199830,0.236694,0.071418,0.055106,0.844254
0.968966,-0.379310,1.180513,0.221661,0.247433,0.062168,0.048872,0.895842
0.968966,-0.310345,1.131427,0.242889,0.259654,0.051697,0.043460,0.935432
0.968966,-0.241379,1.092159,0.262318,0.272371,0.040635,0.039275,0.963093
0.968966,-0.172414,1.062707,0.278616,0.284209,0.030098,0.036471,0.980324
0.968966,-0.103448,1.043073,0.290471,0.293530,0.021640,0.034916,0.989578
0.968966,-0.034483,1.033256,0.296778,0.298750,0.016902,0.034287,0.993398
0.968966,0.034483,1.033256,0.296784,0.298757,0.016904,0.034291,0.993396
0.968966,0.103448,1.043073,0.290472,0.293531,0.021641,0.034917,0.989578
0.968966,0.172414,1.062707,0.278617,0.284210,0.030098,0.036471,0.980323
0.968966,0.241379,1.092159,0.262316,0.272369,0.040635,0.039274,0.963093
0.968966,0.310345,1.131427,0.242888,0.259653,0.051696,0.043460,0.935432
0.968966,0.379310,1.180513,0.221663,0.247436,0.062168,0.048872,0.895841
0.968966,0.448276,1.239416,0.199834,0.236699,0.071419,0.055106,0.844251
0.968966,0.517241,1.308136,0.178354,0.228044,0.079174,0.061637,0.782101
0.968966,0.586207,1.386673,0.157881,0.215591,0.084262,0.067443,0.732319
0.968966,0.655172,1.475028,0.138867,0.211986,0.088978,0.073064,0.655077
0.968966,0.724138,1.573199,0.121605,0.210681,0.092332,0.077804,0.577201
0.968966,0.793103,1.681188,0.106174,0.211451,0.094465,0.081533,0.502119
0.968966,0.862069,1.798994,0.092559,0.214036,0.095538,0.084231,0.432448
0.968966,0.931034,1.926617,0.080650,0.218107,0.095707,0.085949,0.369772
0.968966,1.000000,2.064057,0.070313,0.223390,0.095137,0.086789,0.314753
1.013793,-1.000000,1.972789,0.075307,0.205803,0.094288,0.086173,0.365920
1.013793,-0.931034,1.841426,0.088177,0.207754,0.097384,0.087560,0.424430
1.013793,-0.862069,1.719446,0.100477,0.204083,0.096845,0.085495,0.492335
1.013793,-0.793103,1.606850,0.114403,0.201981,0.095414,0.082461,0.566405
1.013793,-0.724138,1.503636,0.130004,0.201722,0.092947,0.078419,0.644473
1.013793,-0.655172,1.409805,0.147277,0.203592,0.089314,0.073410,0.723392
1.013793,-0.586207,1.325358,0.166091,0.213844,0.085584,0.068122,0.776691
1.013793,-0.517241,1.250293,0.186081,0.220783,0.079248,0.061659,0.842824
1.013793,-0.448276,1.184612,0.206880,0.230180,0.071440,0.055049,0.898776
1.013793,-0.379310,1.128313,0.227802,0.241755,0.062196,0.048796,0.942286
1.013793,-0.310345,1.081398,0.247930,0.254903,0.051759,0.043399,0.972641
1.013793,-0.241379,1.043866,0.266179,0.268632,0.040730,0.039241,0.990870
1.013793,-0.172414,1.015717,0.281364,0.281479,0.030201,0.036461,0.999592
1.013793,-0.103448,0.996951,0.292332,0.291637,0.021728,0.034916,1.002383
1.013793,-0.034483,0.987567,0.298148,0.297343,0.016971,0.034290,1.002706
1.013793,0.034483,0.987567,0.298156,0.297351,0.016974,0.034295,1.002707
1.013793,0.103448,0.996951,0.292336,0.291641,0.021729,0.034918,1.002384
1.013793,0.172414,1.015717,0.281368,0.281483,0.030202,0.036463,0.999592
1.013793,0.241379,1.043866,0.266182,0.268634,0.040731,0.039242,0.990870
1.013793,0.310345,1.081398,0.247930,0.254904,0.051759,0.043399,0.972641
1.013793,0.379310,1.128313,0.227801,0.241753,0.062196,0.048795,0.942286
1.013793,0.448276,1.184612,0.206882,0.230182,0.071440,0.055049,0.898775
1.013793,0.517241,1.250293,0.186084,0.220787,0.079249,0.061659,0.842823
1.013793,0.586207,1.325358,0.166088,0.213840,0.085583,0.068122,0.776692
1.013793,0.655172,1.409805,0.147278,0.203592,0.089314,0.073410,0.723397
1.013793,0.724138,1.503636,0.130006,0.201721,0.092947,0.078419,0.644482
1.013793,0.793103,1.606850,0.114400,0.201980,0.095413,0.082461,0.566392
1.013793,0.862069,1.719446,0.100477,0.204084,0.096845,0.085496,0.492331
1.013793,0.931034,1.841426,0.088176,0.207749,0.097384,0.087560,0.424434
1.013793,1.000000,1.972789,0.075308,0.205805,0.094288,0.086173,0.365917
1.058621,-1.000000,1.889251,0.082246,0.195929,0.095946,0.087805,0.419774
1.058621,-0.931034,1.763451,0.095717,0.197911,0.098785,0.088918,0.483638
1.058621,-0.862069,1.646636,0.108340,0.194635,0.097911,0.086538,0.556632
1.058621,-0.793103,1.538807,0.122486,0.192965,0.096161,0.083202,0.634758
1.058621,-0.724138,1.439964,0.138181,0.193186,0.093414,0.078891,0.715274
1.058621,-0.655172,1.350107,0.155388,0.195570,0.089557,0.073660,0.794536
1.058621,-0.586207,1.269235,0.173889,0.206228,0.085738,0.068245,0.843186
1.058621,-0.517241,1.197349,0.193402,0.213778,0.079308,0.061675,0.904685
1.058621,-0.448276,1.134449,0.213504,0.223851,0.071461,0.055020,0.953777
1.058621,-0.379310,1.080535,0.233533,0.236203,0.062212,0.048765,0.988697
1.058621,-0.310345,1.035606,0.252633,0.250259,0.051772,0.043389,1.009486
1.058621,-0.241379,0.999663,0.269803,0.264994,0.040713,0.039248,1.018148
1.058621,-0.172414,0.972706,0.283985,0.278859,0.030116,0.036473,1.018381
1.058621,-0.103448,0.954734,0.294160,0.289871,0.021552,0.034915,1.014796
1.058621,-0.034483,0.945749,0.299547,0.296083,0.016732,0.034282,1.011699
1.058621,0.034483,0.945749,0.299548,0.296084,0.016733,0.034283,1.011700
1.058621,0.103448,0.954734,0.294170,0.289880,0.021554,0.034920,1.014800
1.058621,0.172414,0.972706,0.283976,0.278851,0.030114,0.036469,1.018379
1.058621,0.241379,0.999663,0.269803,0.264994,0.040713,0.039249,1.018148
1.058621,0.310345,1.035606,0.252634,0.250260,0.051773,0.043389,1.009487
1.058621,0.379310,1.080535,0.233532,0.236202,0.062212,0.048765,0.988696
1.058621,0.448276,1.134449,0.213506,0.223853,0.071461,0.055020,0.953777
1.058621,0.517241,1.197349,0.193399,0.213775,0.079308,0.061675,0.904685
1.058621,0.586207,1.269235,0.173888,0.206227,0.085738,0.068245,0.843187
1.058621,0.655172,1.350107,0.155388,0.195571,0.089557,0.073660,0.794533
1.058621,0.724138,1.439964,0.138181,0.193184,0.093414,0.078891,0.715283
1.058621,0.793103,1.538807,0.122485,0.192966,0.096161,0.083202,0.634749
1.058621,0.862069,1.646636,0.108341,0.194637,0.097911,0.086538,0.556632
1.058621,0.931034,1.763451,0.095718,0.197912,0.098785,0.088918,0.483639
1.058621,1.000000,1.889251,0.082244,0.195926,0.095945,0.087804,0.419772
1.103448,-1.000000,1.812500,0.089232,0.186551,0.097341,0.089191,0.478328
1.103448,-0.931034,1.691810,0.103240,0.188554,0.099933,0.090042,0.547533
1.103448,-0.862069,1.579741,0.116115,0.185648,0.098756,0.087373,0.625458
1.103448,-0.793103,1.476293,0.130417,0.184391,0.096729,0.083773,0.707288
1.103448,-0.724138,1.381466,0.146135,0.185044,0.093747,0.079231,0.789732
1.103448,-0.655172,1.295259,0.163204,0.193395,0.091046,0.074525,0.843889
1.103448,-0.586207,1.217672,0.181341,0.198900,0.085837,0.068320,0.911722
1.103448,-0.517241,1.148707,0.200340,0.206990,0.079340,0.061684,0.967870
1.103448,-0.448276,1.088362,0.219743,0.217684,0.071467,0.055013,1.009458
1.103448,-0.379310,1.036638,0.238909,0.230769,0.062206,0.048774,1.035272
1.103448,-0.310345,0.993534,0.257035,0.245695,0.051736,0.043420,1.046153
1.103448,-0.241379,0.959052,0.273212,0.261426,0.040600,0.039288,1.045080
1.103448,-0.172414,0.933190,0.286478,0.276312,0.029871,0.036495,1.036792
1.103448,-0.103448,0.915948,0.295973,0.288222,0.021164,0.034919,1.026891
1.103448,-0.034483,0.907328,0.300972,0.294949,0.016242,0.034264,1.020419
1.103448,0.034483,0.907328,0.300971,0.294949,0.016242,0.034264,1.020420
1.103448,0.103448,0.915948,0.295963,0.288214,0.021162,0.034915,1.026887
1.103448,0.172414,0.933190,0.286480,0.276314,0.029872,0.036496,1.036794
1.103448,0.241379,0.959052,0.273216,0.261430,0.040600,0.039289,1.045083
1.103448,0.310345,0.993534,0.257034,0.245694,0.051736,0.043419,1.046153
1.103448,0.379310,1.036638,0.238907,0.230767,0.062206,0.048774,1.035272
1.103448,0.448276,1.088362,0.219740,0.217681,0.071467,0.055013,1.009457
1.103448,0.517241,1.148707,0.200336,0.206987,0.079340,0.061683,0.967870
1.103448,0.586207,1.217672,0.181338,0.198896,0.085836,0.068320,0.911724
1.103448,0.655172,1.295259,0.163205,0.193396,0.091046,0.074525,0.843889
1.103448,0.724138,1.381466,0.146136,0.185043,0.093747,0.079231,0.789738
1.103448,0.793103,1.476293,0.130418,0.184394,0.096729,0.083773,0.707281
1.103448,0.862069,1.579741,0.116118,0.185654,0.098757,0.087374,0.625453
1.103448,0.931034,1.691810,0.103241,0.188556,0.099933,0.090042,0.547535
1.103448,1.000000,1.812500,0.089231,0.186549,0.097340,0.089190,0.478325
1.148276,-1.000000,1.741742,0.098931,0.183581,0.101565,0.093012,0.538895
1.148276,-0.931034,1.625764,0.110717,0.179651,0.100849,0.090947,0.616290
1.148276,-0.862069,1.518070,0.123786,0.177101,0.099401,0.088018,0.698958
1.148276,-0.793103,1.418660,0.138173,0.176214,0.097133,0.084182,0.784124
1.148276,-0.724138,1.327534,0.153923,0.182416,0.095352,0.080276,0.843799
1.148276,-0.655172,1.244693,0.170692,0.185885,0.091176,0.074644,0.918267
1.148276,-0.586207,1.170136,0.188459,0.191820,0.085877,0.068351,0.982476
1.148276,-0.517241,1.103862,0.206928,0.200401,0.079340,0.061684,1.032568
1.148276,-0.448276,1.045873,0.225638,0.211665,0.071457,0.055027,1.066013
1.148276,-0.379310,0.996169,0.243974,0.225441,0.062185,0.048820,1.082204
1.148276,-0.310345,0.954748,0.261182,0.241208,0.051669,0.043491,1.082810
1.148276,-0.241379,0.921611,0.276450,0.257928,0.040424,0.039361,1.071809
1.148276,-0.172414,0.896759,0.288892,0.273848,0.029522,0.036540,1.054935
1.148276,-0.103448,0.880191,0.297748,0.286651,0.020617,0.034918,1.038713
1.148276,-0.034483,0.871906,0.302415,0.293921,0.015565,0.034236,1.028899
1.148276,0.034483,0.871906,0.302421,0.293925,0.015567,0.034239,1.028903
1.148276,0.103448,0.880191,0.297756,0.286658,0.020619,0.034921,1.038718
1.148276,0.172414,0.896759,0.288885,0.273843,0.029520,0.036537,1.054930
1.148276,0.241379,0.921611,0.276442,0.257923,0.040423,0.039359,1.071804
1.148276,0.310345,0.954748,0.261187,0.241212,0.051670,0.043492,1.082814
1.148276,0.379310,0.996169,0.243975,0.225443,0.062186,0.048820,1.082204
1.148276,0.448276,1.045873,0.225637,0.211665,0.071457,0.055026,1.066011
1.148276,0.517241,1.103862,0.206929,0.200402,0.079340,0.061684,1.032567
1.148276,0.586207,1.170136,0.188464,0.191826,0.085878,0.068351,0.982476
1.148276,0.655172,1.244693,0.170692,0.185885,0.091176,0.074644,0.918267
1.148276,0.724138,1.327534,0.153925,0.182419,0.095352,0.080277,0.843798
1.148276,0.793103,1.418660,0.138170,0.176206,0.097132,0.084182,0.784136
1.148276,0.862069,1.518070,0.123785,0.177099,0.099400,0.088018,0.698957
1.148276,0.931034,1.625764,0.110714,0.179646,0.100848,0.090946,0.616291
1.148276,1.000000,1.741742,0.098929,0.183579,0.101564,0.093012,0.538891
1.193103,-1.000000,1.676301,0.106122,0.174802,0.102531,0.093968,0.607097
1.193103,-0.931034,1.564680,0.118127,0.171177,0.101551,0.091648,0.690089
1.193103,-0.862069,1.461032,0.131334,0.168958,0.099861,0.088483,0.777317
1.193103,-0.793103,1.365358,0.145899,0.173249,0.098830,0.085385,0.842137
1.193103,-0.724138,1.277656,0.161378,0.174832,0.095508,0.080426,0.923045
1.193103,-0.655172,1.197927,0.177903,0.178663,0.091221,0.074684,0.995744
1.193103,-0.586207,1.126171,0.195278,0.184987,0.085864,0.068341,1.055633
1.193103,-0.517241,1.062388,0.213200,0.193999,0.079312,0.061676,1.098972
1.193103,-0.448276,1.006578,0.231219,0.205778,0.071436,0.055057,1.123631
1.193103,-0.379310,0.958740,0.248752,0.220200,0.062163,0.048897,1.129662
1.193103,-0.310345,0.918876,0.265108,0.236785,0.051598,0.043598,1.119617
1.193103,-0.241379,0.886984,0.279515,0.254466,0.040222,0.039458,1.098437
1.193103,-0.172414,0.863066,0.291215,0.271433,0.029112,0.036598,1.072878
1.193103,-0.103448,0.847120,0.299520,0.285168,0.019977,0.034925,1.050330
1.193103,-0.034483,0.839147,0.303884,0.292991,0.014767,0.034206,1.037178
1.193103,0.034483,0.839147,0.303890,0.292995,0.014769,0.034208,1.037185
1.193103,0.103448,0.847120,0.299517,0.285166,0.019977,0.034924,1.050327
1.193103,0.172414,0.863066,0.291212,0.271431,0.029112,0.036597,1.072876
1.193103,0.241379,0.886984,0.279513,0.254465,0.040222,0.039458,1.098435
1.193103,0.310345,0.918876,0.265111,0.236787,0.051598,0.043599,1.119618
1.193103,0.379310,0.958740,0.248748,0.220197,0.062163,0.048896,1.129660
1.193103,0.448276,1.006578,0.231216,0.205776,0.071436,0.055056,1.123631
1.193103,0.517241,1.062388,0.213202,0.194001,0.079312,0.061677,1.098974
1.193103,0.586207,1.126171,0.195282,0.184991,0.085865,0.068341,1.055634
1.193103,0.655172,1.197927,0.177903,0.178663,0.091221,0.074684,0.995744
1.193103,0.724138,1.277656,0.161377,0.174831,0.095508,0.080426,0.923046
1.193103,0.793103,1.365358,0.145899,0.173249,0.098830,0.085385,0.842137
1.193103,0.862069,1.461032,0.131339,0.168965,0.099862,0.088484,0.777315
1.193103,0.931034,1.564680,0.118128,0.171180,0.101551,0.091649,0.690082
1.193103,1.000000,1.676301,0.106118,0.174795,0.102530,0.093966,0.607098
1.237931,-1.000000,1.615599,0.113279,0.166446,0.103278,0.094713,0.680577
1.237931,-0.931034,1.508020,0.125454,0.163117,0.102056,0.092156,0.769106
1.237931,-0.862069,1.408126,0.138755,0.161213,0.100154,0.088778,0.860690
1.237931,-0.793103,1.315916,0.153274,0.165669,0.099006,0.085559,0.925182
1.237931,-0.724138,1.231390,0.168608,0.167567,0.095552,0.080469,1.006213
1.237931,-0.655172,1.154548,0.184854,0.171714,0.091188,0.074654,1.076522
1.237931,-0.586207,1.085390,0.201822,0.178382,0.085804,0.068295,1.131404
1.237931,-0.517241,1.023917,0.219187,0.187775,0.079264,0.061664,1.167290
1.237931,-0.448276,0.970128,0.236524,0.200020,0.071419,0.055104,1.182504
1.237931,-0.379310,0.924023,0.253286,0.215046,0.062159,0.049005,1.177824
1.237931,-0.310345,0.885602,0.268829,0.232409,0.051549,0.043738,1.156702
1.237931,-0.241379,0.854865,0.282458,0.251053,0.040034,0.039588,1.125094
1.237931,-0.172414,0.831813,0.293473,0.269066,0.028690,0.036674,1.090710
1.237931,-0.103448,0.816444,0.301271,0.283742,0.019291,0.034933,1.061776
1.237931,-0.034483,0.808760,0.305368,0.292139,0.013902,0.034170,1.045284
1.237931,0.034483,0.808760,0.305371,0.292141,0.013902,0.034171,1.045288
1.237931,0.103448,0.816444,0.301269,0.283741,0.019291,0.034933,1.061774
1.237931,0.172414,0.831813,0.293471,0.269065,0.028690,0.036673,1.090706
1.237931,0.241379,0.854865,0.282457,0.251052,0.040034,0.039587,1.125092
1.237931,0.310345,0.885602,0.268830,0.232410,0.051549,0.043738,1.156704
1.237931,0.379310,0.924023,0.253286,0.215046,0.062159,0.049005,1.177824
1.237931,0.448276,0.970128,0.236522,0.200018,0.071418,0.055104,1.182503
1.237931,0.517241,1.023917,0.219186,0.187773,0.079264,0.061664,1.167289
1.237931,0.586207,1.085390,0.201817,0.178378,0.085804,0.068295,1.131402
1.237931,0.655172,1.154548,0.184857,0.171717,0.091188,0.074654,1.076522
1.237931,0.724138,1.231390,0.168606,0.167565,0.095552,0.080469,1.006213
1.237931,0.793103,1.315916,0.153274,0.165669,0.099006,0.085559,0.925183
1.237931,0.862069,1.408126,0.138753,0.161209,0.100154,0.088778,0.860700
1.237931,0.931034,1.508020,0.125454,0.163115,0.102057,0.092157,0.769113
1.237931,1.000000,1.615599,0.113276,0.166442,0.103277,0.094712,0.680573
1.282759,-1.000000,1.559140,0.120380,0.158493,0.103821,0.095257,0.759528
1.282759,-0.931034,1.455321,0.132691,0.155455,0.102383,0.092484,0.853562
1.282759,-0.862069,1.358917,0.146231,0.158225,0.101825,0.090016,0.924197
1.282759,-0.793103,1.269930,0.160465,0.158426,0.099050,0.085603,1.012874
1.282759,-0.724138,1.188357,0.175622,0.160601,0.095497,0.080416,1.093526
1.282759,-0.655172,1.114201,0.191564,0.165025,0.091085,0.074561,1.160823
1.282759,-0.586207,1.047460,0.208093,0.171979,0.085704,0.068219,1.209996
1.282759,-0.517241,0.988135,0.224910,0.181713,0.079207,0.061647,1.237719
1.282759,-0.448276,0.936225,0.241589,0.194387,0.071418,0.055169,1.242828
1.282759,-0.379310,0.891732,0.257611,0.209976,0.062193,0.049142,1.226859
1.282759,-0.310345,0.854653,0.272385,0.228087,0.051546,0.043910,1.194218
1.282759,-0.241379,0.824991,0.285283,0.247669,0.039888,0.039743,1.151871
1.282759,-0.172414,0.802744,0.295674,0.266734,0.028292,0.036767,1.108495
1.282759,-0.103448,0.787912,0.303020,0.282375,0.018604,0.034950,1.073111
1.282759,-0.034483,0.780497,0.306880,0.291362,0.013015,0.034136,1.053257
1.282759,0.034483,0.780497,0.306874,0.291359,0.013014,0.034134,1.053250
1.282759,0.103448,0.787912,0.303015,0.282372,0.018603,0.034948,1.073105
1.282759,0.172414,0.802744,0.295675,0.266735,0.028293,0.036767,1.108496
1.282759,0.241379,0.824991,0.285280,0.247667,0.039888,0.039743,1.151869
1.282759,0.310345,0.854653,0.272380,0.228084,0.051546,0.043910,1.194212
1.282759,0.379310,0.891732,0.257604,0.209972,0.062192,0.049141,1.226852
1.282759,0.448276,0.936225,0.241580,0.194381,0.071417,0.055168,1.242820
1.282759,0.517241,0.988135,0.224906,0.181710,0.079207,0.061647,1.237716
1.282759,0.586207,1.047460,0.208096,0.171980,0.085704,0.068219,1.209998
1.282759,0.655172,1.114201,0.191566,0.165026,0.091085,0.074561,1.160823
1.282759,0.724138,1.188357,0.175619,0.160599,0.095497,0.080416,1.093525
1.282759,0.793103,1.269930,0.160464,0.158425,0.099050,0.085603,1.012874
1.282759,0.862069,1.358917,0.146229,0.158223,0.101825,0.090016,0.924197
1.282759,0.931034,1.455321,0.132689,0.155451,0.102383,0.092483,0.853575
1.282759,1.000000,1.559140,0.120381,0.158494,0.103821,0.095257,0.759529
1.327586,-1.000000,1.506494,0.127416,0.150934,0.104177,0.095612,0.844184
1.327586,-0.931034,1.406180,0.140101,0.152293,0.104098,0.093826,0.919942
1.327586,-0.862069,1.313032,0.153343,0.151050,0.101872,0.090063,1.015178
1.327586,-0.793103,1.227049,0.167474,0.151498,0.098975,0.085529,1.105454
1.327586,-0.724138,1.148231,0.182422,0.153914,0.095352,0.080276,1.185224
1.327586,-0.655172,1.076579,0.198047,0.158580,0.090924,0.074414,1.248882
1.327586,-0.586207,1.012091,0.208103,0.165798,0.084391,0.067575,1.255156
1.327586,-0.517241,0.954769,0.223935,0.175847,0.078075,0.061206,1.273468
1.327586,-0.448276,0.904613,0.246417,0.188860,0.071444,0.055247,1.304764
1.327586,-0.379310,0.861621,0.261738,0.204977,0.062274,0.049304,1.276913
1.327586,-0.310345,0.825795,0.275795,0.223808,0.051607,0.044112,1.232284
1.327586,-0.241379,0.797134,0.288006,0.244308,0.039804,0.039923,1.178862
1.327586,-0.172414,0.775638,0.297830,0.264432,0.027945,0.036877,1.126301
1.327586,-0.103448,0.761308,0.304760,0.281050,0.017944,0.034972,1.084361
1.327586,-0.034483,0.754142,0.308398,0.290640,0.012136,0.034097,1.061100
1.327586,0.034483,0.754142,0.308402,0.290642,0.012137,0.034098,1.061104
1.327586,0.103448,0.761308,0.304758,0.281049,0.017944,0.034971,1.084360
1.327586,0.172414,0.775638,0.297827,0.264430,0.027944,0.036877,1.126298
1.327586,0.241379,0.797134,0.288006,0.244308,0.039804,0.039923,1.178863
1.327586,0.310345,0.825795,0.275786,0.223803,0.051606,0.044111,1.232272
1.327586,0.379310,0.861621,0.261733,0.204974,0.062274,0.049303,1.276906
1.327586,0.448276,0.904613,0.246420,0.188861,0.071444,0.055248,1.304768
1.327586,0.517241,0.954769,0.223941,0.175856,0.078076,0.061206,1.273433
1.327586,0.586207,1.012091,0.208108,0.165800,0.084391,0.067576,1.255175
1.327586,0.655172,1.076579,0.198047,0.158579,0.090924,0.074414,1.248881
1.327586,0.724138,1.148231,0.182425,0.153916,0.095352,0.080276,1.185225
1.327586,0.793103,1.227049,0.167476,0.151500,0.098975,0.085529,1.105454
1.327586,0.862069,1.313032,0.153341,0.151048,0.101872,0.090063,1.015178
1.327586,0.931034,1.406180,0.140101,0.152294,0.104098,0.093826,0.919942
1.327586,1.000000,1.506494,0.127419,0.150937,0.104178,0.095613,0.844186
1.372414,-1.000000,1.457286,0.134743,0.147656,0.105930,0.097046,0.912547
1.372414,-0.931034,1.360250,0.147099,0.145212,0.104152,0.093881,1.012998
1.372414,-0.862069,1.270144,0.160305,0.144202,0.101786,0.089976,1.111668
1.372414,-0.793103,1.186969,0.174313,0.144875,0.098795,0.085351,1.203192
1.372414,-0.724138,1.110726,0.183757,0.147403,0.093789,0.079275,1.246626
1.372414,-0.655172,1.041414,0.198610,0.152311,0.089475,0.073575,1.303975
1.372414,-0.586207,0.979033,0.213819,0.159761,0.084296,0.067479,1.338370
1.372414,-0.517241,0.923583,0.229110,0.170067,0.078075,0.061205,1.347175
1.372414,-0.448276,0.875065,0.244121,0.183487,0.070586,0.055020,1.330459
1.372414,-0.379310,0.833478,0.265695,0.200050,0.062413,0.049489,1.328140
1.372414,-0.310345,0.798822,0.279059,0.219559,0.051737,0.044338,1.270998
1.372414,-0.241379,0.771097,0.290645,0.240968,0.039798,0.040126,1.206157
1.372414,-0.172414,0.750303,0.299943,0.262147,0.027664,0.037002,1.144179
1.372414,-0.103448,0.736441,0.306490,0.279757,0.017331,0.034997,1.095556
1.372414,-0.034483,0.729510,0.309939,0.289973,0.011291,0.034059,1.068854
1.372414,0.034483,0.729510,0.309940,0.289974,0.011291,0.034059,1.068854
1.372414,0.103448,0.736441,0.306488,0.279757,0.017331,0.034997,1.095554
1.372414,0.172414,0.750303,0.299943,0.262147,0.027664,0.037002,1.144178
1.372414,0.241379,0.771097,0.290644,0.240967,0.039798,0.040126,1.206155
1.372414,0.310345,0.798822,0.279059,0.219559,0.051737,0.044338,1.270998
1.372414,0.379310,0.833478,0.265694,0.200050,0.062413,0.049489,1.328139
1.372414,0.448276,0.875065,0.244131,0.183492,0.070586,0.055020,1.330470
1.372414,0.517241,0.923583,0.229122,0.170072,0.078076,0.061205,1.347207
1.372414,0.586207,0.979033,0.213827,0.159766,0.084296,0.067479,1.338372
1.372414,0.655172,1.041414,0.198613,0.152314,0.089475,0.073575,1.303975
1.372414,0.724138,1.110726,0.183750,0.147402,0.093789,0.079274,1.246592
1.372414,0.793103,1.186969,0.174312,0.144875,0.098795,0.085350,1.203192
1.372414,0.862069,1.270144,0.160305,0.144202,0.101786,0.089976,1.111668
1.372414,0.931034,1.360250,0.147100,0.145213,0.104152,0.093881,1.012998
1.372414,1.000000,1.457286,0.134743,0.147655,0.105930,0.097046,0.912548
1.417241,-1.000000,1.411192,0.141607,0.140686,0.105998,0.097115,1.006544
1.417241,-0.931034,1.317225,0.153979,0.138466,0.104064,0.093791,1.112034
1.417241,-0.862069,1.229969,0.162564,0.137449,0.100114,0.088738,1.182727
1.417241,-0.793103,1.149425,0.176007,0.138369,0.097141,0.084191,1.272013
1.417241,-0.724138,1.075594,0.190053,0.141218,0.093555,0.079035,1.345815
1.417241,-0.655172,1.008474,0.204575,0.146299,0.089280,0.073374,1.398335
1.417241,-0.586207,0.948066,0.219343,0.153926,0.084188,0.067362,1.424988
1.417241,-0.517241,0.894370,0.234092,0.164438,0.078088,0.061204,1.423588
1.417241,-0.448276,0.847387,0.248491,0.178155,0.070727,0.055138,1.394803
1.417241,-0.379310,0.807115,0.262138,0.195227,0.061834,0.049426,1.342732
1.417241,-0.310345,0.773555,0.282222,0.215354,0.051945,0.044587,1.310506
1.417241,-0.241379,0.746707,0.293215,0.237645,0.039875,0.040351,1.233833
1.417241,-0.172414,0.726571,0.302024,0.259878,0.027461,0.037142,1.162179
1.417241,-0.103448,0.713147,0.308227,0.278500,0.016782,0.035032,1.106739
1.417241,-0.034483,0.706435,0.311494,0.289352,0.010493,0.034021,1.076521
1.417241,0.034483,0.706435,0.311493,0.289352,0.010493,0.034021,1.076521
1.417241,0.103448,0.713147,0.308222,0.278498,0.016781,0.035030,1.106732
1.417241,0.172414,0.726571,0.302021,0.259876,0.027461,0.037141,1.162174
1.417241,0.241379,0.746707,0.293216,0.237646,0.039875,0.040351,1.233836
1.417241,0.310345,0.773555,0.282222,0.215354,0.051945,0.044587,1.310506
1.417241,0.379310,0.807115,0.262139,0.195228,0.061835,0.049427,1.342736
1.417241,0.448276,0.847387,0.248502,0.178159,0.070728,0.055139,1.394832
1.417241,0.517241,0.894370,0.234111,0.164449,0.078089,0.061204,1.423610
1.417241,0.586207,0.948066,0.219341,0.153924,0.084187,0.067363,1.424991
1.417241,0.655172,1.008474,0.204575,0.146299,0.089280,0.073375,1.398341
1.417241,0.724138,1.075594,0.190064,0.141223,0.093556,0.079035,1.345842
1.417241,0.793103,1.149425,0.176005,0.138370,0.097141,0.084191,1.271993
1.417241,0.862069,1.229969,0.162562,0.137447,0.100114,0.088738,1.182725
1.417241,0.931034,1.317225,0.153978,0.138465,0.104063,0.093790,1.112034
1.417241,1.000000,1.411192,0.141607,0.140686,0.105998,0.097115,1.006544
1.462069,-1.000000,1.367925,0.148374,0.134051,0.105915,0.097030,1.106845
1.462069,-0.931034,1.276838,0.156441,0.131739,0.102349,0.092450,1.187510
1.462069,-0.862069,1.192258,0.169113,0.131197,0.099855,0.088477,1.289001
1.462069,-0.793103,1.114183,0.182391,0.132285,0.096839,0.083885,1.378767
1.462069,-0.724138,1.042615,0.196189,0.135290,0.093264,0.078738,1.450132
1.462069,-0.655172,0.977554,0.210348,0.140503,0.089050,0.073138,1.497109
1.462069,-0.586207,0.918998,0.224675,0.148271,0.084068,0.067231,1.515301
1.462069,-0.517241,0.866949,0.238912,0.158970,0.078115,0.061202,1.502879
1.462069,-0.448276,0.821405,0.252720,0.172941,0.070906,0.055267,1.461303
1.462069,-0.379310,0.782368,0.265740,0.190411,0.062129,0.049656,1.395611
1.462069,-0.310345,0.749837,0.277593,0.211236,0.051584,0.044594,1.314139
1.462069,-0.241379,0.723813,0.295725,0.234337,0.040037,0.040593,1.261964
1.462069,-0.172414,0.704294,0.304072,0.257616,0.027340,0.037292,1.180333
1.462069,-0.103448,0.691282,0.309950,0.277261,0.016299,0.035068,1.117900
1.462069,-0.034483,0.684776,0.313053,0.288768,0.009749,0.033979,1.084099
1.462069,0.034483,0.684776,0.313060,0.288771,0.009749,0.033982,1.084111
1.462069,0.103448,0.691282,0.309948,0.277260,0.016299,0.035067,1.117896
1.462069,0.172414,0.704294,0.304074,0.257617,0.027340,0.037293,1.180334
1.462069,0.241379,0.723813,0.295718,0.234334,0.040036,0.040592,1.261953
1.462069,0.310345,0.749837,0.277599,0.211239,0.051584,0.044595,1.314147
1.462069,0.379310,0.782368,0.265745,0.190415,0.062129,0.049656,1.395609
1.462069,0.448276,0.821405,0.252726,0.172944,0.070906,0.055268,1.461317
1.462069,0.517241,0.866949,0.238925,0.158973,0.078115,0.061202,1.502925
1.462069,0.586207,0.918998,0.224684,0.148276,0.084069,0.067231,1.515309
1.462069,0.655172,0.977554,0.210357,0.140507,0.089051,0.073138,1.497129
1.462069,0.724138,1.042615,0.196187,0.135289,0.093264,0.078738,1.450132
1.462069,0.793103,1.114183,0.182395,0.132287,0.096840,0.083885,1.378784
1.462069,0.862069,1.192258,0.169111,0.131195,0.099854,0.088476,1.289006
1.462069,0.931034,1.276838,0.156440,0.131739,0.102349,0.092450,1.187502
1.462069,1.000000,1.367925,0.148373,0.134050,0.105915,0.097030,1.106844
1.506897,-1.000000,1.327231,0.150993,0.127362,0.104175,0.095610,1.185546
1.506897,-0.931034,1.238854,0.162958,0.125608,0.102066,0.092166,1.297348
1.506897,-0.862069,1.156790,0.175523,0.125229,0.099502,0.088120,1.401608
1.506897,-0.793103,1.081038,0.188625,0.126471,0.096466,0.083508,1.491455
1.506897,-0.724138,1.011599,0.202151,0.129600,0.092921,0.078392,1.559811
1.506897,-0.655172,0.948473,0.215963,0.134925,0.088791,0.072872,1.600612
1.506897,-0.586207,0.891659,0.229846,0.142804,0.083940,0.067085,1.609520
1.506897,-0.517241,0.841158,0.243569,0.153645,0.078153,0.061199,1.585274
1.506897,-0.448276,0.796970,0.256807,0.167835,0.071117,0.055405,1.530118
1.506897,-0.379310,0.759094,0.269232,0.185673,0.062477,0.049899,1.450033
1.506897,-0.310345,0.727531,0.280478,0.207062,0.051969,0.044880,1.354556
1.506897,-0.241379,0.702280,0.298174,0.231037,0.040281,0.040849,1.290590
1.506897,-0.172414,0.683343,0.306092,0.255360,0.027301,0.037454,1.198669
1.506897,-0.103448,0.670717,0.311668,0.276042,0.015888,0.035109,1.129061
1.506897,-0.034483,0.664405,0.314623,0.288221,0.009064,0.033939,1.091604
1.506897,0.034483,0.664405,0.314622,0.288220,0.009064,0.033938,1.091601
1.506897,0.103448,0.670717,0.311663,0.276040,0.015887,0.035107,1.129053
1.506897,0.172414,0.683343,0.306090,0.255359,0.027301,0.037453,1.198667
1.506897,0.241379,0.702280,0.298169,0.231035,0.040280,0.040848,1.290581
1.506897,0.310345,0.727531,0.280497,0.207072,0.051971,0.044881,1.354591
1.506897,0.379310,0.759094,0.269236,0.185675,0.062477,0.049900,1.450039
1.506897,0.448276,0.796970,0.256798,0.167834,0.071117,0.055404,1.530068
1.506897,0.517241,0.841158,0.243573,0.153645,0.078153,0.061199,1.585296
1.506897,0.586207,0.891659,0.229852,0.142806,0.083941,0.067085,1.609541
1.506897,0.655172,0.948473,0.215959,0.134925,0.088791,0.072872,1.600588
1.506897,0.724138,1.011599,0.202156,0.129601,0.092921,0.078393,1.559832
1.506897,0.793103,1.081038,0.188627,0.126473,0.096466,0.083508,1.491444
1.506897,0.862069,1.156790,0.175526,0.125232,0.099502,0.088121,1.401608
1.506897,0.931034,1.238854,0.162954,0.125605,0.102065,0.092165,1.297360
1.506897,1.000000,1.327231,0.150995,0.127363,0.104175,0.095611,1.185548
1.551724,-1.000000,1.288889,0.157438,0.121350,0.103881,0.095318,1.297390
1.551724,-0.931034,1.203065,0.169353,0.119765,0.101680,0.091778,1.414036
1.551724,-0.862069,1.123372,0.181798,0.119539,0.099066,0.087683,1.520825
1.551724,-0.793103,1.049808,0.194707,0.120911,0.096029,0.083070,1.610340
1.551724,-0.724138,0.982375,0.207958,0.124141,0.092533,0.078004,1.675168
1.551724,-0.655172,0.921073,0.221408,0.129552,0.088504,0.072580,1.709031
1.551724,-0.586207,0.865900,0.234864,0.137517,0.083803,0.066925,1.707895
1.551724,-0.517241,0.816858,0.248078,0.148463,0.078198,0.061192,1.670979
1.551724,-0.448276,0.773946,0.260761,0.162842,0.071356,0.055545,1.601308
1.551724,-0.379310,0.737165,0.272607,0.181004,0.062871,0.050151,1.506083
1.551724,-0.310345,0.706513,0.283313,0.202938,0.052422,0.045180,1.396053
1.551724,-0.241379,0.681992,0.292542,0.227789,0.040100,0.040808,1.284265
1.551724,-0.172414,0.663602,0.308084,0.253107,0.027342,0.037623,1.217211
1.551724,-0.103448,0.651341,0.313378,0.274839,0.015547,0.035153,1.140226
1.551724,-0.034483,0.645211,0.316183,0.287701,0.008438,0.033893,1.099000
1.551724,0.034483,0.645211,0.316180,0.287700,0.008437,0.033892,1.098993
1.551724,0.103448,0.651341,0.313372,0.274836,0.015547,0.035151,1.140214
1.551724,0.172414,0.663602,0.308079,0.253105,0.027341,0.037622,1.217200
1.551724,0.241379,0.681992,0.292543,0.227792,0.040100,0.040808,1.284255
1.551724,0.310345,0.706513,0.283317,0.202938,0.052422,0.045180,1.396076
1.551724,0.379310,0.737165,0.272611,0.181003,0.062871,0.050151,1.506112
1.551724,0.448276,0.773946,0.260773,0.162848,0.071357,0.055544,1.601327
1.551724,0.517241,0.816858,0.248080,0.148465,0.078199,0.061192,1.670972
1.551724,0.586207,0.865900,0.234868,0.137517,0.083803,0.066925,1.707918
1.551724,0.655172,0.921073,0.221405,0.129550,0.088504,0.072580,1.709033
1.551724,0.724138,0.982375,0.207953,0.124139,0.092532,0.078004,1.675161
1.551724,0.793103,1.049808,0.194693,0.120903,0.096027,0.083070,1.610326
1.551724,0.862069,1.123372,0.181795,0.119536,0.099065,0.087682,1.520839
1.551724,0.931034,1.203065,0.169353,0.119765,0.101680,0.091778,1.414047
1.551724,1.000000,1.288889,0.157436,0.121348,0.103881,0.095317,1.297401
1.596552,-1.000000,1.252700,0.163782,0.115626,0.103479,0.094914,1.416482
1.596552,-0.931034,1.169286,0.175627,0.114199,0.101203,0.091300,1.537902
1.596552,-0.862069,1.091830,0.187937,0.114112,0.098558,0.087176,1.646954
1.596552,-0.793103,1.020332,0.200632,0.115587,0.095534,0.082580,1.735760
1.596552,-0.724138,0.954793,0.213605,0.118903,0.092103,0.077578,1.796461
1.596552,-0.655172,0.895211,0.226708,0.124378,0.088192,0.072262,1.822736
1.596552,-0.586207,0.841588,0.239735,0.132401,0.083655,0.066750,1.810680
1.596552,-0.517241,0.793923,0.252466,0.143430,0.078249,0.061178,1.760206
1.596552,-0.448276,0.752216,0.264605,0.157958,0.071614,0.055684,1.675163
1.596552,-0.379310,0.716467,0.275901,0.176412,0.063305,0.050407,1.563956
1.596552,-0.310345,0.686676,0.286071,0.198850,0.052931,0.045487,1.438625
1.596552,-0.241379,0.662844,0.294827,0.224485,0.040520,0.041084,1.313347
1.596552,-0.172414,0.644969,0.310044,0.250853,0.027458,0.037799,1.235959
1.596552,-0.103448,0.633053,0.315062,0.273643,0.015274,0.035196,1.151361
1.596552,-0.034483,0.627095,0.317730,0.287206,0.007869,0.033843,1.106281
1.596552,0.034483,0.627095,0.317727,0.287204,0.007869,0.033842,1.106275
1.596552,0.103448,0.633053,0.315064,0.273644,0.015274,0.035197,1.151365
1.596552,0.172414,0.644969,0.310044,0.250853,0.027458,0.037799,1.235959
1.596552,0.241379,0.662844,0.294822,0.224484,0.040519,0.041084,1.313337
1.596552,0.310345,0.686676,0.286083,0.198857,0.052932,0.045487,1.438640
1.596552,0.379310,0.716467,0.275905,0.176412,0.063305,0.050407,1.563982
1.596552,0.448276,0.752216,0.264612,0.157962,0.071615,0.055684,1.675166
1.596552,0.517241,0.793923,0.252463,0.143428,0.078249,0.061178,1.760204
1.596552,0.586207,0.841588,0.239744,0.132401,0.083655,0.066750,1.810741
1.596552,0.655172,0.895211,0.226711,0.124380,0.088192,0.072262,1.822737
1.596552,0.724138,0.954793,0.213612,0.118905,0.092104,0.077578,1.796491
1.596552,0.793103,1.020332,0.200635,0.115588,0.095534,0.082580,1.735772
1.596552,0.862069,1.091830,0.187942,0.114112,0.098558,0.087176,1.646989
1.596552,0.931034,1.169286,0.175622,0.114196,0.101202,0.091300,1.537892
1.596552,1.000000,1.252700,0.163778,0.115623,0.103478,0.094913,1.416484
1.641379,-1.000000,1.218487,0.170016,0.110178,0.102980,0.094414,1.543099
1.641379,-0.931034,1.137351,0.181779,0.108899,0.100645,0.090745,1.669251
1.641379,-0.862069,1.062011,0.193944,0.108933,0.097983,0.086608,1.780399
1.641379,-0.793103,0.992466,0.206423,0.110502,0.094988,0.082044,1.868048
1.641379,-0.724138,0.928716,0.219121,0.113884,0.091637,0.077119,1.924071
1.641379,-0.655172,0.870762,0.231866,0.119398,0.087854,0.071922,1.941959
1.641379,-0.586207,0.818603,0.244476,0.127453,0.083493,0.066561,1.918158
1.641379,-0.517241,0.772240,0.256730,0.138540,0.078301,0.061154,1.853108
1.641379,-0.448276,0.731672,0.268357,0.153191,0.071889,0.055819,1.751784
1.641379,-0.379310,0.696899,0.279121,0.171898,0.063770,0.050662,1.623757
1.641379,-0.310345,0.667922,0.288783,0.194809,0.053491,0.045799,1.482396
1.641379,-0.241379,0.644741,0.297060,0.221192,0.041004,0.041367,1.342992
1.641379,-0.172414,0.627354,0.311975,0.248600,0.027646,0.037982,1.254930
1.641379,-0.103448,0.615764,0.316731,0.272458,0.015065,0.035244,1.162494
1.641379,-0.034483,0.609968,0.319253,0.286731,0.007355,0.033789,1.113422
1.641379,0.034483,0.609968,0.319256,0.286732,0.007355,0.033790,1.113430
1.641379,0.103448,0.615764,0.316730,0.272458,0.015065,0.035243,1.162490
1.641379,0.172414,0.627354,0.311978,0.248601,0.027646,0.037982,1.254936
1.641379,0.241379,0.644741,0.297060,0.221191,0.041004,0.041367,1.343006
1.641379,0.310345,0.667922,0.288784,0.194810,0.053492,0.045798,1.482389
1.641379,0.379310,0.696899,0.279127,0.171898,0.063770,0.050662,1.623791
1.641379,0.448276,0.731672,0.268353,0.153188,0.071889,0.055819,1.751786
1.641379,0.517241,0.772240,0.256723,0.138536,0.078300,0.061155,1.853115
1.641379,0.586207,0.818603,0.244478,0.127452,0.083493,0.066561,1.918194
1.641379,0.655172,0.870762,0.231857,0.119396,0.087854,0.071922,1.941928
1.641379,0.724138,0.928716,0.219120,0.113881,0.091636,0.077119,1.924120
1.641379,0.793103,0.992466,0.206429,0.110505,0.094989,0.082044,1.868062
1.641379,0.862069,1.062011,0.193941,0.108932,0.097983,0.086608,1.780383
1.641379,0.931034,1.137351,0.181780,0.108900,0.100646,0.090746,1.669237
1.641379,1.000000,1.218487,0.170016,0.110179,0.102980,0.094415,1.543086
1.686207,-1.000000,1.186094,0.176144,0.104999,0.102395,0.093832,1.677583
1.686207,-0.931034,1.107115,0.187803,0.103851,0.100015,0.090123,1.808392
1.686207,-0.862069,1.033778,0.199819,0.103995,0.097350,0.085987,1.921427
1.686207,-0.793103,0.966081,0.212089,0.105645,0.094398,0.081467,2.007558
1.686207,-0.724138,0.904027,0.224498,0.109069,0.091136,0.076630,2.058306
1.686207,-0.655172,0.847613,0.236898,0.114608,0.087493,0.071560,2.067032
1.686207,-0.586207,0.796841,0.249090,0.122674,0.083317,0.066356,2.030503
1.686207,-0.517241,0.751710,0.260873,0.133787,0.078346,0.061120,1.949922
1.686207,-0.448276,0.712221,0.272019,0.148534,0.072171,0.055944,1.831358
1.686207,-0.379310,0.678372,0.282263,0.167458,0.064258,0.050914,1.685579
1.686207,-0.310345,0.650166,0.291430,0.190805,0.054092,0.046111,1.527369
1.686207,-0.241379,0.627600,0.299248,0.217909,0.041546,0.041656,1.373270
1.686207,-0.172414,0.610676,0.313877,0.246346,0.027900,0.038170,1.274130
1.686207,-0.103448,0.599394,0.318364,0.271277,0.014917,0.035291,1.173573
1.686207,-0.034483,0.593752,0.320765,0.286283,0.006893,0.033737,1.120446
1.686207,0.034483,0.593752,0.320763,0.286282,0.006893,0.033737,1.120442
1.686207,0.103448,0.599394,0.318365,0.271278,0.014917,0.035291,1.173576
1.686207,0.172414,0.610676,0.313874,0.246345,0.027899,0.038169,1.274124
1.686207,0.241379,0.627600,0.299266,0.217915,0.041547,0.041657,1.373312
1.686207,0.310345,0.650166,0.291423,0.190801,0.054091,0.046111,1.527363
1.686207,0.379310,0.678372,0.282274,0.167459,0.064258,0.050914,1.685630
1.686207,0.448276,0.712221,0.272023,0.148536,0.072172,0.055944,1.831361
1.686207,0.517241,0.751710,0.260887,0.133789,0.078347,0.061119,1.949987
1.686207,0.586207,0.796841,0.249097,0.122673,0.083317,0.066356,2.030583
1.686207,0.655172,0.847613,0.236899,0.114607,0.087493,0.071560,2.067054
1.686207,0.724138,0.904027,0.224489,0.109066,0.091135,0.076630,2.058291
1.686207,0.793103,0.966081,0.212082,0.105641,0.094397,0.081467,2.007571
1.686207,0.862069,1.033778,0.199814,0.103993,0.097349,0.085987,1.921419
1.686207,0.931034,1.107115,0.187811,0.103854,0.100017,0.090124,1.808411
1.686207,1.000000,1.186094,0.176140,0.104995,0.102393,0.093831,1.677605
1.731034,-1.000000,1.155378,0.182160,0.100070,0.101733,0.093177,1.820328
1.731034,-0.931034,1.078445,0.193712,0.099047,0.099322,0.089443,1.955754
1.731034,-0.862069,1.007006,0.205563,0.099285,0.096665,0.085319,2.070434
1.731034,-0.793103,0.941063,0.217607,0.100995,0.093764,0.080854,2.154626
1.731034,-0.724138,0.880615,0.229745,0.104455,0.090602,0.076113,2.199466
1.731034,-0.655172,0.825663,0.241808,0.110001,0.087107,0.071175,2.198227
1.731034,-0.586207,0.776206,0.253601,0.118059,0.083125,0.066133,2.148089
1.731034,-0.517241,0.732243,0.264947,0.129182,0.078385,0.061069,2.050953
1.731034,-0.448276,0.693777,0.275584,0.143986,0.072455,0.056059,1.913962
1.731034,-0.379310,0.660805,0.285355,0.163104,0.064764,0.051155,1.749526
1.731034,-0.310345,0.633329,0.294032,0.186849,0.054727,0.046420,1.573630
1.731034,-0.241379,0.611348,0.301410,0.214647,0.042139,0.041949,1.404212
1.731034,-0.172414,0.594862,0.307353,0.244105,0.027870,0.037957,1.259101
1.731034,-0.103448,0.583871,0.319962,0.270100,0.014825,0.035340,1.184606
1.731034,-0.034483,0.578376,0.322238,0.285851,0.006478,0.033681,1.127295
1.731034,0.034483,0.578376,0.322231,0.285848,0.006478,0.033679,1.127281
1.731034,0.103448,0.583871,0.319958,0.270099,0.014825,0.035339,1.184599
1.731034,0.172414,0.594862,0.307348,0.244103,0.027870,0.037956,1.259090
1.731034,0.241379,0.611348,0.301413,0.214646,0.042139,0.041949,1.404235
1.731034,0.310345,0.633329,0.294043,0.186851,0.054728,0.046420,1.573675
1.731034,0.379310,0.660805,0.285354,0.163102,0.064763,0.051156,1.749547
1.731034,0.448276,0.693777,0.275603,0.143991,0.072456,0.056057,1.914033
1.731034,0.517241,0.732243,0.264938,0.129179,0.078384,0.061070,2.050941
1.731034,0.586207,0.776206,0.253599,0.118056,0.083124,0.066133,2.148129
1.731034,0.655172,0.825663,0.241807,0.109999,0.087106,0.071175,2.198259
1.731034,0.724138,0.880615,0.229740,0.104454,0.090601,0.076113,2.199444
1.731034,0.793103,0.941063,0.217609,0.100996,0.093764,0.080855,2.154620
1.731034,0.862069,1.007006,0.205560,0.099283,0.096664,0.085319,2.070440
1.731034,0.931034,1.078445,0.193708,0.099045,0.099321,0.089442,1.955761
1.731034,1.000000,1.155378,0.182158,0.100069,0.101732,0.093177,1.820329
1.775862,-1.000000,1.126214,0.181954,0.092784,0.097950,0.089801,1.961058
1.775862,-0.931034,1.051222,0.199496,0.094472,0.098571,0.088710,2.111706
1.775862,-0.862069,0.981587,0.211181,0.094793,0.095932,0.084611,2.227819
1.775862,-0.793103,0.917308,0.223001,0.096553,0.093091,0.080209,2.309619
1.775862,-0.724138,0.858386,0.234865,0.100035,0.090037,0.075570,2.347833
1.775862,-0.655172,0.804821,0.246596,0.105570,0.086695,0.070770,2.335854
1.775862,-0.586207,0.756612,0.258007,0.113607,0.082914,0.065890,2.271046
1.775862,-0.517241,0.713760,0.268913,0.124714,0.078411,0.061001,2.156238
1.775862,-0.448276,0.676264,0.279101,0.139559,0.072737,0.056155,1.999875
1.775862,-0.379310,0.644125,0.288378,0.158827,0.065278,0.051387,1.815670
1.775862,-0.310345,0.617342,0.296600,0.182940,0.055389,0.046725,1.621295
1.775862,-0.241379,0.595916,0.303537,0.211397,0.042775,0.042246,1.435865
1.775862,-0.172414,0.579846,0.309095,0.241824,0.028254,0.038150,1.278182
1.775862,-0.103448,0.569133,0.321521,0.268925,0.014784,0.035392,1.195577
1.775862,-0.034483,0.563776,0.323662,0.285430,0.006107,0.033619,1.133945
1.775862,0.034483,0.563776,0.323660,0.285429,0.006107,0.033619,1.133941
1.775862,0.103448,0.569133,0.321516,0.268923,0.014784,0.035390,1.195567
1.775862,0.172414,0.579846,0.309090,0.241823,0.028253,0.038150,1.278167
1.775862,0.241379,0.595916,0.303529,0.211396,0.042775,0.042245,1.435830
1.775862,0.310345,0.617342,0.296596,0.182940,0.055389,0.046725,1.621275
1.775862,0.379310,0.644125,0.288395,0.158833,0.065280,0.051385,1.815715
1.775862,0.448276,0.676264,0.279117,0.139564,0.072738,0.056154,1.999930
1.775862,0.517241,0.713760,0.268908,0.124713,0.078411,0.061001,2.156223
1.775862,0.586207,0.756612,0.258013,0.113606,0.082913,0.065890,2.271119
1.775862,0.655172,0.804821,0.246592,0.105569,0.086695,0.070770,2.335840
1.775862,0.724138,0.858386,0.234870,0.100035,0.090037,0.075570,2.347882
1.775862,0.793103,0.917308,0.223004,0.096555,0.093092,0.080209,2.309619
1.775862,0.862069,0.981587,0.211171,0.094788,0.095930,0.084611,2.227811
1.775862,0.931034,1.051222,0.199499,0.094472,0.098571,0.088710,2.111729
1.775862,1.000000,1.126214,0.181958,0.092786,0.097951,0.089802,1.961044
1.820690,-1.000000,1.098485,0.187560,0.088454,0.097197,0.089047,2.120411
1.820690,-0.931034,1.025340,0.205171,0.090119,0.097770,0.087933,2.276674
1.820690,-0.862069,0.957419,0.216678,0.090511,0.095157,0.083866,2.393940
1.820690,-0.793103,0.894723,0.228290,0.092316,0.092386,0.079535,2.472929
1.820690,-0.724138,0.837252,0.239875,0.095801,0.089442,0.075003,2.503897
1.820690,-0.655172,0.785005,0.251276,0.101313,0.086259,0.070344,2.480191
1.820690,-0.586207,0.737983,0.262310,0.109311,0.082682,0.065628,2.399655
1.820690,-0.517241,0.696186,0.272798,0.120385,0.078422,0.060912,2.266049
1.820690,-0.448276,0.659613,0.282539,0.135243,0.073010,0.056233,2.089118
1.820690,-0.379310,0.628265,0.291374,0.154640,0.065798,0.051602,1.884201
1.820690,-0.310345,0.602142,0.299100,0.179071,0.056070,0.047025,1.670282
1.820690,-0.241379,0.581243,0.305609,0.208163,0.043449,0.042543,1.468128
1.820690,-0.172414,0.565569,0.310793,0.239540,0.028686,0.038349,1.297455
1.820690,-0.103448,0.555120,0.323032,0.267750,0.014791,0.035445,1.206469
1.820690,-0.034483,0.549896,0.325050,0.285027,0.005776,0.033559,1.140419
1.820690,0.034483,0.549896,0.325043,0.285024,0.005775,0.033557,1.140404
1.820690,0.103448,0.555120,0.323036,0.267752,0.014791,0.035446,1.206478
1.820690,0.172414,0.565569,0.310782,0.239538,0.028685,0.038348,1.297419
1.820690,0.241379,0.581243,0.305608,0.208162,0.043449,0.042542,1.468123
1.820690,0.310345,0.602142,0.299091,0.179068,0.056069,0.047026,1.670263
1.820690,0.379310,0.628265,0.291385,0.154643,0.065799,0.051600,1.884238
1.820690,0.448276,0.659613,0.282556,0.135248,0.073012,0.056231,2.089172
1.820690,0.517241,0.696186,0.272786,0.120381,0.078420,0.060914,2.266024
1.820690,0.586207,0.737983,0.262312,0.109311,0.082682,0.065628,2.399685
1.820690,0.655172,0.785005,0.251280,0.101313,0.086259,0.070344,2.480236
1.820690,0.724138,0.837252,0.239877,0.095801,0.089442,0.075003,2.503909
1.820690,0.793103,0.894723,0.228293,0.092317,0.092386,0.079535,2.472934
1.820690,0.862069,0.957419,0.216675,0.090510,0.095156,0.083866,2.393930
1.820690,0.931034,1.025340,0.205175,0.090121,0.097771,0.087934,2.276659
1.820690,1.000000,1.098485,0.187563,0.088456,0.097198,0.089048,2.120416
1.865517,-1.000000,1.072089,0.193058,0.084340,0.096391,0.088246,2.289041
1.865517,-0.931034,1.000701,0.210724,0.085977,0.096925,0.087117,2.450929
1.865517,-0.862069,0.934413,0.222061,0.086431,0.094345,0.083089,2.569224
1.865517,-0.793103,0.873223,0.233459,0.088268,0.091648,0.078834,2.644884
1.865517,-0.724138,0.817133,0.244771,0.091746,0.088820,0.074414,2.667908
1.865517,-0.655172,0.766142,0.255851,0.097225,0.085798,0.069896,2.631541
1.865517,-0.586207,0.720250,0.266534,0.105170,0.082427,0.065344,2.534303
1.865517,-0.517241,0.679457,0.276607,0.116193,0.078413,0.060802,2.380593
1.865517,-0.448276,0.643763,0.285929,0.131043,0.073271,0.056290,2.181950
1.865517,-0.379310,0.613168,0.294318,0.150537,0.066316,0.051800,1.955125
1.865517,-0.310345,0.587673,0.301574,0.175258,0.056766,0.047316,1.720747
1.865517,-0.241379,0.567276,0.307642,0.204943,0.044153,0.042841,1.501113
1.865517,-0.172414,0.551979,0.312436,0.237250,0.029160,0.038554,1.316903
1.865517,-0.103448,0.541781,0.324498,0.266576,0.014842,0.035502,1.217283
1.865517,-0.034483,0.536682,0.326390,0.284636,0.005481,0.033497,1.146693
1.865517,0.034483,0.536682,0.326386,0.284635,0.005481,0.033496,1.146684
1.865517,0.103448,0.541781,0.324494,0.266574,0.014842,0.035501,1.217274
1.865517,0.172414,0.551979,0.312428,0.237250,0.029160,0.038553,1.316875
1.865517,0.241379,0.567276,0.307618,0.204938,0.044152,0.042841,1.501030
1.865517,0.310345,0.587673,0.301580,0.175260,0.056766,0.047316,1.720761
1.865517,0.379310,0.613168,0.294323,0.150536,0.066316,0.051800,1.955172
1.865517,0.448276,0.643763,0.285940,0.131046,0.073272,0.056288,2.181990
1.865517,0.517241,0.679457,0.276621,0.116195,0.078414,0.060801,2.380659
1.865517,0.586207,0.720250,0.266535,0.105172,0.082428,0.065343,2.534267
1.865517,0.655172,0.766142,0.255861,0.097226,0.085799,0.069896,2.631601
1.865517,0.724138,0.817133,0.244769,0.091745,0.088819,0.074413,2.667933
1.865517,0.793103,0.873223,0.233457,0.088268,0.091648,0.078834,2.644879
1.865517,0.862069,0.934413,0.222066,0.086433,0.094346,0.083090,2.569226
1.865517,0.931034,1.000701,0.210727,0.085977,0.096925,0.087117,2.450961
1.865517,1.000000,1.072089,0.193058,0.084340,0.096391,0.088246,2.289047
1.910345,-1.000000,1.046931,0.198451,0.080430,0.095539,0.087403,2.467393
1.910345,-0.931034,0.977219,0.216161,0.082033,0.096038,0.086266,2.635048
1.910345,-0.862069,0.912486,0.227333,0.082544,0.093499,0.082285,2.754066
1.910345,-0.793103,0.852732,0.238513,0.084402,0.090881,0.078109,2.825920
1.910345,-0.724138,0.797958,0.249570,0.087869,0.088173,0.073802,2.840238
1.910345,-0.655172,0.748164,0.260337,0.093302,0.085314,0.069426,2.790250
1.910345,-0.586207,0.703349,0.270654,0.101181,0.082150,0.065037,2.674943
1.910345,-0.517241,0.663513,0.280379,0.112144,0.078386,0.060664,2.500181
1.910345,-0.448276,0.628657,0.289268,0.126960,0.073517,0.056322,2.278424
1.910345,-0.379310,0.598780,0.297217,0.146515,0.066827,0.051982,2.028578
1.910345,-0.310345,0.573883,0.304015,0.171495,0.057470,0.047599,1.772737
1.910345,-0.241379,0.553965,0.309626,0.201742,0.044884,0.043140,1.534765
1.910345,-0.172414,0.539027,0.314041,0.234964,0.029674,0.038764,1.336551
1.910345,-0.103448,0.529068,0.325903,0.265396,0.014932,0.035560,1.227988
1.910345,-0.034483,0.524088,0.327671,0.284253,0.005220,0.033433,1.152743
1.910345,0.034483,0.524088,0.327663,0.284250,0.005219,0.033431,1.152727
1.910345,0.103448,0.529068,0.325910,0.265399,0.014932,0.035562,1.228003
1.910345,0.172414,0.539027,0.314035,0.234962,0.029674,0.038764,1.336531
1.910345,0.241379,0.553965,0.309602,0.201736,0.044883,0.043140,1.534690
1.910345,0.310345,0.573883,0.304021,0.171496,0.057470,0.047598,1.772758
1.910345,0.379310,0.598780,0.297212,0.146514,0.066827,0.051983,2.028560
1.910345,0.448276,0.628657,0.289288,0.126963,0.073518,0.056319,2.278515
1.910345,0.517241,0.663513,0.280370,0.112142,0.078385,0.060665,2.500135
1.910345,0.586207,0.703349,0.270666,0.101184,0.082151,0.065036,2.674997
1.910345,0.655172,0.748164,0.260336,0.093302,0.085314,0.069427,2.790256
1.910345,0.724138,0.797958,0.249569,0.087869,0.088173,0.073802,2.840239
1.910345,0.793103,0.852732,0.238503,0.084399,0.090879,0.078110,2.825892
1.910345,0.862069,0.912486,0.227336,0.082546,0.093500,0.082285,2.754049
1.910345,0.931034,0.977219,0.216166,0.082035,0.096039,0.086266,2.635063
1.910345,1.000000,1.046931,0.198452,0.080430,0.095539,0.087403,2.467404
1.955172,-1.000000,1.022928,0.203750,0.076716,0.094648,0.086526,2.655908
1.955172,-0.931034,0.954814,0.221492,0.078284,0.095118,0.085385,2.829330
1.955172,-0.862069,0.891565,0.232495,0.078842,0.092624,0.081454,2.948857
1.955172,-0.793103,0.833181,0.243458,0.080712,0.090086,0.077363,3.016402
1.955172,-0.724138,0.779663,0.254246,0.084155,0.087498,0.073171,3.021174
1.955172,-0.655172,0.731010,0.264727,0.089537,0.084804,0.068936,2.956622
1.955172,-0.586207,0.687223,0.274717,0.097344,0.081850,0.064705,2.822117
1.955172,-0.517241,0.648300,0.284061,0.108224,0.078334,0.060502,2.624738
1.955172,-0.448276,0.614243,0.292564,0.122988,0.073744,0.056329,2.378792
1.955172,-0.379310,0.585051,0.300075,0.142579,0.067328,0.052145,2.104626
1.955172,-0.310345,0.560725,0.306401,0.167781,0.058178,0.047873,1.826195
1.955172,-0.241379,0.541264,0.311554,0.198555,0.045636,0.043440,1.569104
1.955172,-0.172414,0.526668,0.315580,0.232669,0.030221,0.038980,1.356344
1.955172,-0.103448,0.516937,0.327259,0.264215,0.015058,0.035624,1.238608
1.955172,-0.034483,0.512072,0.328894,0.283878,0.004988,0.033368,1.158574
1.955172,0.034483,0.512072,0.328894,0.283879,0.004988,0.033369,1.158575
1.955172,0.103448,0.516937,0.327262,0.264216,0.015059,0.035624,1.238613
1.955172,0.172414,0.526668,0.315586,0.232671,0.030221,0.038981,1.356360
1.955172,0.241379,0.541264,0.311528,0.198549,0.045635,0.043441,1.569019
1.955172,0.310345,0.560725,0.306409,0.167782,0.058178,0.047872,1.826230
1.955172,0.379310,0.585051,0.300082,0.142581,0.067329,0.052144,2.104635
1.955172,0.448276,0.614243,0.292584,0.122993,0.073745,0.056326,2.378868
1.955172,0.517241,0.648300,0.284054,0.108223,0.078334,0.060502,2.624715
1.955172,0.586207,0.687223,0.274710,0.097344,0.081850,0.064705,2.822064
1.955172,0.655172,0.731010,0.264723,0.089536,0.084804,0.068936,2.956606
1.955172,0.724138,0.779663,0.254244,0.084154,0.087498,0.073171,3.021180
1.955172,0.793103,0.833181,0.243452,0.080709,0.090085,0.077363,3.016420
1.955172,0.862069,0.891565,0.232493,0.078842,0.092624,0.081455,2.948828
1.955172,0.931034,0.954814,0.221493,0.078284,0.095117,0.085385,2.829356
1.955172,1.000000,1.022928,0.203750,0.076716,0.094648,0.086527,2.655897
2.000000,-1.000000,1.000000,0.213300,0.074448,0.095543,0.087262,2.865066
2.000000,-0.931034,0.933413,0.226718,0.074718,0.094167,0.084478,3.034298
2.000000,-0.862069,0.871581,0.237543,0.075315,0.091721,0.080602,3.153982
2.000000,-0.793103,0.814507,0.248298,0.077189,0.089267,0.076597,3.216745
2.000000,-0.724138,0.762188,0.258843,0.080606,0.086802,0.072519,3.211208
2.000000,-0.655172,0.714625,0.269031,0.085930,0.084273,0.068422,3.130830
2.000000,-0.586207,0.671819,0.278689,0.093649,0.081524,0.064349,2.975869
2.000000,-0.517241,0.633769,0.000001,0.000001,0.000000,0.000000,1.003257
2.000000,-0.448276,0.600476,0.000001,0.000001,0.000000,0.000000,1.003008
2.000000,-0.379310,0.571938,0.000001,0.000001,0.000000,0.000000,1.002802
2.000000,-0.310345,0.548157,0.308748,0.164121,0.058885,0.048138,1.881227
2.000000,-0.241379,0.529132,0.313435,0.195389,0.046404,0.043740,1.604158
2.000000,-0.172414,0.514863,0.317073,0.230373,0.030799,0.039204,1.376349
2.000000,-0.103448,0.505351,0.328559,0.263030,0.015218,0.035691,1.249132
2.000000,-0.034483,0.500595,0.330070,0.283514,0.004784,0.033306,1.164210
2.000000,0.034483,0.500595,0.330070,0.283514,0.004784,0.033306,1.164210
2.000000,0.103448,0.505351,0.328560,0.263030,0.015218,0.035692,1.249133
2.000000,0.172414,0.514863,0.317081,0.230376,0.030799,0.039204,1.376363
2.000000,0.241379,0.529132,0.313425,0.195384,0.046403,0.043742,1.604149
2.000000,0.310345,0.548157,0.308736,0.164117,0.058884,0.048139,1.881191
2.000000,0.379310,0.571938,0.000001,0.000001,0.000000,0.000000,1.002802
2.000000,0.448276,0.600476,0.000001,0.000001,0.000000,0.000000,1.003008
2.000000,0.517241,0.633769,0.000001,0.000001,0.000000,0.000000,1.003257
2.000000,0.586207,0.671819,0.278694,0.093650,0.081525,0.064348,2.975906
2.000000,0.655172,0.714625,0.269032,0.085929,0.084272,0.068422,3.130868
2.000000,0.724138,0.762188,0.258838,0.080604,0.086801,0.072519,3.211227
2.000000,0.793103,0.814507,0.248292,0.077188,0.089266,0.076597,3.216700
2.000000,0.862069,0.871581,0.237537,0.075313,0.091720,0.080602,3.153991
2.000000,0.931034,0.933413,0.226718,0.074719,0.094167,0.084478,3.034296
2.000000,1.000000,1.000000,0.213552,0.074206,0.095393,0.087153,2.877834
