0.1,0.1,0.0582450022646588,0.0165029658121555,-0.0408568724056483,-0.000885164046853519,-0.0178239433647929,-0.0165029658121564,0.000435813505782627,0.000885164046853759,0.0582379274102703,0.000878089192466827,0.000435813505782732,-0.0165029658121563,-0.0178168685104062,-0.000878089192466798,-0.0408568724056476,0.0582379274102692,-0.0165029658121558,0.000435813505782877,-0.000878089192466858,-0.0178168685104062,0.0165029658121564,0.0582450022646569,0.000885164046853111,-0.0408568724056476,0.0165029658121564,-0.0178239433647931,0.0582450022646551,0.0165029658121564,-0.0408568724056483,-0.000885164046853566,0.0582379274102644,0.000878089192466779,0.000435813505781869,0.0582379274102697,-0.0165029658121555,0.0582450022646558
0.1,0.15,0.0707831076457322,0.0270660227171692,-0.0433542130883418,-0.000362871840225404,-0.0286264296234106,-0.0270660227171696,0.00119753506601458,0.000362871840225535,0.0707855270209718,0.000365291215463286,0.00119753506601672,-0.0270660227171692,-0.0286288489986481,-0.000365291215463248,-0.0433542130883404,0.0707855270209681,-0.0270660227171706,0.00119753506601491,-0.000365291215463887,-0.0286288489986481,0.0270660227171692,0.0707831076457376,0.000362871840225639,-0.0433542130883402,0.0270660227171689,-0.0286264296234101,0.0707831076457355,0.0270660227171697,-0.0433542130883413,-0.000362871840225639,0.070785527020974,0.000365291215463379,0.00119753506601572,0.0707855270209751,-0.0270660227171693,0.0707831076457347
0.1,0.2,0.0834893843866389,0.036561062988796,-0.047109848992205,0.000181527594362697,-0.0385545628135134,-0.0365610629887969,0.00217502741907803,-0.000181527594361981,0.0834851943858878,-0.000185717595113784,0.00217502741907949,-0.0365610629887962,-0.0385503728127611,0.000185717595114081,-0.0471098489922059,0.0834851943858935,-0.0365610629887952,0.00217502741908,0.000185717595114399,-0.0385503728127612,0.0365610629887964,0.0834893843866399,-0.000181527594362751,-0.0471098489922064,0.0365610629887965,-0.0385545628135132,0.0834893843866368,0.0365610629887959,-0.0471098489922059,0.000181527594361687,0.0834851943858872,-0.00018571759511365,0.00217502741907884,0.083485194385889,-0.0365610629887965,0.0834893843866392
0.1,0.25,0.0976533665168201,0.0464762586793431,-0.0518989050724245,0.00072179723494905,-0.0491351835979184,-0.0464762586793428,0.00338072215352693,-0.000721797234949873,0.0976540122633326,-0.000721151488435522,0.00338072215352631,-0.0464762586793425,-0.0491358293444329,0.000721151488435897,-0.0518989050724232,0.0976540122633296,-0.0464762586793418,0.00338072215352615,0.000721151488435987,-0.0491358293444329,0.0464762586793431,0.0976533665168197,-0.000721797234950275,-0.0518989050724249,0.0464762586793425,-0.0491351835979188,0.0976533665168173,0.0464762586793419,-0.0518989050724232,0.000721797234949381,0.0976540122633311,-0.000721151488435214,0.00338072215352498,0.0976540122633294,-0.0464762586793413,0.097653366516815
0.1,0.3,0.11351239085622,0.0557778191785902,-0.0587948097402459,0.00106023806261388,-0.0596076023461773,-0.0557778191785907,0.00489002123020021,-0.00106023806261442,0.113520354957291,-0.00105227396154253,0.00489002123020095,-0.0557778191785907,-0.0596155664472487,0.00105227396154197,-0.0587948097402455,0.113520354957295,-0.0557778191785901,0.00489002123020144,0.00105227396154301,-0.0596155664472484,0.0557778191785907,0.113512390856218,-0.00106023806261486,-0.0587948097402473,0.0557778191785909,-0.0596076023461773,0.113512390856225,0.0557778191785905,-0.0587948097402453,0.00106023806261379,0.113520354957292,-0.00105227396154183,0.00489002123020076,0.113520354957293,-0.0557778191785908,0.113512390856226
0.1,0.35,0.129421508401958,0.0645240558383151,-0.0660579093469774,0.00116045678333355,-0.0699864624354423,-0.0645240558383143,0.00662286338046483,-0.00116045678333515,0.129419560039975,-0.00116240514532315,0.00662286338046437,-0.0645240558383138,-0.0699845140734537,0.00116240514532396,-0.0660579093469792,0.129419560039974,-0.0645240558383136,0.0066228633804643,0.00116240514532378,-0.0699845140734541,0.0645240558383144,0.129421508401959,-0.00116045678333465,-0.0660579093469784,0.0645240558383141,-0.0699864624354433,0.129421508401962,0.064524055838314,-0.0660579093469769,0.00116045678333362,0.129419560039971,-0.00116240514532304,0.00662286338046271,0.129419560039973,-0.0645240558383153,0.129421508401959
0.1,0.4,0.149137040468615,0.0732835942269277,-0.0767793898618811,0.000925943620192244,-0.0814655880878566,-0.0732835942269279,0.00910793748112199,-0.00092594362019272,0.149158566822143,-0.000904417266672104,0.0091079374811224,-0.0732835942269279,-0.0814871144413775,0.000904417266671421,-0.0767793898618803,0.149158566822132,-0.0732835942269266,0.00910793748112185,0.000904417266671963,-0.0814871144413786,0.0732835942269286,0.149137040468617,-0.00092594362019216,-0.0767793898618814,0.0732835942269278,-0.081465588087857,0.149137040468616,0.073283594226928,-0.0767793898618823,0.000925943620192625,0.149158566822138,-0.000904417266672004,0.00910793748112216,0.149158566822142,-0.0732835942269282,0.149137040468619
0.1,0.45,0.166732915418845,0.0808470140886849,-0.0863118208268321,0.000425919496669703,-0.092128999368597,-0.0808470140886835,0.0117079047765841,-0.00042591949666979,0.166730715738476,-0.000428119177039328,0.0117079047765822,-0.0808470140886837,-0.0921267996882278,0.000428119177040563,-0.086311820826832,0.166730715738474,-0.0808470140886848,0.011707904776584,0.000428119177039483,-0.0921267996882276,0.080847014088684,0.166732915418844,-0.000425919496670189,-0.0863118208268326,0.0808470140886835,-0.0921289993685972,0.166732915418849,0.0808470140886848,-0.0863118208268303,0.000425919496669412,0.166730715738477,-0.000428119177039325,0.0117079047765847,0.166730715738479,-0.0808470140886856,0.166732915418846
0.1,0.5,0.190310731790988,0.0889503720122926,-0.100870859677,-0.000489500101697347,-0.105263382046827,-0.0889503720122928,0.0158235099328389,0.000489500101695823,0.190330441131344,0.000509209442044906,0.0158235099328405,-0.088950372012292,-0.105283091387176,-0.000509209442044133,-0.100870859676998,0.19033044113133,-0.088950372012292,0.015823509932838,-0.000509209442043688,-0.105283091387175,0.0889503720122929,0.190310731790989,0.000489500101696302,-0.100870859676999,0.0889503720122922,-0.105263382046827,0.190310731790988,0.0889503720122925,-0.100870859676999,-0.000489500101696527,0.190330441131327,0.000509209442044666,0.0158235099328383,0.190330441131335,-0.0889503720122928,0.190310731790995
0.1,0.55,0.209182049899507,0.095603502925641,-0.112158155931607,-0.00142039104226125,-0.116552547428696,-0.0956035029256401,0.0195286534607982,0.0014203910422595,0.209182822618085,0.00142116376084405,0.0195286534607946,-0.0956035029256408,-0.116553320147281,-0.00142116376084279,-0.112158155931611,0.20918282261809,-0.0956035029256392,0.0195286534607966,-0.00142116376084245,-0.11655332014728,0.0956035029256408,0.20918204989951,0.00142039104225942,-0.112158155931609,0.0956035029256397,-0.116552547428697,0.209182049899511,0.0956035029256409,-0.112158155931607,-0.00142039104226063,0.20918282261809,0.00142116376084362,0.0195286534607967,0.209182822618096,-0.0956035029256399,0.209182049899504
0.1,0.6,0.236038536105864,0.103424483878369,-0.129942618024599,-0.00267143420289252,-0.131769463571063,-0.103424483878369,0.0256735454898038,0.00267143420289143,0.236046589961704,0.00267948805873769,0.0256735454898036,-0.103424483878368,-0.131777517426908,-0.00267948805873832,-0.1299426180246,0.236046589961704,-0.103424483878368,0.0256735454898019,-0.00267948805873765,-0.131777517426909,0.103424483878368,0.236038536105863,0.00267143420289154,-0.129942618024601,0.103424483878368,-0.131769463571063,0.236038536105864,0.103424483878369,-0.129942618024599,-0.00267143420289231,0.236046589961705,0.00267948805873782,0.0256735454898025,0.236046589961712,-0.103424483878369,0.236038536105854
0.1,0.65,0.255639066445613,0.109727085437851,-0.142291731040616,-0.00362024996715017,-0.14373296736003,-0.10972708543785,0.0303856319550286,0.00362024996715025,0.255647321869253,0.00362850539078776,0.0303856319550295,-0.10972708543785,-0.143741222783667,-0.00362850539078687,-0.142291731040618,0.255647321869257,-0.109727085437851,0.030385631955029,-0.00362850539078729,-0.143741222783667,0.10972708543785,0.255639066445622,0.00362024996715009,-0.142291731040619,0.109727085437851,-0.14373296736003,0.255639066445621,0.109727085437851,-0.142291731040619,-0.00362024996714977,0.255647321869255,0.0036285053907865,0.03038563195503,0.25564732186925,-0.109727085437851,0.255639066445621
0.1,0.7,0.284653170285812,0.117959912904613,-0.162110510130892,-0.00458274725030905,-0.160811711105075,-0.117959912904612,0.0382690509501562,0.00458274725030858,0.284655748071397,0.00458532503589633,0.0382690509501563,-0.117959912904611,-0.160814288890662,-0.00458532503589414,-0.162110510130892,0.284655748071397,-0.117959912904611,0.0382690509501572,-0.00458532503589355,-0.160814288890661,0.117959912904612,0.284653170285814,0.00458274725030912,-0.162110510130893,0.117959912904612,-0.160811711105076,0.284653170285812,0.117959912904612,-0.162110510130893,-0.00458274725030856,0.284655748071401,0.00458532503589673,0.0382690509501549,0.284655748071403,-0.117959912904612,0.284653170285818
0.15,0.1,0.0861567493260631,0.021517153548103,-0.0629044861178754,-0.00173510966008309,-0.0241975553950468,-0.0215171535481024,0.000945292186861542,0.00173510966008307,0.0861707167653419,0.0017490770993649,0.000945292186861192,-0.0215171535481025,-0.0242115228343288,-0.00174907709936485,-0.0629044861178759,0.0861707167653478,-0.0215171535481023,0.000945292186862019,-0.00174907709936481,-0.0242115228343288,0.0215171535481024,0.0861567493260655,0.00173510966008355,-0.0629044861178762,0.0215171535481027,-0.024197555395047,0.086156749326064,0.021517153548103,-0.0629044861178757,-0.00173510966008319,0.0861707167653409,0.00174907709936489,0.000945292186861927,0.0861707167653462,-0.0215171535481032,0.0861567493260655
0.15,0.15,0.0992852167708106,0.0325317174521142,-0.0655925613512994,-0.00116093796739577,-0.0355623802278928,-0.0325317174521153,0.00186972480838067,0.00116093796739584,0.099289879802084,0.00116560099866964,0.00186972480838068,-0.0325317174521148,-0.0355670432591666,-0.00116560099866996,-0.0655925613512993,0.0992898798020811,-0.0325317174521143,0.00186972480838228,-0.00116560099866966,-0.0355670432591664,0.0325317174521149,0.0992852167708055,0.00116093796739571,-0.0655925613513,0.0325317174521151,-0.0355623802278925,0.0992852167708099,0.0325317174521136,-0.0655925613512995,-0.0011609379673961,0.0992898798020792,0.00116560099866958,0.00186972480838165,0.0992898798020809,-0.0325317174521147,0.0992852167708135
0.15,0.2,0.112604618690527,0.0423927945580025,-0.0696198632683015,-0.000591960864220982,-0.0460433932971053,-0.0423927945580017,0.00305863787488385,0.000591960864220031,0.112596253658781,0.0005835958324718,0.00305863787488461,-0.0423927945580019,-0.046035028265357,-0.000583595832471422,-0.0696198632683018,0.11259625365878,-0.0423927945580019,0.00305863787488469,-0.000583595832470984,-0.0460350282653565,0.0423927945580018,0.112604618690529,0.000591960864220166,-0.0696198632683021,0.0423927945580023,-0.0460433932971061,0.112604618690528,0.0423927945580031,-0.069619863268302,-0.000591960864220607,0.112596253658779,0.00058359583247113,0.00305863787488464,0.11259625365878,-0.0423927945580031,0.112604618690527
0.15,0.25,0.127221550704822,0.0525338455398017,-0.0746980302684023,1.0325103385789e-05,-0.0570792064356427,-0.052533845539802,0.004555685999228,-1.03251033870734e-05,0.12722593790676,-5.93790144538744e-06,0.00455568599922841,-0.0525338455398012,-0.0570835936375838,5.93790144535718e-06,-0.0746980302684032,0.127225937906757,-0.052533845539801,0.00455568599922903,5.93790144552938e-06,-0.0570835936375837,0.0525338455398011,0.127221550704827,-1.03251033866225e-05,-0.074698030268404,0.0525338455398017,-0.057079206435643,0.127221550704823,0.0525338455398025,-0.0746980302684027,1.03251033864081e-05,0.127225937906763,-5.9379014451522e-06,0.00455568599922831,0.12722593790676,-0.0525338455398012,0.127221550704815
0.15,0.3,0.144180986761201,0.0622882676638181,-0.0821715821469812,0.00027886304959807,-0.0684642724558365,-0.0622882676638164,0.00645486784161887,-0.000278863049598477,0.144157551943789,-0.000302297867005877,0.0064548678416178,-0.0622882676638172,-0.0684408376384298,0.000302297867007273,-0.0821715821469837,0.144157551943789,-0.0622882676638173,0.0064548678416185,0.000302297867006801,-0.0684408376384289,0.0622882676638171,0.144180986761203,-0.00027886304959857,-0.0821715821469816,0.0622882676638164,-0.0684642724558369,0.144180986761205,0.0622882676638185,-0.0821715821469808,0.00027886304959766,0.144157551943794,-0.000302297867006741,0.0064548678416189,0.144157551943789,-0.0622882676638168,0.144180986761191
0.15,0.35,0.160128087488254,0.0710020874483619,-0.0895649954153111,0.000438995375417825,-0.0791635744374461,-0.0710020874483618,0.00860048236450325,-0.000438995375418546,0.160130347400553,-0.000436735463120619,0.00860048236450375,-0.0710020874483622,-0.0791658343497445,0.000436735463119794,-0.0895649954153107,0.160130347400555,-0.0710020874483624,0.00860048236450399,0.000436735463120725,-0.0791658343497435,0.0710020874483607,0.160128087488251,-0.000438995375417811,-0.0895649954153111,0.0710020874483617,-0.0791635744374461,0.160128087488255,0.0710020874483628,-0.0895649954153116,0.000438995375418743,0.160130347400551,-0.000436735463120371,0.00860048236450288,0.160130347400553,-0.0710020874483623,0.160128087488254
0.15,0.4,0.181914173567838,0.0805053869279686,-0.101428240146671,1.94535067977817e-05,-0.0923457688729639,-0.0805053869279682,0.0118598354517934,-1.94535067986e-05,0.18187019938331,-6.34276913298447e-05,0.0118598354517932,-0.0805053869279681,-0.0923017946884341,6.3427691329867e-05,-0.101428240146673,0.181870199383309,-0.0805053869279687,0.0118598354517967,6.34276913301356e-05,-0.0923017946884328,0.0805053869279683,0.181914173567837,-1.9453506798443e-05,-0.101428240146673,0.0805053869279676,-0.0923457688729645,0.181914173567841,0.0805053869279699,-0.101428240146672,1.94535067975476e-05,0.181870199383314,-6.34276913290641e-05,0.0118598354517929,0.181870199383308,-0.0805053869279681,0.181914173567836
0.15,0.45,0.198486216596654,0.087708126735943,-0.110449053979318,-0.000329035881398695,-0.102900214784695,-0.0877081267359433,0.0148630521673528,0.000329035881397735,0.198487030138076,0.000329849422819329,0.0148630521673545,-0.0877081267359424,-0.102901028326115,-0.00032984942281857,-0.110449053979318,0.198487030138081,-0.0877081267359423,0.0148630521673561,-0.000329849422817747,-0.102901028326116,0.0877081267359432,0.198486216596658,0.000329035881398223,-0.110449053979318,0.0877081267359424,-0.102900214784696,0.19848621659666,0.0877081267359428,-0.110449053979317,-0.00032903588139913,0.19848703013808,0.000329849422819253,0.0148630521673515,0.198487030138075,-0.0877081267359421,0.198486216596656
0.15,0.5,0.224907487920951,0.0968470260681227,-0.126650753045767,-0.00140970880706786,-0.118550111338237,-0.0968470260681232,0.0202933764630446,0.00140970880706863,0.224909099221555,0.00141132010767113,0.0202933764630446,-0.096847026068123,-0.11855172263884,-0.0014113201076701,-0.126650753045768,0.224909099221566,-0.0968470260681221,0.0202933764630473,-0.00141132010767019,-0.118551722638839,0.0968470260681234,0.224907487920957,0.00140970880706884,-0.126650753045766,0.0968470260681228,-0.118550111338236,0.22490748792096,0.0968470260681236,-0.126650753045764,-0.00140970880706861,0.224909099221558,0.00141132010767145,0.0202933764630458,0.224909099221559,-0.0968470260681236,0.224907487920951
0.15,0.55,0.241708116429545,0.10303605489052,-0.13661717894028,-0.00205488259874556,-0.129237633028168,-0.10303605489052,0.0241466955389045,0.00205488259874511,0.24170115451935,0.00204792068855445,0.0241466955389032,-0.10303605489052,-0.129230671117977,-0.00204792068855178,-0.136617178940283,0.241701154519356,-0.103036054890519,0.0241466955389051,-0.00204792068855241,-0.129230671117976,0.103036054890519,0.241708116429552,0.00205488259874554,-0.13661717894028,0.103036054890519,-0.129237633028169,0.241708116429551,0.10303605489052,-0.136617178940279,-0.0020548825987466,0.241701154519354,0.00204792068855346,0.024146695538904,0.241701154519347,-0.103036054890519,0.241708116429543
0.15,0.6,0.270968455855068,0.11200831951098,-0.155704138166329,-0.00325599817776241,-0.147029355454202,-0.112008319510981,0.0317650377654605,0.00325599817776049,0.270970151914936,0.00325769423762744,0.0317650377654585,-0.112008319510981,-0.147031051514069,-0.00325769423762756,-0.15570413816633,0.270970151914947,-0.11200831951098,0.0317650377654623,-0.00325769423762586,-0.147031051514067,0.11200831951098,0.270968455855066,0.00325599817776111,-0.155704138166334,0.112008319510982,-0.147029355454204,0.270968455855074,0.11200831951098,-0.155704138166331,-0.00325599817776175,0.270970151914931,0.00325769423762813,0.0317650377654581,0.270970151914938,-0.112008319510981,0.270968455855069
0.15,0.65,0.288387054641466,0.11807846464475,-0.166475072017773,-0.00383351797894604,-0.158319689013061,-0.11807846464475,0.0364077063893651,0.003833517978946,0.288375515315651,0.00382197865312609,0.0364077063893654,-0.118078464644749,-0.15830814968724,-0.00382197865312434,-0.166475072017772,0.288375515315646,-0.118078464644749,0.0364077063893671,-0.00382197865312325,-0.158308149687239,0.11807846464475,0.288387054641473,0.00383351797894591,-0.166475072017772,0.118078464644749,-0.15831968901306,0.28838705464147,0.11807846464475,-0.166475072017771,-0.00383351797894703,0.288375515315644,0.00382197865312637,0.0364077063893633,0.288375515315644,-0.11807846464475,0.288387054641466
0.15,0.7,0.319130028192805,0.127619113135496,-0.186978704307127,-0.00453221075019113,-0.177698548639978,-0.127619113135497,0.0455472247542861,0.00453221075019184,0.319131681779069,0.00453386433645348,0.0455472247542881,-0.127619113135497,-0.17770020222624,-0.00453386433645257,-0.186978704307126,0.319131681779069,-0.127619113135495,0.0455472247542882,-0.0045338643364523,-0.177700202226239,0.127619113135497,0.31913002819281,0.00453221075019154,-0.186978704307126,0.127619113135497,-0.177698548639978,0.319130028192809,0.127619113135496,-0.186978704307125,-0.00453221075019167,0.319131681779069,0.00453386433645282,0.0455472247542883,0.319131681779066,-0.127619113135496,0.319130028192804
0.2,0.1,0.114255483853382,0.0277163784830737,-0.0837892068709087,-0.00274989849940124,-0.0322267489333206,-0.0277163784830746,0.00176047195084443,0.00274989849940133,0.114264237682769,0.0027586523287883,0.00176047195084367,-0.0277163784830747,-0.0322355027627076,-0.00275865232878825,-0.0837892068709069,0.114264237682772,-0.0277163784830727,0.00176047195084536,-0.00275865232878794,-0.0322355027627076,0.0277163784830747,0.114255483853383,0.00274989849940149,-0.0837892068709072,0.0277163784830748,-0.0322267489333207,0.114255483853386,0.0277163784830749,-0.0837892068709081,-0.00274989849940118,0.114264237682772,0.00275865232878826,0.00176047195084453,0.11426423768277,-0.027716378483073,0.114255483853383
0.2,0.15,0.128357769759202,0.0393654919005446,-0.0867773229725337,-0.0022149548861339,-0.0443980658723089,-0.0393654919005451,0.00281761908562558,0.00221495488613545,0.128335325742559,0.00219251086948089,0.00281761908562971,-0.039365491900545,-0.0443756218556555,-0.00219251086948172,-0.0867773229725312,0.128335325742556,-0.0393654919005443,0.0028176190856282,-0.00219251086948163,-0.0443756218556555,0.0393654919005445,0.128357769759217,0.00221495488613493,-0.0867773229725316,0.0393654919005448,-0.0443980658723085,0.128357769759212,0.0393654919005464,-0.0867773229725322,-0.00221495488613419,0.128335325742559,0.0021925108694808,0.00281761908562961,0.128335325742554,-0.0393654919005446,0.128357769759209
0.2,0.2,0.141270107912507,0.0490809085991452,-0.0906807247941783,-0.00150847451919005,-0.054805511911001,-0.0490809085991461,0.00421612879266408,0.00150847451918919,0.14127968704393,0.00151805365060503,0.0042161287926661,-0.0490809085991457,-0.0548150910424161,-0.00151805365060587,-0.0906807247941772,0.141279687043929,-0.0490809085991464,0.00421612879266607,-0.00151805365060461,-0.0548150910424152,0.049080908599145,0.141270107912515,0.00150847451918951,-0.0906807247941772,0.0490809085991458,-0.054805511911001,0.141270107912513,0.0490809085991461,-0.0906807247941768,-0.00150847451919043,0.141279687043925,0.00151805365060533,0.00421612879266431,0.141279687043923,-0.0490809085991457,0.141270107912509
0.2,0.25,0.157470111611124,0.0599559600981134,-0.0964874538766153,-0.00102669763640321,-0.0670021691550916,-0.05995596009811,0.00601951142057869,0.00102669763640375,0.157447810013202,0.00100439603847603,0.0060195114205791,-0.0599559600981108,-0.0669798675571648,-0.00100439603847606,-0.0964874538766137,0.157447810013203,-0.0599559600981133,0.00601951142057903,-0.0010043960384764,-0.0669798675571647,0.0599559600981105,0.157470111611135,0.00102669763640365,-0.0964874538766124,0.0599559600981103,-0.067002169155092,0.157470111611129,0.0599559600981128,-0.0964874538766146,-0.00102669763640345,0.157447810013198,0.00100439603847623,0.00601951142057834,0.157447810013204,-0.0599559600981123,0.157470111611127
0.2,0.3,0.173251173019287,0.0691302827889601,-0.103502880055122,-0.000618010175212392,-0.0779685440497424,-0.0691302827889597,0.00822025108557079,0.000618010175212427,0.173261108759087,0.000627945915008544,0.00822025108556892,-0.0691302827889596,-0.0779784797895386,-0.000627945915008345,-0.10350288005512,0.17326110875909,-0.0691302827889586,0.00822025108556977,-0.000627945915008232,-0.0779784797895388,0.06913028278896,0.173251173019293,0.000618010175213022,-0.10350288005512,0.0691302827889599,-0.0779685440497428,0.17325117301929,0.0691302827889599,-0.103502880055121,-0.000618010175211787,0.173261108759084,0.000627945915008514,0.00822025108557067,0.173261108759091,-0.0691302827889604,0.173251173019296
0.2,0.35,0.191627823525284,0.078797286087345,-0.112159072926782,-0.000671464511157469,-0.0904364190347974,-0.0787972860873434,0.0109676684362993,0.000671464511156071,0.191610788847617,0.00065442983348927,0.0109676684362981,-0.0787972860873428,-0.0904193843571294,-0.000654429833487458,-0.112159072926783,0.191610788847612,-0.0787972860873435,0.0109676684362983,-0.000654429833488032,-0.0904193843571285,0.0787972860873427,0.191627823525286,0.000671464511157252,-0.112159072926782,0.0787972860873434,-0.0904364190347978,0.191627823525283,0.0787972860873456,-0.112159072926783,-0.000671464511157296,0.191610788847615,0.00065442983348773,0.0109676684362964,0.191610788847614,-0.0787972860873448,0.191627823525283
0.2,0.4,0.211485853018849,0.0875403111715852,-0.123038099336943,-0.000907442510318759,-0.103062898626275,-0.0875403111715851,0.0146151449443717,0.000907442510318364,0.211500287309741,0.000921876801218915,0.01461514494437,-0.0875403111715848,-0.103077332917175,-0.000921876801218264,-0.123038099336944,0.21150028730975,-0.0875403111715846,0.0146151449443738,-0.000921876801218632,-0.103077332917175,0.0875403111715843,0.211485853018841,0.000907442510318823,-0.123038099336945,0.0875403111715845,-0.103062898626275,0.21148585301885,0.0875403111715837,-0.123038099336942,-0.000907442510319957,0.211500287309744,0.00092187680121899,0.0146151449443719,0.211500287309751,-0.087540311171584,0.211485853018847
0.2,0.45,0.231072355207926,0.095831854572746,-0.13374660751021,-0.00149389312496875,-0.115893973207792,-0.0958318545727457,0.0185682255100778,0.00149389312496853,0.23105912487306,0.00148066279010355,0.0185682255100777,-0.0958318545727455,-0.115880742872926,-0.0014806627901027,-0.133746607510211,0.231059124873062,-0.0958318545727452,0.0185682255100779,-0.0014806627901023,-0.115880742872926,0.0958318545727461,0.231072355207922,0.00149389312496876,-0.133746607510211,0.0958318545727461,-0.115893973207792,0.231072355207928,0.0958318545727462,-0.133746607510209,-0.00149389312496905,0.231059124873053,0.0014806627901038,0.0185682255100742,0.231059124873056,-0.0958318545727463,0.231072355207924
0.2,0.5,0.254690050090051,0.104216401748349,-0.148210860182541,-0.00226278815916316,-0.130768257060938,-0.104216401748347,0.0242890671534273,0.0022627881591642,0.254689388608735,0.00226212667784442,0.0242890671534292,-0.104216401748347,-0.13076759557962,-0.00226212667784307,-0.148210860182543,0.254689388608735,-0.104216401748348,0.0242890671534288,-0.00226212667784324,-0.130767595579619,0.104216401748347,0.254690050090048,0.00226278815916268,-0.148210860182543,0.104216401748347,-0.13076825706094,0.254690050090053,0.104216401748349,-0.148210860182541,-0.00226278815916376,0.254689388608735,0.00226212667784452,0.0242890671534272,0.254689388608738,-0.104216401748348,0.254690050090049
0.2,0.55,0.27491911268717,0.111711188831348,-0.160195163495605,-0.0030127603602169,-0.144160809041055,-0.111711188831347,0.0294368598494916,0.00301276036021689,0.274911300795613,0.00300494846865968,0.0294368598494903,-0.111711188831347,-0.144152997149499,-0.00300494846865842,-0.160195163495606,0.274911300795613,-0.111711188831346,0.0294368598494935,-0.00300494846865763,-0.144152997149497,0.111711188831348,0.274919112687167,0.00301276036021691,-0.160195163495605,0.111711188831347,-0.144160809041056,0.274919112687179,0.111711188831348,-0.160195163495602,-0.00301276036021824,0.27491130079561,0.00300494846865996,0.0294368598494916,0.274911300795613,-0.111711188831348,0.274919112687168
0.2,0.6,0.301285790728026,0.120300845191715,-0.177236169440421,-0.00374877609589369,-0.16125617419799,-0.120300845191715,0.0372065529103813,0.00374877609589329,0.301276242545095,0.0037392279129604,0.037206552910383,-0.120300845191715,-0.161246626015057,-0.00373922791295917,-0.177236169440422,0.301276242545097,-0.120300845191715,0.0372065529103855,-0.00373922791295832,-0.161246626015055,0.120300845191714,0.301285790728024,0.00374877609589247,-0.177236169440423,0.120300845191715,-0.161256174197992,0.301285790728038,0.120300845191716,-0.177236169440418,-0.0037487760958944,0.301276242545096,0.00373922791296067,0.0372065529103823,0.301276242545097,-0.120300845191715,0.30128579072803
0.2,0.65,0.321480266808295,0.127658511927064,-0.189612305668232,-0.00420944921299697,-0.174957769407294,-0.127658511927065,0.0430898082672349,0.00420944921299558,0.321473468991889,0.00420265139659056,0.0430898082672364,-0.127658511927064,-0.174950971590889,-0.00420265139659046,-0.189612305668235,0.321473468991895,-0.127658511927064,0.0430898082672381,-0.00420265139658906,-0.174950971590888,0.127658511927064,0.321480266808296,0.00420944921299484,-0.189612305668237,0.127658511927064,-0.174957769407296,0.321480266808302,0.127658511927065,-0.189612305668233,-0.00420944921299723,0.32147346899189,0.00420265139659125,0.0430898082672329,0.321473468991895,-0.127658511927064,0.321480266808297
0.2,0.7,0.348927027020777,0.136969279876804,-0.207596098968355,-0.0043616481756182,-0.193324246122075,-0.136969279876803,0.0519933180696559,0.00436164817561712,0.348918558662943,0.00435317981778795,0.0519933180696547,-0.136969279876803,-0.193315777764246,-0.00435317981778665,-0.207596098968358,0.34891855866295,-0.136969279876803,0.051993318069658,-0.00435317981778588,-0.193315777764245,0.136969279876803,0.348927027020779,0.00436164817561749,-0.207596098968358,0.136969279876803,-0.193324246122077,0.34892702702078,0.136969279876804,-0.207596098968356,-0.00436164817561806,0.348918558662942,0.00435317981778811,0.0519933180696526,0.348918558662947,-0.136969279876803,0.348927027020778
0.25,0.1,0.143875101729144,0.0362307596621405,-0.103343823268939,-0.00430051879806783,-0.0432902565653393,-0.0362307596621401,0.00275897810513079,0.00430051879806812,0.143856097825135,0.00428151489405653,0.00275897810513199,-0.0362307596621399,-0.0432712526613275,-0.00428151489405657,-0.103343823268939,0.143856097825135,-0.036230759662139,0.00275897810513169,-0.00428151489405632,-0.0432712526613277,0.0362307596621401,0.143875101729145,0.00430051879806809,-0.103343823268939,0.0362307596621401,-0.0432902565653392,0.143875101729148,0.0362307596621392,-0.10334382326894,-0.00430051879806788,0.143856097825137,0.00428151489405609,0.0027589781051316,0.143856097825139,-0.03623075966214,0.143875101729147
0.25,0.15,0.158327420256288,0.0481476374890654,-0.106518938200493,-0.00366084456673683,-0.0558126710515884,-0.048147637489065,0.00400418899578656,0.00366084456673644,0.158340778696104,0.00367420300654936,0.00400418899578623,-0.048147637489065,-0.0558260294914012,-0.00367420300654919,-0.106518938200493,0.158340778696114,-0.0481476374890653,0.00400418899578876,-0.00367420300654883,-0.0558260294914008,0.0481476374890646,0.158327420256293,0.0036608445667362,-0.106518938200493,0.0481476374890647,-0.0558126710515884,0.158327420256302,0.0481476374890652,-0.106518938200491,-0.00366084456673771,0.158340778696106,0.00367420300654956,0.00400418899578557,0.158340778696103,-0.0481476374890652,0.158327420256294
0.25,0.2,0.172410707734521,0.0584696921006984,-0.110914910599578,-0.0030261050342439,-0.0671465665286225,-0.0584696921006987,0.00565076939368107,0.00302610503424308,0.172384536200354,0.00299993350008317,0.00565076939367945,-0.0584696921006992,-0.0671203949944624,-0.00299993350008222,-0.110914910599581,0.172384536200368,-0.0584696921006986,0.00565076939368355,-0.00299993350008186,-0.0671203949944616,0.0584696921006988,0.172410707734521,0.00302610503424303,-0.110914910599581,0.0584696921006991,-0.0671465665286235,0.172410707734526,0.0584696921006998,-0.110914910599579,-0.00302610503424401,0.172384536200359,0.00299993350008348,0.00565076939367922,0.17238453620036,-0.058469692100698,0.172410707734522
0.25,0.25,0.188778954785221,0.0692904654003667,-0.117033344051125,-0.00245514533373354,-0.079586779062387,-0.0692904654003662,0.00784116832828807,0.0024551453337338,0.18880004294352,0.00247623349203264,0.0078411683282872,-0.0692904654003663,-0.0796078672206859,-0.00247623349203175,-0.117033344051126,0.188800042943527,-0.0692904654003663,0.00784116832828801,-0.00247623349203167,-0.079607867220686,0.0692904654003666,0.188778954785224,0.00245514533373301,-0.117033344051124,0.0692904654003663,-0.0795867790623873,0.18877895478522,0.0692904654003672,-0.117033344051124,-0.00245514533373394,0.188800042943529,0.00247623349203193,0.00784116832828908,0.18880004294352,-0.0692904654003667,0.188778954785226
0.25,0.3,0.206214865901824,0.0790653974778925,-0.124963035138661,-0.00218643328526808,-0.0918818851503916,-0.079065397477893,0.0106300543872315,0.00218643328526842,0.206196304004651,0.00216787138810007,0.0106300543872334,-0.0790653974778927,-0.0918633232532235,-0.00216787138809988,-0.124963035138662,0.206196304004659,-0.0790653974778931,0.010630054387233,-0.00216787138809991,-0.091863323253223,0.0790653974778923,0.206214865901826,0.00218643328526863,-0.124963035138661,0.0790653974778923,-0.0918818851503909,0.20621486590182,0.0790653974778933,-0.124963035138662,-0.00218643328526751,0.206196304004654,0.00216787138809951,0.0106300543872328,0.206196304004656,-0.0790653974778931,0.206214865901822
0.25,0.35,0.224318857655224,0.0884095091877383,-0.133737552334536,-0.00217179613295193,-0.104516296784581,-0.0884095091877363,0.0139349914638952,0.00217179613295162,0.224339745577187,0.00219268405491635,0.0139349914638952,-0.0884095091877362,-0.104537184706546,-0.0021926840549153,-0.133737552334539,0.22433974557719,-0.0884095091877363,0.0139349914638957,-0.00219268405491558,-0.104537184706545,0.088409509187736,0.22431885765523,0.00217179613295189,-0.133737552334538,0.0884095091877364,-0.104516296784582,0.224318857655227,0.0884095091877368,-0.133737552334537,-0.00217179613295261,0.224339745577189,0.00219268405491616,0.0139349914638943,0.224339745577186,-0.0884095091877383,0.224318857655222
0.25,0.4,0.245401064568153,0.0974892041986041,-0.145412170751183,-0.00249968961836371,-0.118482371631966,-0.0974892041986025,0.0184934778150014,0.00249968961836312,0.245399042025275,0.00249766707549484,0.0184934778149993,-0.0974892041986031,-0.118480349089097,-0.00249766707549279,-0.145412170751188,0.245399042025282,-0.0974892041986039,0.0184934778150015,-0.00249766707549422,-0.118480349089096,0.0974892041986028,0.245401064568159,0.00249968961836472,-0.145412170751183,0.0974892041986026,-0.118482371631966,0.245401064568154,0.0974892041986035,-0.145412170751186,-0.00249968961836363,0.245399042025288,0.00249766707549391,0.0184934778150019,0.245399042025284,-0.0974892041986058,0.245401064568151
0.25,0.45,0.264901554330195,0.105706134980118,-0.156236805004902,-0.00295861434517792,-0.131866643246496,-0.105706134980117,0.0232018939212028,0.00295861434517674,0.264918258642381,0.00297531865736646,0.0232018939212006,-0.105706134980118,-0.131883347558685,-0.0029753186573646,-0.156236805004904,0.264918258642392,-0.105706134980118,0.0232018939212038,-0.0029753186573648,-0.131883347558685,0.105706134980118,0.264901554330196,0.00295861434517717,-0.156236805004904,0.105706134980118,-0.131866643246498,0.264901554330201,0.105706134980119,-0.156236805004902,-0.00295861434517791,0.264918258642388,0.00297531865736629,0.0232018939212009,0.264918258642389,-0.105706134980118,0.264901554330196
0.25,0.5,0.288949937900788,0.114392953431889,-0.170987620725793,-0.00356936374310696,-0.147890998366159,-0.114392953431888,0.0299286811911684,0.00356936374310624,0.288961184367434,0.00358061020974991,0.0299286811911678,-0.114392953431887,-0.147902244832804,-0.00358061020975038,-0.170987620725793,0.288961184367429,-0.114392953431887,0.0299286811911667,-0.00358061020974949,-0.147902244832804,0.114392953431888,0.28894993790079,0.00356936374310627,-0.170987620725794,0.114392953431887,-0.147890998366161,0.288949937900786,0.114392953431888,-0.170987620725793,-0.00356936374310725,0.288961184367431,0.00358061020975053,0.0299286811911649,0.288961184367438,-0.114392953431889,0.288949937900782
0.25,0.55,0.309286084213214,0.122157729485667,-0.183089871612149,-0.00403848311540211,-0.162127476243152,-0.122157729485666,0.0359312636420849,0.00403848311540228,0.309297504062348,0.00404990296453448,0.0359312636420855,-0.122157729485665,-0.162138896092284,-0.00404990296453443,-0.183089871612148,0.309297504062348,-0.122157729485665,0.0359312636420849,-0.00404990296453435,-0.162138896092285,0.122157729485666,0.309286084213213,0.00403848311540179,-0.183089871612148,0.122157729485665,-0.162127476243152,0.309286084213223,0.122157729485666,-0.183089871612147,-0.0040384831154023,0.309297504062345,0.00404990296453555,0.0359312636420833,0.309297504062352,-0.122157729485666,0.30928608421321
0.25,0.6,0.335199831755243,0.131176578445621,-0.199702893093076,-0.00432036021655464,-0.179935619052179,-0.131176578445622,0.0444386803900002,0.00432036021655505,0.335211484683694,0.00433201314500239,0.0444386803900026,-0.131176578445622,-0.179947271980626,-0.00433201314500101,-0.199702893093078,0.3352114846837,-0.131176578445621,0.0444386803900035,-0.00433201314500054,-0.179947271980624,0.131176578445621,0.335199831755247,0.00432036021655427,-0.199702893093078,0.131176578445622,-0.179935619052179,0.33519983175525,0.131176578445621,-0.199702893093074,-0.00432036021655584,0.335211484683693,0.00433201314500236,0.0444386803900007,0.335211484683699,-0.131176578445622,0.335199831755249
0.25,0.65,0.355246274704474,0.138949417974535,-0.211952885426618,-0.00434397130332945,-0.194313914654035,-0.138949417974536,0.0510205253761669,0.00434397130333008,0.35525316835716,0.0043508649560142,0.0510205253761686,-0.138949417974536,-0.194320808306719,-0.00435086495601418,-0.211952885426617,0.355253168357165,-0.138949417974535,0.0510205253761713,-0.00435086495601302,-0.194320808306718,0.138949417974536,0.355246274704486,0.00434397130333031,-0.211952885426614,0.138949417974536,-0.194313914654035,0.355246274704489,0.138949417974537,-0.211952885426613,-0.0043439713033306,0.355253168357154,0.00435086495601405,0.0510205253761653,0.355253168357158,-0.138949417974536,0.355246274704473
0.25,0.7,0.381182278248818,0.148586759636085,-0.228653843456727,-0.00394167515601023,-0.212603872265691,-0.148586759636084,0.060075437473597,0.00394167515600989,0.381188467807642,0.00394786471483361,0.0600754374735974,-0.148586759636084,-0.212610061824516,-0.00394786471483202,-0.22865384345673,0.381188467807648,-0.148586759636084,0.0600754374736013,-0.0039478647148312,-0.212610061824513,0.148586759636084,0.38118227824882,0.00394167515601,-0.228653843456728,0.148586759636084,-0.212603872265693,0.381182278248827,0.148586759636085,-0.228653843456727,-0.00394167515601068,0.381188467807645,0.00394786471483319,0.0600754374735983,0.381188467807648,-0.148586759636084,0.381182278248816
0.3,0.1,0.173909767764794,0.0462654845408464,-0.121681273347412,-0.00596300987654708,-0.0564458529666559,-0.0462654845408463,0.00421735854925973,0.00596300987654819,0.173918410621277,0.00597165273301966,0.00421735854926289,-0.0462654845408462,-0.0564544958231276,-0.0059716527330199,-0.121681273347409,0.173918410621272,-0.0462654845408453,0.00421735854926319,-0.00597165273301908,-0.0564544958231277,0.0462654845408461,0.173909767764808,0.00596300987654782,-0.121681273347411,0.0462654845408461,-0.0564458529666554,0.173909767764804,0.046265484540847,-0.121681273347412,-0.00596300987654726,0.173918410621282,0.0059716527330194,0.00421735854926275,0.173918410621274,-0.0462654845408471,0.1739097677648
0.3,0.15,0.188455424748339,0.0582475721062958,-0.124960242411941,-0.00524761023010266,-0.0691586801560223,-0.0582475721062954,0.00566349781962463,0.00524761023010281,0.188466397773604,0.00525858325536761,0.0056634978196254,-0.0582475721062957,-0.0691696531812873,-0.00525858325536807,-0.12496024241194,0.188466397773604,-0.0582475721062935,0.00566349781962543,-0.00525858325536735,-0.0691696531812873,0.0582475721062956,0.188455424748338,0.00524761023010282,-0.124960242411941,0.0582475721062958,-0.0691586801560225,0.188455424748338,0.0582475721062946,-0.124960242411942,-0.00524761023010286,0.188466397773601,0.00525858325536771,0.00566349781962326,0.188466397773604,-0.0582475721062963,0.18845542474834
0.3,0.2,0.204184676592417,0.0694514597905964,-0.130141525150032,-0.00459169165179428,-0.0817655581290809,-0.0694514597905969,0.00772240668669048,0.00459169165179374,0.204209197372241,0.00461621243161483,0.00772240668669184,-0.0694514597905971,-0.0817900789089017,-0.00461621243161428,-0.130141525150033,0.204209197372238,-0.0694514597905968,0.0077224066866907,-0.00461621243161512,-0.0817900789089015,0.0694514597905971,0.204184676592426,0.0045916916517938,-0.130141525150031,0.0694514597905964,-0.0817655581290807,0.204184676592429,0.0694514597905978,-0.130141525150028,-0.00459169165179484,0.204209197372245,0.00461621243161445,0.00772240668669119,0.204209197372243,-0.0694514597905985,0.20418467659242
0.3,0.25,0.220286328938635,0.0798855032461686,-0.136408988443882,-0.00399183724858162,-0.0941978262104651,-0.0798855032461669,0.0103204857157179,0.00399183724858127,0.220299471009815,0.00400497931976449,0.0103204857157181,-0.0798855032461672,-0.0942109682816483,-0.00400497931976319,-0.136408988443885,0.220299471009814,-0.0798855032461674,0.0103204857157189,-0.00400497931976306,-0.0942109682816477,0.0798855032461669,0.220286328938639,0.00399183724858139,-0.136408988443882,0.0798855032461671,-0.094197826210466,0.220286328938636,0.0798855032461688,-0.136408988443883,-0.00399183724858153,0.220299471009818,0.00400497931976445,0.0103204857157159,0.220299471009812,-0.0798855032461674,0.220286328938626
0.3,0.3,0.239901057060167,0.0904943381144666,-0.145656546813233,-0.00375017213247049,-0.108276886724362,-0.0904943381144655,0.0140323764774253,0.00375017213247048,0.239928619886967,0.00377773495926734,0.0140323764774294,-0.0904943381144657,-0.10830444955116,-0.00377773495926709,-0.145656546813235,0.239928619886965,-0.0904943381144655,0.0140323764774273,-0.00377773495926695,-0.10830444955116,0.0904943381144662,0.239901057060166,0.00375017213247058,-0.145656546813233,0.0904943381144656,-0.108276886724363,0.239901057060174,0.0904943381144669,-0.145656546813232,-0.00375017213247084,0.239928619886967,0.00377773495926774,0.0140323764774259,0.239928619886967,-0.0904943381144662,0.239901057060162
0.3,0.35,0.257193445054199,0.099183702969591,-0.15431393949556,-0.00369580258904645,-0.12076579471097,-0.0991837029695892,0.0178862891523368,0.00369580258904654,0.257206422232414,0.00370877976726893,0.0178862891523345,-0.0991837029695897,-0.120778771889194,-0.00370877976726835,-0.15431393949556,0.257206422232422,-0.0991837029695886,0.017886289152338,-0.0037087797672678,-0.120778771889193,0.0991837029695896,0.257193445054198,0.00369580258904713,-0.154313939495558,0.0991837029695894,-0.12076579471097,0.257193445054196,0.0991837029695901,-0.154313939495559,-0.00369580258904634,0.257206422232413,0.00370877976726928,0.0178862891523336,0.257206422232418,-0.0991837029695896,0.25719344505419
0.3,0.4,0.28088637405229,0.109189813475174,-0.167710717883871,-0.00398584269325385,-0.137196876546174,-0.109189813475175,0.0240212203777453,0.00398584269325328,0.280909598235113,0.00400906687607545,0.0240212203777444,-0.109189813475175,-0.137220100728996,-0.00400906687607484,-0.167710717883871,0.280909598235114,-0.109189813475173,0.0240212203777477,-0.00400906687607446,-0.137220100728996,0.109189813475174,0.280886374052295,0.00398584269325371,-0.167710717883871,0.109189813475175,-0.137196876546174,0.280886374052305,0.109189813475176,-0.167710717883868,-0.00398584269325388,0.280909598235115,0.00400906687607594,0.0240212203777456,0.28090959823512,-0.109189813475175,0.280886374052296
0.3,0.45,0.298745585605018,0.116686193066155,-0.177835813100052,-0.00422357943882124,-0.150084607995235,-0.116686193066155,0.0291748354902565,0.00422357943882225,0.298757530548182,0.00423552438197564,0.0291748354902578,-0.116686193066154,-0.150096552938388,-0.00423552438197669,-0.17783581310005,0.298757530548178,-0.116686193066154,0.029174835490259,-0.00423552438197605,-0.150096552938389,0.116686193066155,0.298745585605021,0.00422357943882219,-0.177835813100053,0.116686193066155,-0.150084607995235,0.298745585605037,0.116686193066155,-0.17783581310005,-0.00422357943882282,0.298757530548182,0.00423552438197567,0.0291748354902585,0.29875753054818,-0.116686193066155,0.298745585605022
0.3,0.5,0.32569625395468,0.126694816980296,-0.194497741554663,-0.00450369541972615,-0.169182424072564,-0.126694816980295,0.0379839116725431,0.00450369541972535,0.325703045376622,0.00451048684166822,0.0379839116725458,-0.126694816980296,-0.169189215494507,-0.0045104868416669,-0.194497741554668,0.325703045376626,-0.126694816980295,0.0379839116725456,-0.00451048684166727,-0.169189215494506,0.126694816980296,0.325696253954677,0.0045036954197255,-0.194497741554665,0.126694816980296,-0.169182424072566,0.325696253954682,0.126694816980297,-0.194497741554662,-0.00450369541972576,0.325703045376622,0.00451048684166857,0.037983911672543,0.325703045376635,-0.126694816980296,0.325696253954679
0.3,0.55,0.343252094951784,0.13369094800333,-0.205023007756693,-0.00453813919176202,-0.182136976164998,-0.133690948003332,0.0439078889699066,0.00453813919176033,0.343261262995,0.00454730723498725,0.0439078889699026,-0.133690948003332,-0.182146144208225,-0.00454730723498517,-0.205023007756696,0.343261262995005,-0.13369094800333,0.0439078889699052,-0.00454730723498527,-0.182146144208223,0.133690948003332,0.343252094951783,0.00453813919176115,-0.205023007756695,0.133690948003332,-0.182136976164999,0.343252094951788,0.133690948003331,-0.205023007756692,-0.00453813919176213,0.343261262995002,0.00454730723498719,0.0439078889699035,0.343261262995004,-0.133690948003329,0.343252094951783
0.3,0.6,0.371237522838075,0.144169030345239,-0.222879628918391,-0.00418886357444753,-0.202578933112452,-0.144169030345237,0.0542210391927698,0.00418886357444782,0.371238092638043,0.00418943337441514,0.054221039192769,-0.144169030345237,-0.20257950291242,-0.00418943337441324,-0.222879628918394,0.371238092638047,-0.144169030345236,0.0542210391927703,-0.00418943337441341,-0.202579502912418,0.144169030345237,0.371237522838078,0.00418886357444786,-0.222879628918391,0.144169030345237,-0.202578933112453,0.371237522838081,0.144169030345238,-0.22287962891839,-0.00418886357444862,0.371238092638041,0.00418943337441508,0.0542210391927674,0.371238092638044,-0.144169030345238,0.371237522838085
0.3,0.65,0.387726019549148,0.151030121774741,-0.232888624722543,-0.0038072730518639,-0.214962104827373,-0.15103012177474,0.0601247100007724,0.00380727305186291,0.387727521289777,0.00380877479249655,0.0601247100007702,-0.15103012177474,-0.214963606568007,-0.00380877479249506,-0.232888624722548,0.387727521289781,-0.15103012177474,0.0601247100007725,-0.00380877479249507,-0.214963606568006,0.15103012177474,0.387726019549153,0.00380727305186357,-0.232888624722545,0.15103012177474,-0.214962104827375,0.387726019549149,0.15103012177474,-0.232888624722545,-0.00380727305186349,0.387727521289781,0.00380877479249703,0.0601247100007708,0.387727521289781,-0.151030121774741,0.387726019549147
0.3,0.7,0.41409850979714,0.161688026032554,-0.249571796475893,-0.00283868728869935,-0.23455694407709,-0.161688026032555,0.070030230755833,0.00283868728869913,0.414099450623298,0.00283962811485847,0.0700302307558311,-0.161688026032555,-0.23455788490325,-0.00283962811485665,-0.249571796475896,0.414099450623308,-0.161688026032554,0.0700302307558381,-0.0028396281148566,-0.234557884903247,0.161688026032555,0.414098509797143,0.00283868728869913,-0.249571796475895,0.161688026032555,-0.234556944077091,0.41409850979715,0.161688026032555,-0.249571796475889,-0.00283868728870004,0.414099450623301,0.00283962811485833,0.0700302307558362,0.41409945062331,-0.161688026032556,0.414098509797144
0.35,0.1,0.202343486423917,0.056439258057183,-0.138552764540011,-0.00735146382672006,-0.0701353680906666,-0.0564392580571825,0.00634464620676776,0.00735146382671975,0.202366029315582,0.00737400671838561,0.006344646206764,-0.0564392580571827,-0.0701579109823328,-0.00737400671838602,-0.13855276454001,0.202366029315577,-0.0564392580571813,0.00634464620676537,-0.00737400671838521,-0.0701579109823327,0.0564392580571827,0.202343486423916,0.00735146382671986,-0.138552764540013,0.0564392580571824,-0.0701353680906667,0.202343486423908,0.0564392580571826,-0.138552764540013,-0.00735146382672002,0.202366029315584,0.00737400671838591,0.00634464620676475,0.202366029315581,-0.0564392580571828,0.202343486423914
0.35,0.15,0.218381737841064,0.0693842881329808,-0.142361406325362,-0.00663604338272673,-0.0841020192481007,-0.0693842881329798,0.00808168773239232,0.00663604338272714,0.21839428851889,0.00664859406054268,0.00808168773239494,-0.06938428813298,-0.084114569925917,-0.00664859406054348,-0.142361406325363,0.218394288518881,-0.0693842881329794,0.00808168773239303,-0.00664859406054333,-0.0841145699259172,0.0693842881329801,0.218381737841072,0.00663604338272738,-0.142361406325362,0.06938428813298,-0.0841020192481011,0.218381737841074,0.0693842881329801,-0.14236140632536,-0.00663604338272787,0.218394288518884,0.00664859406054339,0.00808168773239376,0.218394288518887,-0.0693842881329807,0.218381737841062
0.35,0.2,0.233402792795814,0.0800090067954374,-0.147564596983265,-0.00582918901711427,-0.0963442308864261,-0.0800090067954377,0.0105060350738733,0.00582918901711354,0.233440018131853,0.0058664143531536,0.0105060350738747,-0.0800090067954377,-0.096381456222466,-0.00586641435315294,-0.147564596983267,0.233440018131858,-0.0800090067954371,0.0105060350738767,-0.00586641435315271,-0.0963814562224653,0.0800090067954377,0.233402792795811,0.00582918901711413,-0.147564596983267,0.0800090067954379,-0.0963442308864265,0.233402792795821,0.0800090067954383,-0.14756459698326,-0.00582918901711507,0.233440018131853,0.0058664143531543,0.0105060350738722,0.233440018131855,-0.0800090067954379,0.233402792795802
0.35,0.25,0.251398124323034,0.0913015676960237,-0.154855092185156,-0.00524146444185657,-0.110367345257538,-0.0913015676960228,0.0138243131196591,0.00524146444185631,0.251406292121149,0.00524963223996893,0.0138243131196613,-0.0913015676960224,-0.110375513055651,-0.00524963223996889,-0.154855092185158,0.251406292121149,-0.0913015676960223,0.0138243131196629,-0.00524963223996866,-0.110375513055651,0.091301567696023,0.251398124323033,0.0052414644418568,-0.154855092185155,0.0913015676960225,-0.110367345257538,0.251398124323046,0.0913015676960237,-0.154855092185152,-0.00524146444185761,0.251406292121153,0.00524963223996947,0.0138243131196604,0.25140629212115,-0.0913015676960248,0.251398124323028
0.35,0.3,0.270087831196444,0.101117658514487,-0.164088824719303,-0.00488134796266894,-0.124178495413672,-0.101117658514487,0.0181794889365149,0.00488134796266914,0.270129350652587,0.00492286741880484,0.0181794889365157,-0.101117658514487,-0.124220014869807,-0.0049228674188036,-0.164088824719302,0.270129350652592,-0.101117658514488,0.0181794889365153,-0.00492286741880344,-0.124220014869806,0.101117658514487,0.270087831196463,0.0048813479626694,-0.164088824719302,0.101117658514487,-0.124178495413673,0.270087831196464,0.101117658514488,-0.1640888247193,-0.00488134796266981,0.270129350652586,0.00492286741880529,0.0181794889365128,0.270129350652599,-0.101117658514488,0.270087831196458
0.35,0.35,0.289407320669373,0.110587206952835,-0.174029785237679,-0.00479032847886862,-0.138582751851307,-0.110587206952835,0.023205216419603,0.00479032847886866,0.289405439354926,0.00478844716441232,0.0232052164196036,-0.110587206952834,-0.13858087053685,-0.00478844716441147,-0.174029785237677,0.289405439354921,-0.110587206952833,0.023205216419604,-0.00478844716441105,-0.13858087053685,0.110587206952835,0.289407320669379,0.00479032847886835,-0.174029785237677,0.110587206952834,-0.138582751851306,0.289407320669388,0.110587206952836,-0.174029785237674,-0.00479032847886959,0.289405439354926,0.00478844716441181,0.0232052164196052,0.289405439354928,-0.110587206952836,0.289407320669385
0.35,0.4,0.312469728262326,0.120145462825465,-0.18753184434629,-0.00479242109058124,-0.155353812906541,-0.120145462825466,0.0304159289904909,0.00479242109058058,0.312522414703792,0.00484510753203821,0.0304159289904939,-0.120145462825466,-0.155406499347998,-0.00484510753203884,-0.18753184434629,0.312522414703787,-0.120145462825465,0.0304159289904914,-0.00484510753203859,-0.155406499347998,0.120145462825466,0.312469728262334,0.00479242109058073,-0.187531844346292,0.120145462825466,-0.155353812906541,0.312469728262339,0.120145462825465,-0.187531844346288,-0.00479242109058177,0.312522414703789,0.00484510753203873,0.0304159289904925,0.312522414703801,-0.120145462825468,0.312469728262333
0.35,0.45,0.331508001242035,0.128204259447378,-0.198488176514676,-0.0048155652799845,-0.169737680449298,-0.128204259447379,0.0367178557219349,0.00481556527998426,0.331494562924124,0.00480212696207248,0.0367178557219369,-0.128204259447378,-0.169724242131386,-0.00480212696207099,-0.198488176514677,0.331494562924126,-0.128204259447378,0.0367178557219368,-0.00480212696207099,-0.169724242131386,0.128204259447379,0.331508001242041,0.00481556527998477,-0.198488176514676,0.128204259447378,-0.169737680449297,0.331508001242037,0.128204259447378,-0.198488176514676,-0.00481556527998489,0.331494562924122,0.0048021269620732,0.0367178557219334,0.33149456292413,-0.128204259447379,0.331508001242034
0.35,0.5,0.359411612854684,0.1389228464735,-0.215997540453786,-0.00449122592740518,-0.190677403601001,-0.138922846473501,0.0472633312000946,0.00449122592740549,0.359445758208695,0.00452537128141024,0.0472633312000958,-0.1389228464735,-0.190711548955006,-0.00452537128140964,-0.215997540453785,0.359445758208693,-0.138922846473499,0.0472633312000956,-0.00452537128141021,-0.190711548955007,0.138922846473501,0.359411612854688,0.00449122592740525,-0.215997540453785,0.1389228464735,-0.190677403601001,0.359411612854689,0.138922846473501,-0.215997540453785,-0.00449122592740575,0.359445758208696,0.00452537128141035,0.0472633312000942,0.3594457582087,-0.138922846473501,0.359411612854692
0.35,0.55,0.375268231752963,0.145544193612996,-0.225510052454839,-0.00421398568513158,-0.202917282140345,-0.145544193612998,0.0531591028422133,0.00421398568513219,0.375249106348831,0.0041948602810011,0.0531591028422138,-0.145544193612998,-0.202898156736215,-0.00419486028100053,-0.22551005245484,0.375249106348838,-0.145544193612996,0.0531591028422167,-0.00419486028100033,-0.202898156736213,0.145544193612997,0.375268231752971,0.00421398568513287,-0.225510052454837,0.145544193612997,-0.202917282140344,0.375268231752967,0.145544193612997,-0.225510052454838,-0.00421398568513227,0.375249106348836,0.00419486028100115,0.0531591028422152,0.37524910634884,-0.145544193612998,0.375268231752966
0.35,0.6,0.403433860508463,0.156846720059622,-0.243358116582397,-0.00322902386644213,-0.224584041085289,-0.156846720059621,0.0645082971592271,0.00322902386644244,0.403444787169478,0.00323995052746251,0.0645082971592274,-0.156846720059621,-0.224594967746308,-0.00323995052746195,-0.243358116582397,0.403444787169477,-0.156846720059621,0.064508297159224,-0.00323995052746178,-0.224594967746309,0.156846720059622,0.403433860508461,0.00322902386644282,-0.243358116582396,0.156846720059622,-0.224584041085289,0.403433860508462,0.156846720059622,-0.243358116582395,-0.00322902386644277,0.403444787169473,0.00323995052746284,0.0645082971592243,0.403444787169485,-0.156846720059621,0.403433860508458
0.35,0.65,0.416405689863089,0.162597747476546,-0.251136171219729,-0.00267177116681274,-0.234698277081764,-0.162597747476546,0.0694287584384048,0.00267177116681282,0.416391454321725,0.00265753562545571,0.0694287584384057,-0.162597747476546,-0.234684041540406,-0.00265753562545487,-0.251136171219729,0.416391454321725,-0.162597747476545,0.0694287584384051,-0.00265753562545474,-0.234684041540406,0.162597747476547,0.416405689863084,0.00267177116681258,-0.25113617121973,0.162597747476546,-0.234698277081764,0.416405689863086,0.162597747476546,-0.251136171219726,-0.00267177116681357,0.416391454321726,0.00265753562545583,0.0694287584384024,0.416391454321732,-0.162597747476547,0.41640568986308
0.35,0.7,0.441006756215388,0.173290445374584,-0.266341484529462,-0.00137482631134441,-0.253740138013003,-0.173290445374585,0.0790748663270754,0.00137482631134392,0.441009273392074,0.0013773434880319,0.0790748663270743,-0.173290445374585,-0.253742655189692,-0.00137734348802993,-0.266341484529464,0.441009273392077,-0.173290445374585,0.0790748663270787,-0.0013773434880309,-0.25374265518969,0.173290445374585,0.44100675621539,0.00137482631134329,-0.266341484529462,0.173290445374585,-0.253740138013005,0.441006756215395,0.173290445374586,-0.26634148452946,-0.00137482631134489,0.441009273392079,0.0013773434880314,0.0790748663270737,0.441009273392078,-0.173290445374586,0.441006756215386
0.4,0.1,0.232292784039823,0.0685662735190605,-0.155109548755977,-0.00861696176479213,-0.08655152423678,-0.0685662735190619,0.00936828895292511,0.00861696176479261,0.232289007526736,0.00861318525170429,0.009368288952926,-0.0685662735190617,-0.0865477477236914,-0.00861318525170422,-0.155109548755976,0.232289007526737,-0.0685662735190617,0.00936828895292469,-0.00861318525170479,-0.0865477477236916,0.0685662735190618,0.232292784039829,0.0086169617647932,-0.155109548755974,0.0685662735190617,-0.0865515242367797,0.232292784039826,0.0685662735190606,-0.155109548755975,-0.00861696176479263,0.232289007526738,0.00861318525170416,0.00936828895292435,0.232289007526742,-0.0685662735190618,0.232292784039824
0.4,0.15,0.248938544587303,0.0818052652387235,-0.159389525191223,-0.00774375415736222,-0.101101536512484,-0.0818052652387235,0.011552517116395,0.00774375415736318,0.248926170601731,0.007731380171786,0.011552517116398,-0.0818052652387231,-0.101089162526906,-0.00773138017178535,-0.159389525191223,0.248926170601733,-0.0818052652387228,0.0115525171163985,-0.00773138017178543,-0.101089162526906,0.0818052652387235,0.248938544587305,0.00774375415736308,-0.159389525191224,0.0818052652387234,-0.101101536512483,0.248938544587316,0.0818052652387244,-0.159389525191222,-0.00774375415736335,0.248926170601728,0.00773138017178602,0.0115525171163947,0.248926170601734,-0.0818052652387236,0.248938544587303
0.4,0.2,0.26431758534394,0.0924463262147618,-0.165062211501494,-0.0068090476276898,-0.113786901154733,-0.092446326214761,0.0145315273122801,0.00680904762769071,0.264317967607076,0.00680942989081913,0.0145315273122815,-0.0924463262147608,-0.113787283417861,-0.0068094298908184,-0.165062211501496,0.264317967607085,-0.0924463262147614,0.0145315273122873,-0.00680942989081724,-0.11378728341786,0.0924463262147608,0.264317585343944,0.00680904762769097,-0.165062211501496,0.0924463262147611,-0.113786901154733,0.264317585343953,0.0924463262147615,-0.165062211501493,-0.0068090476276909,0.264317967607072,0.00680942989081856,0.0145315273122812,0.264317967607071,-0.0924463262147601,0.26431758534394
0.4,0.25,0.283213922578375,0.10389718461114,-0.173217379621521,-0.00609935834572238,-0.128753951284271,-0.10389718461114,0.0187574083274073,0.0060993583457221,0.283205402769971,0.0060908385373209,0.0187574083274067,-0.10389718461114,-0.12874543147587,-0.00609083853731928,-0.173217379621522,0.283205402769984,-0.103897184611139,0.0187574083274119,-0.00609083853731901,-0.128745431475868,0.10389718461114,0.283213922578378,0.00609935834572219,-0.17321737962152,0.10389718461114,-0.128753951284272,0.28321392257839,0.103897184611142,-0.173217379621517,-0.00609935834572314,0.283205402769975,0.00609083853732061,0.0187574083274067,0.28320540276998,-0.103897184611141,0.283213922578379
0.4,0.3,0.301986371667411,0.113374311486678,-0.182994998479537,-0.00561706170120422,-0.143080493767826,-0.113374311486677,0.0240891205799452,0.0056170617012047,0.301997904902529,0.00562859493631329,0.0240891205799466,-0.113374311486677,-0.143092027002936,-0.00562859493631364,-0.182994998479535,0.301997904902534,-0.113374311486677,0.02408912057995,-0.0056285949363122,-0.143092027002935,0.113374311486677,0.301986371667419,0.00561706170120433,-0.182994998479537,0.113374311486677,-0.143080493767826,0.301986371667423,0.113374311486678,-0.182994998479534,-0.00561706170120434,0.301997904902524,0.00562859493631363,0.0240891205799451,0.301997904902529,-0.113374311486677,0.301986371667421
0.4,0.35,0.3222732879144,0.123065168181596,-0.193886399567588,-0.00532172016521463,-0.158783683593322,-0.123065168181595,0.0303967952465133,0.00532172016521374,0.32227124097511,0.00531967322593068,0.0303967952465113,-0.123065168181595,-0.158781636654039,-0.00531967322592975,-0.19388639956759,0.32227124097511,-0.123065168181594,0.0303967952465131,-0.00531967322593008,-0.158781636654038,0.123065168181595,0.3222732879144,0.00532172016521432,-0.193886399567587,0.123065168181595,-0.158783683593322,0.322273287914405,0.123065168181596,-0.193886399567587,-0.00532172016521509,0.322271240975111,0.00531967322593077,0.0303967952465147,0.322271240975113,-0.123065168181595,0.322273287914397
0.4,0.4,0.344036096372053,0.131916774375258,-0.207081052588202,-0.00503826940859177,-0.175396699479788,-0.131916774375257,0.0384416556959407,0.00503826940859116,0.344045830795474,0.00504800383201431,0.0384416556959433,-0.131916774375256,-0.175406433903211,-0.00504800383201315,-0.207081052588206,0.344045830795483,-0.131916774375255,0.0384416556959443,-0.00504800383201245,-0.175406433903211,0.131916774375257,0.344036096372054,0.00503826940859159,-0.207081052588206,0.131916774375257,-0.17539669947979,0.344036096372055,0.131916774375257,-0.207081052588203,-0.00503826940859216,0.34404583079547,0.00504800383201426,0.0384416556959397,0.344045830795472,-0.131916774375257,0.344036096372048
0.4,0.45,0.36452822657966,0.14072716377915,-0.219171131284557,-0.00462993151595898,-0.191615590374653,-0.14072716377915,0.0462584950795446,0.00462993151595868,0.364531196229491,0.00463290116578876,0.0462584950795438,-0.14072716377915,-0.191618560024483,-0.00463290116578712,-0.21917113128456,0.364531196229494,-0.140727163779148,0.0462584950795449,-0.00463290116578722,-0.191618560024482,0.140727163779151,0.364528226579666,0.0046299315159591,-0.219171131284559,0.14072716377915,-0.191615590374654,0.364528226579671,0.140727163779151,-0.219171131284554,-0.00462993151596004,0.364531196229497,0.00463290116578888,0.0462584950795423,0.364531196229499,-0.14072716377915,0.364528226579662
0.4,0.5,0.387427280954992,0.149724954754386,-0.233742788779478,-0.00395953742113486,-0.209589202996872,-0.149724954754387,0.0559047108213498,0.00395953742113447,0.387431068003102,0.00396332446924206,0.0559047108213505,-0.149724954754386,-0.209592990044979,-0.00396332446924078,-0.233742788779479,0.387431068003103,-0.149724954754387,0.0559047108213531,-0.00396332446923963,-0.209592990044977,0.149724954754387,0.387427280954998,0.00395953742113404,-0.233742788779479,0.149724954754387,-0.209589202996873,0.387427280954997,0.149724954754387,-0.233742788779478,-0.0039595374211349,0.387431068003105,0.00396332446924232,0.0559047108213494,0.387431068003105,-0.149724954754387,0.387427280954991
0.4,0.55,0.406306742537451,0.157989607281788,-0.24516247641084,-0.00315465884482374,-0.224844834256198,-0.157989607281787,0.063700568129591,0.00315465884482291,0.406311489616187,0.0031594059235549,0.0637005681295932,-0.157989607281786,-0.22484958133493,-0.00315940592355462,-0.24516247641084,0.406311489616178,-0.157989607281786,0.0637005681295898,-0.00315940592355376,-0.22484958133493,0.157989607281787,0.40630674253745,0.00315465884482241,-0.245162476410843,0.157989607281787,-0.2248448342562,0.406306742537454,0.157989607281788,-0.245162476410838,-0.0031546588448236,0.406311489616182,0.00315940592355484,0.0637005681295896,0.406311489616188,-0.157989607281788,0.406306742537448
0.4,0.6,0.427556395739682,0.166961070298782,-0.258451311411008,-0.00214401402989217,-0.241798673399555,-0.166961070298782,0.0726935890708833,0.00214401402989146,0.427555417439772,0.00214303572998533,0.0726935890708829,-0.166961070298782,-0.24179769509965,-0.00214303572998399,-0.258451311411011,0.427555417439777,-0.166961070298781,0.0726935890708832,-0.0021430357299844,-0.241797695099649,0.166961070298782,0.427556395739679,0.00214401402989189,-0.25845131141101,0.166961070298782,-0.241798673399557,0.427556395739685,0.166961070298783,-0.258451311411008,-0.00214401402989218,0.427555417439778,0.00214303572998528,0.0726935890708821,0.427555417439769,-0.166961070298782,0.427556395739673
0.4,0.65,0.441960877995904,0.173585233730068,-0.267003448846903,-0.00137219541892913,-0.253439411570718,-0.173585233730068,0.0784819824217206,0.00137219541892865,0.441963729027081,0.00137504645011051,0.0784819824217211,-0.173585233730068,-0.2534422626019,-0.00137504645010941,-0.267003448846906,0.44196372902708,-0.173585233730066,0.0784819824217218,-0.00137504645010887,-0.253442262601899,0.173585233730069,0.441960877995901,0.00137219541892898,-0.267003448846905,0.173585233730069,-0.253439411570719,0.441960877995909,0.173585233730068,-0.267003448846903,-0.00137219541892941,0.441963729027083,0.00137504645011089,0.0784819824217168,0.441963729027083,-0.173585233730068,0.44196087799589
0.4,0.7,0.457969521128974,0.180887193234756,-0.276586762252386,-0.000495565641834956,-0.266112484157331,-0.180887193234757,0.0847297252807404,0.000495565641834046,0.45796747955484,0.000493524067706049,0.0847297252807392,-0.180887193234757,-0.266110442583202,-0.000493524067705212,-0.276586762252389,0.457967479554857,-0.180887193234756,0.0847297252807427,-0.000493524067704915,-0.266110442583201,0.180887193234757,0.457969521128979,0.000495565641834124,-0.276586762252388,0.180887193234757,-0.266112484157332,0.457969521128982,0.180887193234757,-0.276586762252385,-0.000495565641835046,0.457967479554849,0.000493524067706461,0.0847297252807388,0.457967479554854,-0.180887193234756,0.457969521128978
0.45,0.1,0.263159599667929,0.0824741841617964,-0.171271934076986,-0.00941348142914526,-0.105482626099375,-0.0824741841617966,0.0135949605084333,0.00941348142914512,0.263155246428768,0.00940912818998746,0.0135949605084343,-0.0824741841617967,-0.105478272860218,-0.00940912818998721,-0.171271934076989,0.263155246428776,-0.0824741841617948,0.0135949605084348,-0.00940912818998692,-0.105478272860218,0.0824741841617967,0.263159599667936,0.00941348142914576,-0.171271934076987,0.0824741841617968,-0.105482626099376,0.263159599667938,0.0824741841617963,-0.171271934076987,-0.00941348142914604,0.263155246428772,0.00940912818998777,0.0135949605084341,0.263155246428764,-0.0824741841617972,0.263159599667927
0.45,0.15,0.279517939663698,0.0953385961394752,-0.175903547295429,-0.00827579622879554,-0.119921560693553,-0.0953385961394743,0.0163071683252822,0.00827579622879629,0.27951633524588,0.00827419181098024,0.0163071683252841,-0.0953385961394746,-0.119919956275738,-0.00827419181098024,-0.175903547295431,0.279516335245881,-0.0953385961394736,0.0163071683252855,-0.00827419181098021,-0.119919956275738,0.0953385961394745,0.279517939663705,0.00827579622879644,-0.175903547295428,0.0953385961394745,-0.119921560693554,0.2795179396637,0.0953385961394745,-0.17590354729543,-0.00827579622879631,0.279516335245887,0.00827419181098024,0.0163071683252822,0.279516335245876,-0.0953385961394742,0.279517939663698
0.45,0.2,0.296935988064551,0.106894076194193,-0.182918688167449,-0.00712322370291722,-0.134402821836791,-0.106894076194193,0.0203855219396805,0.00712322370291732,0.296933480285183,0.00712071592354645,0.0203855219396814,-0.106894076194193,-0.13440031405742,-0.00712071592354673,-0.182918688167449,0.296933480285184,-0.106894076194192,0.0203855219396814,-0.00712071592354601,-0.13440031405742,0.106894076194193,0.296935988064564,0.00712322370291825,-0.182918688167446,0.106894076194193,-0.134402821836791,0.296935988064565,0.106894076194193,-0.182918688167447,-0.00712322370291832,0.296933480285187,0.00712071592354678,0.0203855219396804,0.296933480285184,-0.106894076194193,0.296935988064557
0.45,0.25,0.314985325986274,0.117367761621669,-0.19134203880123,-0.00627552556338385,-0.149053543096239,-0.117367761621669,0.0254102559111866,0.00627552556338418,0.314983172435567,0.00627337201266155,0.0254102559111907,-0.117367761621669,-0.149051389545516,-0.00627337201266147,-0.191342038801229,0.314983172435562,-0.117367761621669,0.0254102559111882,-0.0062733720126609,-0.149051389545517,0.11736776162167,0.314985325986284,0.00627552556338458,-0.191342038801229,0.117367761621669,-0.149053543096239,0.314985325986283,0.11736776162167,-0.191342038801227,-0.00627552556338472,0.314983172435565,0.00627337201266243,0.0254102559111878,0.314983172435569,-0.117367761621671,0.314985325986278
0.45,0.3,0.336235263389086,0.127631518441842,-0.203011863379611,-0.00559188156763708,-0.165885024717983,-0.127631518441842,0.0326616247085051,0.00559188156763672,0.336235267287663,0.00559188546621431,0.0326616247085058,-0.127631518441842,-0.165885028616561,-0.00559188546621411,-0.203011863379611,0.336235267287663,-0.127631518441841,0.0326616247085066,-0.00559188546621398,-0.165885028616561,0.127631518441842,0.336235263389087,0.00559188156763825,-0.203011863379609,0.127631518441842,-0.165885024717984,0.336235263389096,0.127631518441842,-0.203011863379608,-0.00559188156763759,0.336235267287659,0.00559188546621494,0.0326616247085025,0.336235267287666,-0.127631518441842,0.336235263389083
0.45,0.35,0.354790310776565,0.136170293452425,-0.213513297800539,-0.00510671952361024,-0.180878091777384,-0.136170293452425,0.0396010788013485,0.0051067195236109,0.354786952302893,0.00510336104993489,0.0396010788013512,-0.136170293452425,-0.180874733303709,-0.00510336104993443,-0.21351329780054,0.354786952302899,-0.136170293452424,0.0396010788013524,-0.00510336104993342,-0.180874733303708,0.136170293452425,0.354790310776578,0.00510671952361104,-0.213513297800538,0.136170293452424,-0.180878091777384,0.354790310776574,0.136170293452426,-0.213513297800538,-0.00510671952361038,0.35478695230289,0.00510336104993543,0.0396010788013479,0.3547869523029,-0.136170293452425,0.354790310776572
0.45,0.4,0.378597368947082,0.145900390609904,-0.228282655447777,-0.00441432288940479,-0.200025699320905,-0.145900390609904,0.0497109858215944,0.00441432288940573,0.378595552590325,0.00441250653264674,0.049710985821598,-0.145900390609903,-0.200023882964146,-0.00441250653264611,-0.228282655447779,0.378595552590321,-0.145900390609902,0.0497109858215976,-0.00441250653264555,-0.200023882964147,0.145900390609904,0.37859736894708,0.00441432288940465,-0.228282655447779,0.145900390609904,-0.200025699320906,0.378597368947087,0.145900390609904,-0.228282655447777,-0.00441432288940588,0.378595552590327,0.00441250653264633,0.0497109858215977,0.378595552590331,-0.145900390609905,0.378597368947089
0.45,0.45,0.396153029299835,0.153518335788005,-0.238869345662478,-0.00376534784935743,-0.214562244050515,-0.153518335788005,0.0572785604131482,0.00376534784935784,0.396149194637943,0.00376151318746379,0.0572785604131538,-0.153518335788005,-0.214558409388621,-0.00376151318746316,-0.238869345662479,0.396149194637945,-0.153518335788004,0.0572785604131539,-0.00376151318746269,-0.214558409388621,0.153518335788005,0.39615302929984,0.00376534784935801,-0.238869345662478,0.153518335788006,-0.214562244050516,0.396153029299843,0.153518335788006,-0.238869345662477,-0.00376534784935842,0.396149194637945,0.00376151318746417,0.0572785604131529,0.396149194637947,-0.153518335788006,0.396153029299844
0.45,0.5,0.419440743195554,0.163207979727723,-0.253522980196052,-0.00270978327178215,-0.233707538000872,-0.163207979727723,0.0677897750013665,0.00270978327178222,0.4194393867814,0.00270842685762633,0.0677897750013697,-0.163207979727723,-0.233706181586716,-0.0027084268576257,-0.253522980196054,0.419439386781402,-0.163207979727721,0.0677897750013685,-0.00270842685762503,-0.233706181586716,0.163207979727723,0.419440743195557,0.0027097832717822,-0.253522980196052,0.163207979727723,-0.233707538000872,0.419440743195558,0.163207979727723,-0.253522980196051,-0.00270978327178284,0.419439386781398,0.00270842685762671,0.0677897750013656,0.419439386781402,-0.163207979727724,0.419440743195552
0.45,0.55,0.433597367413142,0.169653128737311,-0.261973630785719,-0.00197060789011654,-0.245555343994526,-0.169653128737311,0.0739316073671,0.00197060789011622,0.433595541315149,0.00196878179212079,0.0739316073671018,-0.16965312873731,-0.245553517896531,-0.00196878179212038,-0.26197363078572,0.43359554131515,-0.16965312873731,0.0739316073671021,-0.00196878179212014,-0.245553517896532,0.169653128737311,0.433597367413138,0.00197060789011563,-0.261973630785722,0.16965312873731,-0.245555343994528,0.433597367413149,0.169653128737311,-0.261973630785716,-0.00197060789011652,0.433595541315149,0.00196878179212043,0.0739316073671014,0.433595541315147,-0.16965312873731,0.433597367413142
0.45,0.6,0.452539251347524,0.178248445672856,-0.273475573072836,-0.000815232601844802,-0.26118080715686,-0.178248445672855,0.0821171288821602,0.000815232601845267,0.452538767886133,0.00081474914044716,0.082117128882163,-0.178248445672855,-0.261180323695462,-0.000814749140445894,-0.273475573072836,0.452538767886136,-0.178248445672855,0.0821171288821633,-0.000814749140445747,-0.261180323695461,0.178248445672855,0.452539251347539,0.000815232601845302,-0.273475573072834,0.178248445672855,-0.261180807156861,0.452539251347539,0.178248445672856,-0.273475573072834,-0.000815232601845692,0.452538767886136,0.000814749140446751,0.0821171288821606,0.452538767886131,-0.178248445672855,0.452539251347534
0.45,0.65,0.460931964769462,0.182165870300824,-0.278394166746514,-0.000371927722130917,-0.268031945166316,-0.182165870300823,0.085494147143361,0.000371927722132219,0.460932574987784,0.000372537940448323,0.0854941471433619,-0.182165870300823,-0.268032555384632,-0.000372537940448157,-0.27839416674651,0.460932574987784,-0.182165870300822,0.0854941471433625,-0.000372537940447804,-0.268032555384633,0.182165870300823,0.460931964769471,0.000371927722131762,-0.278394166746511,0.182165870300823,-0.268031945166316,0.460931964769472,0.182165870300825,-0.278394166746511,-0.000371927722131301,0.460932574987788,0.000372537940447891,0.0854941471433643,0.460932574987787,-0.182165870300824,0.460931964769469
0.45,0.7,0.470184179032577,0.186353849091791,-0.283802987521314,-2.73424194783091e-05,-0.27529522437787,-0.186353849091792,0.0889140328665977,2.73424194783424e-05,0.470184182383864,2.73457707667729e-05,0.088914032866598,-0.186353849091792,-0.27529522772916,-2.73457707642009e-05,-0.283802987521318,0.470184182383871,-0.186353849091791,0.0889140328666031,-2.73457707649182e-05,-0.275295227729157,0.186353849091792,0.470184179032586,2.73424194775745e-05,-0.283802987521317,0.186353849091791,-0.275295224377872,0.470184179032588,0.186353849091792,-0.283802987521313,-2.73424194797194e-05,0.470184182383867,2.73457707671258e-05,0.0889140328665963,0.470184182383874,-0.186353849091792,0.470184179032576
