0.01,23.3961790287887,9.28005016200197,-14.1160255396969,-0.000103327083509797,-13.7247807007513,-9.28005016200013,4.44462721166939,0.000103327083501803,9.28005016200278,23.3961790287916,0.000103327083500915,4.4446272116717,-9.28005016200005,-13.7247807007508,-0.000103327083682991,-14.1160255396959,-14.1160255396965,0.000103327083130534,23.3961790287882,-9.28005016200296,4.44462721166967,-0.000103327083951596,-13.7247807007513,9.28005016199999,-0.000103327083176295,4.44462721167134,-9.28005016200208,23.3961790287914,0.00010332708372001,-14.1160255396959,9.28005016200014,-13.7247807007507,-13.7247807007514,-9.28005016200013,4.44462721166971,0.000103327083434175,23.3961790287889,9.28005016200187,-14.116025539697,-0.000103327083480251,-9.2800501620001,-13.7247807007509,-0.000103327083659156,-14.1160255396964,9.28005016200277,23.3961790287907,0.000103327083448672,4.44462721167139,4.44462721166933,-0.000103327084023053,-13.7247807007515,9.28005016200004,-14.1160255396965,0.000103327083146532,23.396179028787,-9.28005016200295,0.00010332708373606,-14.1160255396956,9.28005016200014,-13.7247807007508,-0.000103327083235794,4.4446272116711,-9.28005016200222,23.3961790287912
0.03,23.3622999397908,9.26322394689011,-14.0977128757457,-0.00136311714845139,-13.6909147087954,-9.26322394688832,4.42632764476038,0.00136311714828308,9.26322394689098,23.3622999397935,0.00136311714848203,4.4263276447622,-9.2632239468881,-13.6909147087951,-0.00136311714856863,-14.0977128757454,-14.0977128757456,0.00136311714813284,23.3622999397912,-9.26322394689103,4.42632764476095,-0.00136311714881523,-13.6909147087954,9.26322394688818,-0.00136311714815841,4.42632764476241,-9.26322394689028,23.3622999397928,0.00136311714870242,-14.0977128757453,9.26322394688815,-13.690914708795,-13.6909147087955,-9.26322394688825,4.42632764476084,0.00136311714834588,23.3622999397916,9.26322394689006,-14.0977128757456,-0.00136311714846653,-9.26322394688829,-13.690914708795,-0.00136311714849777,-14.0977128757454,9.26322394689102,23.3622999397919,0.0013631171483995,4.42632764476231,4.42632764476046,-0.00136311714887916,-13.6909147087954,9.26322394688824,-14.0977128757456,0.0013631171482027,23.3622999397904,-9.26322394689106,0.00136311714857107,-14.0977128757448,9.26322394688822,-13.690914708795,-0.00136311714816673,4.42632764476187,-9.26322394689044,23.3622999397924
0.05,23.2912918006374,9.22757324315092,-14.0617299995336,-0.00198855794906372,-13.620009135437,-9.22757324314705,4.39044733434258,0.00198855794696273,9.2275732423582,23.2919546333324,0.00265139064190478,4.39044733513493,-9.22757324235771,-13.6206719681281,-0.00265139063990638,-14.0617300003232,-14.061730000324,0.0026513906393124,23.2919546333295,-9.22757324235846,4.39044733513293,-0.002651390642422,-13.6206719681286,9.22757324235769,-0.00198855794651175,4.39044733434459,-9.22757324315109,23.2912918006406,0.00198855794941447,-14.0617299995326,9.22757324314692,-13.6200091354362,-13.6200091354371,-9.22757324314697,4.390447334343,0.00198855794685416,23.2912918006377,9.22757324315088,-14.0617299995338,-0.00198855794903116,-9.22757324235781,-13.620671968128,-0.00265139063985138,-14.0617300003232,9.22757324235827,23.2919546333311,0.0026513906418961,4.39044733513491,4.39044733513251,-0.00265139064243691,-13.6206719681286,9.22757324235767,-14.0617300003238,0.00265139063930953,23.2919546333281,-9.22757324235835,0.00198855794939679,-14.0617299995327,9.22757324314694,-13.6200091354363,-0.00198855794655795,4.39044733434391,-9.22757324315108,23.2912918006393
0.07,23.1931669286279,9.17808744082476,-14.0130592298436,-0.00202025795846694,-13.5222003843635,-9.1780874408166,4.34209268558989,0.00202025795226124,9.1780874395113,23.1942639973341,0.00311732666648457,4.34209268689603,-9.17808743951495,-13.5232974530671,-0.00311732666036058,-14.0130592311472,-14.0130592311475,0.00311732665986339,23.1942639973313,-9.17808743951154,4.34209268689418,-0.00311732666700131,-13.5232974530676,9.17808743951495,-0.00202025795195463,4.34209268559173,-9.17808744082476,23.1931669286296,0.0020202579588899,-14.0130592298424,9.17808744081654,-13.5222003843628,-13.5222003843633,-9.1780874408166,4.34209268558993,0.00202025795226533,23.193166928627,9.17808744082471,-14.0130592298436,-0.00202025795860747,-9.17808743951499,-13.5232974530671,-0.00311732666031376,-14.013059231147,9.17808743951144,23.1942639973344,0.0031173266664423,4.342092686896,4.34209268689421,-0.00311732666703568,-13.5232974530677,9.17808743951494,-14.0130592311478,0.00311732665980413,23.1942639973299,-9.17808743951155,0.00202025795877248,-14.0130592298426,9.17808744081665,-13.5222003843627,-0.00202025795187266,4.34209268559178,-9.17808744082489,23.1931669286295
0.09,23.0550980148243,9.10781839165334,-13.9444188276783,-0.00286079550177476,-13.3849178324845,-9.10781839163567,4.27423864534814,0.00286079548604823,9.10781838955783,23.0568471166387,0.00460989732342831,4.27423864742163,-9.10781838957094,-13.3866669342957,-0.00460989730779904,-13.9444188297481,-13.9444188297485,0.00460989730717544,23.0568471166345,-9.10781838955787,4.27423864741966,-0.00460989732404254,-13.3866669342964,9.10781838957096,-0.0028607954856448,4.27423864535062,-9.10781839165346,23.0550980148265,0.00286079550218368,-13.9444188276772,9.10781839163562,-13.384917832484,-13.3849178324845,-9.10781839163556,4.27423864534849,0.00286079548608635,23.0550980148231,9.10781839165326,-13.9444188276786,-0.00286079550190686,-9.10781838957092,-13.3866669342958,-0.00460989730765624,-13.944418829748,9.10781838955778,23.0568471166379,0.00460989732336342,4.27423864742123,4.27423864741947,-0.00460989732399836,-13.3866669342963,9.10781838957095,-13.9444188297487,0.0046098973071893,23.0568471166336,-9.10781838955789,0.00286079550217622,-13.9444188276769,9.10781839163566,-13.3849178324839,-0.00286079548571472,4.27423864535047,-9.10781839165355,23.0550980148259
0.11,22.8880914423525,9.02491863077075,-13.8571166803516,-0.00605613123484883,-13.2194747160632,-9.02491863075747,4.18849995407223,0.00605613122327986,9.02491863026847,22.888506355165,0.00647104404944265,4.18849995456188,-9.02491863027747,-13.2198896288728,-0.00647104403797361,-13.8571166808387,-13.8571166808392,0.00647104403750819,22.8885063551631,-9.02491863026862,4.18849995455956,-0.00647104404983993,-13.2198896288735,9.02491863027738,-0.0060561312229852,4.18849995407429,-9.024918630771,22.8880914423555,0.00605613123521125,-13.8571166803507,9.02491863075755,-13.2194747160624,-13.2194747160632,-9.02491863075756,4.18849995407273,0.00605613122330308,22.8880914423519,9.02491863077086,-13.8571166803524,-0.00605613123481685,-9.02491863027748,-13.219889628873,-0.00647104403787906,-13.8571166808386,9.02491863026849,22.8885063551649,0.00647104404939182,4.18849995456191,4.18849995455956,-0.00647104404985899,-13.2198896288734,9.02491863027739,-13.8571166808396,0.00647104403746646,22.888506355161,-9.02491863026861,0.00605613123515569,-13.8571166803516,9.02491863075746,-13.2194747160626,-0.00605613122292081,4.188499954074,-9.02491863077111,22.888091442355
0.13,22.6868131243462,8.92188734067434,-13.7560914206136,-0.00883436305886054,-13.020916625652,-8.92188734066696,4.09019492192804,0.00883436305321927,8.92188734037169,22.6870665332119,0.00908777192473842,4.09019492222462,-8.92188734037462,-13.021170034514,-0.00908777191928056,-13.7560914209079,-13.7560914209084,0.0090877719188544,22.6870665332097,-8.92188734037176,4.09019492222257,-0.00908777192522023,-13.0211700345147,8.92188734037469,-0.00883436305278168,4.0901949219294,-8.92188734067446,22.6868131243508,0.00883436305925262,-13.7560914206129,8.92188734066689,-13.0209166256516,-13.0209166256521,-8.92188734066693,4.09019492192772,0.00883436305322584,22.6868131243475,8.92188734067422,-13.7560914206137,-0.00883436305888433,-8.92188734037472,-13.0211700345141,-0.00908777191926929,-13.7560914209076,8.92188734037174,22.6870665332119,0.00908777192473369,4.09019492222392,4.09019492222194,-0.0090877719251905,-13.0211700345146,8.92188734037464,-13.7560914209082,0.00908777191873256,22.6870665332089,-8.92188734037173,0.00883436305925533,-13.756091420613,8.92188734066691,-13.0209166256514,-0.0088343630529677,4.09019492192936,-8.92188734067448,22.6868131243487
0.15,22.4597463122763,8.80387961892867,-13.6411869733146,-0.0146797200005446,-12.7980670068477,-8.80387961895348,3.97950766789522,0.0146797200270097,8.80387961997038,22.4588867894431,0.0138201971509924,3.97950766689716,-8.80387961994114,-12.7972074840117,-0.0138201971779077,-13.6411869723135,-13.6411869723141,0.0138201971773393,22.4588867894404,-8.80387961997057,3.97950766689525,-0.0138201971515782,-12.7972074840123,8.80387961994107,-0.0146797200267498,3.97950766789708,-8.80387961892872,22.4597463122786,0.014679720000791,-13.6411869733134,8.80387961895339,-12.7980670068472,-12.7980670068477,-8.80387961895345,3.97950766789538,0.0146797200270219,22.4597463122766,8.80387961892855,-13.6411869733145,-0.0146797200006911,-8.80387961994116,-12.7972074840117,-0.0138201971778229,-13.6411869723137,8.80387961997029,22.4588867894434,0.0138201971510851,3.97950766689655,3.97950766689487,-0.0138201971514769,-12.7972074840123,8.80387961994108,-13.6411869723141,0.013820197177222,22.4588867894397,-8.80387961997056,0.0146797200008366,-13.6411869733136,8.80387961895343,-12.798067006847,-0.0146797200268474,3.97950766789701,-8.80387961892887,22.4597463122788
0.17,22.2088249455319,8.67813013963088,-13.5098664225309,-0.0208283833812892,-12.5534996776677,-8.67813013961177,3.85454115467649,0.020828383363777,8.67813013905605,22.2093047449662,0.0213081828227697,3.85454115522646,-8.67813013907062,-12.5539794770985,-0.0213081828055444,-13.5098664230781,-13.5098664230786,0.0213081828050474,22.2093047449631,-8.6781301390562,3.85454115522436,-0.0213081828232568,-12.5539794770989,8.6781301390706,-0.0208283833634662,3.85454115467832,-8.67813013963104,22.208824945535,0.0208283833815766,-13.50986642253,8.67813013961171,-12.5534996776672,-12.5534996776677,-8.67813013961171,3.85454115467652,0.0208283833638253,22.208824945532,8.67813013963077,-13.5098664225307,-0.0208283833813105,-8.6781301390707,-12.5539794770984,-0.0213081828055563,-13.5098664230782,8.67813013905587,22.2093047449646,0.0213081828228292,3.8545411552261,3.85454115522424,-0.021308182823318,-12.553979477099,8.67813013907061,-13.509866423079,0.0213081828051123,22.2093047449624,-8.67813013905617,0.0208283833815357,-13.5098664225298,8.67813013961172,-12.5534996776672,-0.0208283833635763,3.8545411546778,-8.6781301396311,22.2088249455337
0.19,21.9254789869245,8.52849350255372,-13.3663385891411,-0.0306468951679983,-12.2791504139903,-8.52849350260696,3.7200100162169,0.0306468952230965,8.52849350325503,21.9249405204311,0.0301084286571678,3.72001001558821,-8.52849350319728,-12.2786119474936,-0.0301084287123103,-13.3663385885097,-13.3663385885101,0.0301084287117773,21.9249405204284,-8.5284935032551,3.72001001558661,-0.0301084286575563,-12.278611947494,8.52849350319738,-0.0306468952228093,3.72001001621878,-8.52849350255389,21.9254789869271,0.030646895168425,-13.3663385891405,8.52849350260683,-12.2791504139899,-12.2791504139904,-8.52849350260699,3.72001001621734,0.0306468952230668,21.9254789869242,8.52849350255351,-13.3663385891412,-0.0306468951681289,-8.52849350319739,-12.2786119474936,-0.030108428712288,-13.3663385885102,8.52849350325509,21.9249405204292,0.0301084286571071,3.72001001558775,3.72001001558578,-0.0301084286577177,-12.2786119474941,8.52849350319737,-13.3663385885105,0.0301084287118512,21.9249405204266,-8.52849350325515,0.0306468951683692,-13.3663385891398,8.52849350260689,-12.27915041399,-0.0306468952227775,3.72001001621826,-8.52849350255393,21.9254789869258
0.21,21.6255330052556,8.37369326278039,-13.2082126963484,-0.0436270460230004,-11.9914278896908,-8.37369326287614,3.57410758079306,0.0436270461204216,8.37369326452908,21.6241013423183,0.0421953830336483,3.57410757919488,-8.37369326442901,-11.9899962267511,-0.0421953831312223,-13.208212694747,-13.2082126947472,0.0421953831308357,21.624101342316,-8.37369326452946,3.57410757919305,-0.0421953830341572,-11.9899962267515,8.37369326442899,-0.0436270461202127,3.57410758079504,-8.37369326278046,21.6255330052584,0.0436270460232851,-13.2082126963473,8.37369326287611,-11.9914278896903,-11.9914278896906,-8.37369326287611,3.5741075807936,0.0436270461203481,21.6255330052547,8.37369326278039,-13.2082126963482,-0.0436270460230844,-8.37369326442905,-11.9899962267511,-0.0421953831312262,-13.208212694747,8.37369326452914,21.6241013423171,0.0421953830336844,3.57410757919452,3.57410757919291,-0.0421953830341529,-11.9899962267515,8.373693264429,-13.2082126947477,0.0421953831307933,21.6241013423143,-8.37369326452928,0.0436270460231689,-13.2082126963475,8.37369326287607,-11.9914278896903,-0.0436270461201061,3.5741075807948,-8.37369326278054,21.6255330052577
0.23,21.3018886190816,8.20683427687276,-13.0386221304192,-0.0564322119864604,-11.683908071506,-8.2068342766674,3.42064158285383,0.0564322117828069,8.20683427338433,21.3047808859229,0.0593244789495593,3.42064158601826,-8.20683427358526,-11.6868003383453,-0.0593244787460332,-13.0386221335809,-13.0386221335812,0.059324478745564,21.3047808859201,-8.20683427338447,3.42064158601632,-0.0593244789499754,-11.6868003383456,8.20683427358527,-0.0564322117825464,3.4206415828557,-8.20683427687274,21.3018886190845,0.0564322119867514,-13.0386221304187,8.20683427666736,-11.6839080715057,-11.6839080715061,-8.20683427666737,3.42064158285396,0.0564322117828838,21.3018886190808,8.20683427687266,-13.0386221304192,-0.0564322119866297,-8.20683427358528,-11.6868003383453,-0.0593244787459369,-13.0386221335805,8.20683427338428,21.304780885922,0.0593244789495197,3.42064158601745,3.42064158601613,-0.0593244789499675,-11.6868003383458,8.20683427358525,-13.0386221335811,0.0593244787455895,21.3047808859194,-8.20683427338441,0.0564322119867628,-13.0386221304186,8.20683427666736,-11.6839080715056,-0.0564322117826009,3.42064158285538,-8.206834276873,21.301888619082
0.25,20.9636699524903,8.02727866568949,-12.8601279400144,-0.0762633467184104,-11.366115414684,-8.02727866575044,3.26257340221659,0.0762633467809462,8.02727866675729,20.9627740988904,0.0753674930700909,3.26257340125952,-8.02727866669199,-11.3652195610803,-0.0753674931327808,-12.8601279390547,-12.8601279390554,0.0753674931323147,20.962774098888,-8.02727866675749,3.26257340125781,-0.0753674930704841,-11.3652195610808,8.02727866669201,-0.0762633467806873,3.26257340221864,-8.02727866568938,20.9636699524945,0.0762633467186854,-12.8601279400133,8.02727866575038,-11.3661154146838,-11.3661154146842,-8.02727866575034,3.26257340221709,0.0762633467809957,20.9636699524916,8.02727866568936,-12.8601279400148,-0.0762633467184535,-8.02727866669208,-11.3652195610803,-0.0753674931325966,-12.8601279390546,8.02727866675744,20.9627740988907,0.0753674930699007,3.26257340125913,3.26257340125738,-0.0753674930703953,-11.3652195610807,8.02727866669208,-12.8601279390545,0.0753674931322172,20.9627740988863,-8.02727866675744,0.0762633467187415,-12.8601279400136,8.02727866575042,-11.3661154146838,-0.0762633467807685,3.26257340221868,-8.02727866568966,20.963669952493
0.27,20.6089131164812,7.84261531746567,-12.6704517767235,-0.0958460223041069,-11.0370671036147,-7.84261531744602,3.09860576386635,0.0958460222858446,7.84261531683756,20.6094856808122,0.0964185866672538,3.09860576444417,-7.84261531685302,-11.0376396679428,-0.0964185866491922,-12.6704517772991,-12.6704517772995,0.0964185866487677,20.6094856808093,-7.84261531683778,3.09860576444258,-0.0964185866677776,-11.0376396679431,7.84261531685304,-0.0958460222855314,3.09860576386798,-7.84261531746585,20.6089131164833,0.095846022304362,-12.6704517767225,7.84261531744595,-11.0370671036144,-11.0370671036147,-7.84261531744607,3.09860576386636,0.0958460222858,20.608913116481,7.84261531746559,-12.6704517767231,-0.0958460223041438,-7.8426153168531,-11.0376396679429,-0.096418586649179,-12.6704517772996,7.84261531683761,20.609485680811,0.0964185866673069,3.09860576444412,3.09860576444201,-0.0964185866676393,-11.0376396679432,7.84261531685312,-12.6704517772997,0.096418586648821,20.6094856808097,-7.8426153168378,0.0958460223043123,-12.6704517767229,7.84261531744601,-11.0370671036144,-0.0958460222855518,3.09860576386755,-7.84261531746596,20.6089131164834
0.29,20.2263710828265,7.63962469360181,-12.4667939887453,-0.119952400361974,-10.6868747695353,-7.63962469371168,2.9272976754633,0.119952400473396,7.63962469347906,20.2266602293283,0.120241546881384,2.92729767568121,-7.6396246933648,-10.6871639160347,-0.120241546992952,-12.4667939889602,-12.4667939889607,0.12024154699256,20.226660229326,-7.63962469347917,2.92729767567896,-0.1202415468818,-10.687163916035,7.63962469336484,-0.11995240047302,2.92729767546477,-7.63962469360187,20.2263710828298,0.119952400362173,-12.4667939887444,7.63962469371161,-10.686874769535,-10.6868747695353,-7.63962469371164,2.92729767546332,0.119952400473401,20.2263710828266,7.63962469360156,-12.466793988745,-0.119952400362088,-7.63962469336477,-10.6871639160347,-0.120241546992888,-12.4667939889605,7.63962469347883,20.2266602293285,0.120241546881422,2.92729767568036,2.92729767567887,-0.120241546881785,-10.687163916035,7.63962469336477,-12.4667939889606,0.120241546992468,20.2266602293258,-7.63962469347905,0.119952400362238,-12.4667939887443,7.63962469371165,-10.6868747695349,-0.119952400473159,2.92729767546478,-7.63962469360208,20.2263710828293
0.31,19.8366938349171,7.43794600841467,-12.2538350641704,-0.144912762867716,-10.3361331318023,-7.43794600787173,2.75327436106422,0.144912762326101,7.43794600400173,19.840285529761,0.148504458011363,2.75327436463577,-7.43794600454068,-10.3397248266424,-0.148504457469756,-12.2538350677395,-12.2538350677402,0.148504457469375,19.840285529759,-7.43794600400198,2.75327436463376,-0.148504458011762,-10.3397248266428,7.43794600454067,-0.144912762325805,2.75327436106614,-7.43794600841484,19.8366938349202,0.144912762867992,-12.2538350641696,7.43794600787168,-10.3361331318019,-10.3361331318022,-7.43794600787169,2.75327436106469,0.144912762326013,19.8366938349168,7.4379460084147,-12.2538350641704,-0.14491276286782,-7.43794600454067,-10.3397248266425,-0.148504457469669,-12.2538350677396,7.4379460040017,19.8402855297604,0.148504458011425,2.75327436463543,2.75327436463402,-0.148504458011717,-10.3397248266428,7.43794600454063,-12.2538350677398,0.148504457469397,19.8402855297571,-7.43794600400172,0.144912762867935,-12.2538350641699,7.43794600787167,-10.336133131802,-0.144912762325834,2.75327436106598,-7.43794600841486,19.8366938349193
0.33,19.4354238373806,7.22698123425979,-12.0323218992382,-0.176120703811167,-9.98125766128464,-7.22698123432344,2.57815572315161,0.17612070387628,7.22698123471233,19.4350698941474,0.175766760543881,2.57815572279827,-7.2269812346444,-9.98090371804829,-0.175766760609149,-12.0323218988831,-12.0323218988832,0.17576676060875,19.4350698941441,-7.22698123471224,2.57815572279664,-0.175766760544286,-9.9809037180485,7.22698123464438,-0.176120703876115,2.57815572315354,-7.22698123425982,19.4354238373836,0.176120703811437,-12.0323218992377,7.22698123432335,-9.9812576612845,-9.98125766128466,-7.22698123432336,2.57815572315152,0.176120703876349,19.4354238373806,7.2269812342595,-12.0323218992383,-0.176120703811475,-7.22698123464438,-9.98090371804824,-0.175766760609096,-12.0323218988827,7.22698123471213,19.435069894146,0.175766760543946,2.57815572279811,2.57815572279657,-0.175766760544323,-9.98090371804853,7.22698123464445,-12.0323218988828,0.175766760608768,19.4350698941435,-7.22698123471241,0.17612070381154,-12.0323218992379,7.22698123432341,-9.98125766128447,-0.176120703876217,2.5781557231528,-7.2269812342599,19.4354238373826
0.35,19.0289261568806,7.01406190742232,-11.8081097027888,-0.206754546868822,-9.62796300984619,-7.01406190721536,2.40714655576332,0.206754546663305,7.01406190733024,19.0286974909723,0.206525880939452,2.40714655567201,-7.0140619075331,-9.62773434393509,-0.206525880734115,-11.8081097026945,-11.808109702695,0.206525880733722,19.0286974909692,-7.01406190733038,2.40714655566992,-0.206525880939934,-9.62773434393537,7.01406190753306,-0.206754546663019,2.40714655576515,-7.01406190742232,19.0289261568839,0.206754546869041,-11.8081097027879,7.01406190721538,-9.62796300984589,-9.62796300984617,-7.01406190721534,2.40714655576332,0.206754546663278,19.028926156881,7.01406190742223,-11.8081097027886,-0.206754546868928,-7.01406190753308,-9.62773434393508,-0.20652588073406,-11.8081097026947,7.01406190733011,19.0286974909722,0.206525880939604,2.4071465556712,2.40714655566959,-0.206525880939884,-9.62773434393543,7.01406190753303,-11.8081097026952,0.206525880733607,19.0286974909691,-7.01406190733031,0.206754546869118,-11.8081097027881,7.01406190721544,-9.62796300984589,-0.206754546663172,2.40714655576541,-7.01406190742254,19.0289261568827
0.37,18.5988994869044,6.78915997303107,-11.5700633941337,-0.239676119514626,-9.2614001808762,-6.78915997325013,2.2325640881129,0.239676119734866,6.78915997316718,18.5991418304284,0.23991846305857,2.23256408817617,-6.78915997294431,-9.26164252439618,-0.23991846327915,-11.5700633941946,-11.5700633941948,0.239918463278699,18.5991418304246,-6.78915997316736,2.23256408817435,-0.239918463058974,-9.26164252439642,6.7891599729444,-0.239676119734714,2.23256408811473,-6.78915997303115,18.5988994869079,0.239676119514838,-11.5700633941328,6.78915997325018,-9.26140018087613,-9.26140018087628,-6.78915997325016,2.23256408811304,0.239676119734964,18.5988994869049,6.78915997303089,-11.5700633941336,-0.239676119514731,-6.78915997294438,-9.26164252439614,-0.239918463279143,-11.5700633941944,6.78915997316715,18.5991418304278,0.239918463058688,2.23256408817532,2.23256408817383,-0.239918463059087,-9.2616425243964,6.78915997294431,-11.5700633941947,0.239918463278803,18.5991418304246,-6.78915997316732,0.239676119514884,-11.5700633941323,6.78915997325017,-9.26140018087601,-0.239676119734793,2.23256408811442,-6.78915997303126,18.598899486906
0.39,18.1614447153423,6.56115519021861,-11.3267126928432,-0.273576832685792,-8.89611996516504,-6.56115518980691,2.0613879426739,0.273576832275182,6.56115518839263,18.1628407086857,0.274972826224868,2.06138794389263,-6.56115518880057,-8.89751595850452,-0.274972825814592,-11.3267126940598,-11.3267126940604,0.274972825814124,18.1628407086822,-6.56115518839285,2.06138794389103,-0.274972826225291,-8.89751595850471,6.56115518880061,-0.273576832274944,2.06138794267555,-6.56115519021868,18.161444715346,0.273576832685959,-11.3267126928429,6.56115518980687,-8.89611996516498,-8.89611996516515,-6.56115518980693,2.06138794267388,0.273576832275142,18.1614447153432,6.56115519021855,-11.3267126928433,-0.273576832685763,-6.56115518880061,-8.89751595850458,-0.274972825814495,-11.3267126940604,6.56115518839265,18.1628407086848,0.274972826224934,2.06138794389227,2.06138794389074,-0.274972826225294,-8.89751595850473,6.56115518880061,-11.3267126940601,0.27497282581414,18.1628407086816,-6.56115518839278,0.27357683268594,-11.3267126928427,6.56115518980688,-8.89611996516498,-0.273576832275033,2.06138794267551,-6.56115519021895,18.1614447153455
0.41,17.7262351104022,6.33897228307198,-11.0774091206343,-0.309853707647768,-8.54226067998453,-6.33897228211396,1.89343469022388,0.309853706691001,6.33897228225382,17.7254655067334,0.30908410388971,1.89343469017393,-6.33897228320789,-8.54149107631172,-0.309084102933128,-11.0774091205818,-11.0774091205822,0.309084102932821,17.7254655067308,-6.3389722822539,1.89343469017236,-0.309084103889991,-8.54149107631201,6.33897228320792,-0.309853706690775,1.89343469022616,-6.33897228307199,17.7262351104053,0.309853707647879,-11.0774091206336,6.338972282114,-8.54226067998446,-8.54226067998455,-6.33897228211397,1.89343469022468,0.309853706691025,17.7262351104036,6.33897228307185,-11.0774091206342,-0.309853707647786,-6.33897228320791,-8.54149107631178,-0.309084102933115,-11.0774091205821,6.33897228225379,17.7254655067329,0.309084103889825,1.89343469017374,1.89343469017195,-0.309084103890017,-8.54149107631196,6.33897228320795,-11.077409120582,0.309084102932718,17.7254655067289,-6.33897228225385,0.309853707647973,-11.0774091206337,6.33897228211391,-8.54226067998445,-0.309853706690828,1.89343469022594,-6.33897228307182,17.726235110405
0.43,17.2756200962518,6.10808368670625,-10.8219699089704,-0.345566500546227,-8.18339118071815,-6.10808368672893,1.72974099344431,0.345566500569884,6.1080836875611,17.2745671518964,0.34451355601665,1.72974099278722,-6.10808368753483,-8.18233823635956,-0.3445135560406,-10.8219699083111,-10.8219699083111,0.344513556040166,17.2745671518926,-6.10808368756118,1.72974099278563,-0.344513556017019,-8.18233823635974,6.10808368753479,-0.345566500569651,1.72974099344586,-6.1080836867062,17.2756200962543,0.345566500546283,-10.8219699089695,6.10808368672887,-8.18339118071794,-8.1833911807181,-6.10808368672894,1.72974099344434,0.345566500569851,17.2756200962527,6.10808368670614,-10.8219699089703,-0.345566500546222,-6.10808368753478,-8.1823382363596,-0.344513556040574,-10.8219699083112,6.10808368756094,17.2745671518958,0.344513556016684,1.72974099278678,1.72974099278526,-0.34451355601698,-8.18233823635983,6.10808368753476,-10.821969908311,0.344513556040186,17.2745671518926,-6.10808368756104,0.345566500546402,-10.8219699089695,6.10808368672892,-8.18339118071795,-0.345566500569768,1.72974099344558,-6.10808368670645,17.2756200962534
0.45,16.8238522894622,5.87975783105519,-10.5629773697275,-0.381117089099826,-7.83283511707355,-5.87975783062796,1.57196019734688,0.381117088673712,5.87975783161774,16.8221977910278,0.379462590384325,1.57196019664037,-5.87975783204123,-7.83118061863715,-0.379462589958636,-10.5629773690185,-10.5629773690186,0.379462589958301,16.8221977910244,-5.87975783161791,1.57196019663847,-0.379462590384697,-7.83118061863731,5.87975783204122,-0.381117088673422,1.57196019734844,-5.87975783105507,16.8238522894649,0.381117089099989,-10.5629773697268,5.87975783062797,-7.83283511707341,-7.83283511707356,-5.87975783062793,1.57196019734698,0.381117088673694,16.8238522894622,5.87975783105502,-10.5629773697278,-0.381117089099722,-5.87975783204119,-7.83118061863712,-0.379462589958509,-10.5629773690188,5.87975783161761,16.8221977910283,0.379462590384335,1.57196019664024,1.57196019663841,-0.379462590384639,-7.8311806186373,5.87975783204122,-10.5629773690186,0.379462589958188,16.822197791024,-5.87975783161771,0.38111708909994,-10.5629773697266,5.87975783062794,-7.83283511707344,-0.381117088673562,1.57196019734866,-5.87975783105522,16.8238522894645
0.47,16.3506301051463,5.64281479380102,-10.2918796060694,-0.415935705154872,-7.47440920545276,-5.64281479391557,1.41565870638343,0.415935705270392,5.64281479446919,16.3499143099862,0.415219909849796,1.41565870597627,-5.64281479435111,-7.47369341029006,-0.415219909965413,-10.2918796056601,-10.2918796056605,0.415219909964976,16.3499143099839,-5.64281479446914,1.41565870597488,-0.415219909850064,-7.4736934102903,5.64281479435111,-0.41593570527008,1.41565870638532,-5.64281479380106,16.3506301051492,0.415935705155016,-10.2918796060689,5.64281479391561,-7.4744092054526,-7.47440920545279,-5.64281479391554,1.41565870638399,0.415935705270327,16.3506301051463,5.64281479380104,-10.2918796060697,-0.415935705154805,-5.64281479435112,-7.47369341029003,-0.415219909965297,-10.2918796056604,5.64281479446899,16.3499143099859,0.415219909849753,1.41565870597642,1.41565870597456,-0.415219909850115,-7.47369341029023,5.64281479435113,-10.2918796056605,0.415219909965055,16.3499143099821,-5.64281479446906,0.415935705155114,-10.2918796060688,5.64281479391555,-7.47440920545267,-0.415935705270201,1.41565870638484,-5.64281479380107,16.350630105149
0.49,15.8881009302249,5.41556387049283,-10.0240935572828,-0.448443502001103,-7.13361404888912,-5.41556387093494,1.26960667595351,0.448443502444147,5.41556387043799,15.8892855150135,0.449628087017823,1.26960667622449,-5.41556386999284,-7.13479863367478,-0.449628087461059,-10.0240935575506,-10.0240935575509,0.449628087460524,15.8892855150112,-5.41556387043809,1.26960667622215,-0.449628087018108,-7.13479863367509,5.4155638699928,-0.448443502443904,1.26960667595565,-5.41556387049289,15.8881009302289,0.448443502001333,-10.0240935572823,5.415563870935,-7.13361404888894,-7.13361404888914,-5.41556387093499,1.26960667595414,0.448443502444204,15.8881009302251,5.41556387049294,-10.0240935572831,-0.448443502001263,-5.41556386999286,-7.13479863367486,-0.449628087460875,-10.0240935575506,5.41556387043801,15.8892855150127,0.449628087017803,1.26960667622364,1.26960667622204,-0.449628087018155,-7.134798633675,5.41556386999281,-10.0240935575506,0.449628087460651,15.8892855150099,-5.41556387043818,0.448443502001381,-10.0240935572822,5.41556387093496,-7.13361404888896,-0.448443502444037,1.26960667595548,-5.41556387049301,15.8881009302269
0.51,15.4151884787118,5.18421006553021,-9.74977449331474,-0.481203920267113,-6.79445023224332,-5.18421006512532,1.12903624685144,0.481203919862972,5.1842100652581,15.4146129884181,0.480628429851048,1.12903624684116,-5.18421006565997,-6.79387474194571,-0.480628429447294,-9.74977449330179,-9.74977449330235,0.480628429446915,15.4146129884157,-5.18421006525821,1.1290362468398,-0.480628429851394,-6.79387474194592,5.18421006565995,-0.481203919862765,1.12903624685322,-5.18421006553028,15.4151884787155,0.48120392026713,-9.74977449331412,5.18421006512533,-6.79445023224327,-6.79445023224341,-5.18421006512533,1.12903624685196,0.481203919862949,15.4151884787144,5.18421006553011,-9.74977449331481,-0.481203920266967,-5.18421006566002,-6.79387474194574,-0.480628429447121,-9.74977449330227,5.18421006525809,15.4146129884175,0.480628429851045,1.12903624684124,1.12903624683892,-0.480628429851489,-6.79387474194589,5.18421006565997,-9.74977449330177,0.480628429446907,15.4146129884136,-5.18421006525802,0.481203920267245,-9.74977449331401,5.18421006512532,-6.7944502322433,-0.481203919862973,1.1290362468532,-5.18421006553026,15.4151884787152
0.53,14.9406251913148,4.95890950668277,-9.47093890908844,-0.51077677479226,-6.46448801995133,-4.95890950742758,0.994801737732003,0.51077677553775,4.95890950732895,14.9415345588903,0.511686142550787,0.994801737649287,-4.95890950658137,-6.46539738752468,-0.511686143296433,-9.47093890900347,-9.47093890900343,0.511686143296029,14.9415345588874,-4.958909507329,0.9948017376479,-0.511686142551141,-6.46539738752485,4.95890950658139,-0.510776775537578,0.994801737734063,-4.95890950668271,14.940625191316,0.510776774792443,-9.47093890908776,4.95890950742759,-6.46448801995127,-6.46448801995134,-4.95890950742757,0.994801737732319,0.510776775537748,14.9406251913139,4.95890950668258,-9.47093890908837,-0.510776774792319,-4.9589095065814,-6.46539738752469,-0.511686143296348,-9.47093890900378,4.95890950732885,14.9415345588893,0.5116861425508,0.994801737648974,0.994801737647836,-0.511686142551198,-6.46539738752495,4.9589095065814,-9.47093890900357,0.511686143296062,14.9415345588862,-4.95890950732906,0.510776774792472,-9.4709389090876,4.95890950742761,-6.46448801995128,-0.510776775537636,0.994801737733651,-4.95890950668295,14.9406251913155
0.55,14.4605099812624,4.7310971353702,-9.19039593439051,-0.539016910704876,-6.13943249870225,-4.73109713616182,0.869318451835963,0.539016911497054,4.73109713729697,14.458993660491,0.537500589476072,0.869318451159772,-4.73109713650279,-6.13791617792827,-0.5375005902685,-9.19039593371209,-9.19039593371199,0.53750059026812,14.4589936604889,-4.73109713729709,0.869318451157876,-0.537500589476421,-6.13791617792843,4.7310971365028,-0.539016911496918,0.869318451837828,-4.73109713537039,14.4605099812667,0.539016910705096,-9.19039593439005,4.73109713616186,-6.13943249870217,-6.13943249870223,-4.73109713616185,0.869318451836382,0.539016911497165,14.4605099812624,4.73109713537021,-9.19039593439088,-0.539016910704944,-4.7310971365028,-6.13791617792827,-0.537500590268446,-9.19039593371172,4.7310971372968,14.4589936604911,0.537500589476088,0.869318451159369,0.869318451157562,-0.537500589476466,-6.13791617792844,4.7310971365028,-9.19039593371185,0.53750059026817,14.4589936604876,-4.73109713729711,0.539016910705098,-9.19039593439027,4.73109713616183,-6.13943249870215,-0.539016911497007,0.869318451837455,-4.73109713537043,14.460509981264
0.57,13.9690009280707,4.50442358978704,-8.90203577884937,-0.562541556104756,-5.8159270216259,-4.50442359311139,0.748961872410241,0.562541559429586,4.50442359460038,13.969518073345,0.563058701328449,0.748961870972551,-4.50442359127384,-5.81644416689742,-0.563058704653351,-8.90203577740987,-8.90203577740979,0.563058704653023,13.9695180733424,-4.50442359460069,0.748961870970455,-0.56305870132879,-5.81644416689755,4.50442359127385,-0.56254155942937,0.748961872411766,-4.50442358978692,13.9690009280736,0.562541556104971,-8.902035778849,4.50442359311138,-5.81592702162585,-5.81592702162587,-4.50442359311134,0.748961872410463,0.562541559429536,13.9690009280691,4.50442358978694,-8.90203577884941,-0.562541556104762,-4.5044235912738,-5.81644416689739,-0.563058704653274,-8.90203577741009,4.5044235946001,13.9695180733434,0.563058701328593,0.748961870972218,0.748961870970529,-0.563058701328786,-5.81644416689755,4.50442359127384,-8.90203577741018,0.563058704653062,13.9695180733413,-4.50442359460042,0.562541556104923,-8.90203577884867,4.50442359311137,-5.81592702162585,-0.562541559429408,0.748961872411363,-4.50442358978707,13.9690009280725
0.59,13.4770080978154,4.28380778961772,-8.60919078169037,-0.584009528507012,-5.50337985086144,-4.28380778761304,0.635562534741731,0.584009526502731,4.28380778603918,13.4784107208196,0.585412152067787,0.635562535759079,-4.28380778804156,-5.50478247386228,-0.585412150063775,-8.60919078270517,-8.60919078270542,0.585412150063422,13.4784107208153,-4.28380778603928,0.635562535757264,-0.585412152068225,-5.5047824738624,4.28380778804158,-0.584009526502605,0.635562534743545,-4.28380778961787,13.4770080978184,0.584009528507233,-8.60919078168985,4.28380778761303,-5.50337985086142,-5.50337985086149,-4.28380778761303,0.635562534741738,0.58400952650273,13.4770080978155,4.28380778961771,-8.60919078169057,-0.584009528507038,-4.28380778804159,-5.50478247386226,-0.585412150063838,-8.60919078270522,4.2838077860391,13.4784107208187,0.585412152067824,0.635562535758512,0.635562535757247,-0.585412152068206,-5.50478247386239,4.28380778804156,-8.60919078270513,0.585412150063486,13.4784107208147,-4.28380778603918,0.584009528507057,-8.6091907816895,4.28380778761304,-5.50337985086139,-0.584009526502699,0.635562534743344,-4.28380778961773,13.4770080978172
0.61,12.9820716398037,4.06406476969932,-8.31486997898983,-0.603136894572073,-5.19825330962757,-4.0640647662374,0.531051648818353,0.603136891110521,4.06406476495369,12.9806617351321,0.601726989670077,0.531051650333429,-4.06406476841362,-5.19684340495386,-0.601726986208608,-8.31486998050269,-8.31486998050306,0.601726986208308,12.980661735129,-4.06406476495355,0.531051650332107,-0.601726989670411,-5.196843404954,4.06406476841361,-0.603136891110311,0.531051648819967,-4.06406476969905,12.9820716398056,0.60313689457226,-8.314869978989,4.06406476623743,-5.19825330962745,-5.19825330962755,-4.0640647662374,0.531051648818293,0.603136891110437,12.9820716398036,4.06406476969938,-8.31486997898962,-0.603136894572042,-4.0640647684136,-5.19684340495387,-0.601726986208533,-8.31486998050301,4.06406476495362,12.9806617351317,0.601726989670125,0.531051650333695,0.531051650331765,-0.60172698967039,-5.19684340495401,4.06406476841362,-8.31486998050322,0.601726986208344,12.9806617351292,-4.06406476495374,0.603136894572291,-8.31486997898936,4.06406476623743,-5.19825330962751,-0.603136891110324,0.531051648819694,-4.06406476969945,12.9820716398057
0.63,12.4886883268858,3.85242912505585,-8.01885716952329,-0.617402033726274,-4.90436788813789,-3.85242912363121,0.434536730780781,0.617402032301773,3.85242912325962,12.4875175696368,0.616231276160203,0.434536731470644,-3.85242912468242,-4.90319713088723,-0.616231274735958,-8.01885717021135,-8.01885717021133,0.616231274735717,12.487517569633,-3.8524291232596,0.434536731468877,-0.616231276160502,-4.90319713088727,3.85242912468243,-0.617402032301744,0.434536730782022,-3.85242912505588,12.4886883268875,0.617402033726421,-8.01885716952308,3.85242912363119,-4.90436788813788,-4.90436788813787,-3.85242912363121,0.434536730780736,0.617402032301797,12.4886883268847,3.8524291250557,-8.0188571695232,-0.61740203372631,-3.85242912468242,-4.90319713088724,-0.616231274735931,-8.01885717021168,3.85242912325957,12.4875175696345,0.616231276160278,0.434536731470496,0.434536731469072,-0.616231276160623,-4.90319713088728,3.85242912468244,-8.01885717021123,0.616231274735788,12.4875175696337,-3.85242912325964,0.617402033726345,-8.01885716952269,3.85242912363121,-4.90436788813791,-0.617402032301729,0.434536730781614,-3.85242912505607,12.488688326887
0.65,11.9874297959227,3.64063535628437,-7.72095059354149,-0.625843848295808,-4.61364042624127,-3.6406353540812,0.347161223864706,0.625843846092784,3.64063535284196,11.9878491702159,0.626263222935777,0.347161224757336,-3.64063535504347,-4.61405980053168,-0.62626322073296,-7.72095059443242,-7.72095059443237,0.626263220732724,11.9878491702118,-3.64063535284209,0.347161224755389,-0.626263222936034,-4.61405980053174,3.64063535504348,-0.625843846092801,0.347161223865974,-3.6406353562844,11.9874297959252,0.62584384829596,-7.72095059354148,3.64063535408119,-4.61364042624128,-4.61364042624127,-3.64063535408119,0.34716122386436,0.625843846092851,11.9874297959225,3.64063535628426,-7.72095059354163,-0.625843848295852,-3.64063535504346,-4.61405980053167,-0.626263220732958,-7.72095059443258,3.64063535284202,11.9878491702144,0.62626322293586,0.347161224756792,0.347161224755481,-0.626263222936075,-4.61405980053174,3.64063535504347,-7.72095059443218,0.626263220732753,11.9878491702123,-3.64063535284194,0.625843848295975,-7.720950593541,3.6406353540812,-4.61364042624126,-0.625843846092745,0.347161223865878,-3.64063535628456,11.987429795924
0.67,11.4818409642673,3.43407238860821,-7.41646474681413,-0.631303826073091,-4.33129149289829,-3.43407239137678,0.265915275448581,0.631303828841517,3.43407239257623,11.4829186036305,0.632381465666984,0.265915274017951,-3.43407238980631,-4.33236913225814,-0.632381468435559,-7.41646474538197,-7.41646474538183,0.632381468435275,11.4829186036282,-3.43407239257635,0.265915274016267,-0.632381465667223,-4.33236913225819,3.43407238980632,-0.631303828841456,0.265915275450045,-3.43407238860838,11.4818409642706,0.631303826073228,-7.41646474681389,3.43407239137677,-4.33129149289827,-4.33129149289828,-3.43407239137678,0.265915275448737,0.631303828841526,11.4818409642666,3.43407238860825,-7.41646474681429,-0.631303826073102,-3.43407238980632,-4.33236913225816,-0.632381468435471,-7.41646474538185,3.43407239257616,11.4829186036289,0.632381465666929,0.265915274017303,0.265915274016004,-0.632381465667257,-4.33236913225821,3.4340723898063,-7.41646474538194,0.632381468435388,11.4829186036266,-3.43407239257606,0.631303826073158,-7.41646474681367,3.43407239137678,-4.33129149289828,-0.631303828841418,0.265915275449536,-3.43407238860854,11.4818409642687
0.69,10.9741028523893,3.23245038979074,-7.10833409492952,-0.633318370927696,-4.05840934876,-3.23245038652874,0.19264059130357,0.63331836766564,3.23245038482786,10.974204399937,0.633419918843531,0.192640592636472,-3.23245038808877,-4.05851089630551,-0.633419915581555,-7.10833409626098,-7.1083340962608,0.63341991558131,10.9742043999341,-3.23245038482816,0.192640592635464,-0.633419918843763,-4.05851089630554,3.2324503880888,-0.633318367665542,0.192640591304806,-3.23245038979074,10.9741028523918,0.633318370927844,-7.10833409492936,3.23245038652873,-4.05840934876,-4.05840934876,-3.23245038652874,0.192640591303626,0.633318367665549,10.9741028523896,3.23245038979077,-7.10833409492939,-0.633318370927746,-3.23245038808878,-4.05851089630551,-0.633419915581494,-7.1083340962609,3.23245038482796,10.9742043999358,0.633419918843565,0.192640592636444,0.192640592635348,-0.633419918843766,-4.05851089630556,3.23245038808879,-7.1083340962607,0.633419915581348,10.9742043999342,-3.23245038482811,0.633318370927767,-7.1083340949291,3.23245038652874,-4.05840934875999,-0.633318367665553,0.192640591304725,-3.23245038979103,10.9741028523911
0.71,10.4656710484699,3.0362095451484,-6.79852522821037,-0.63093627771801,-3.79506708908565,-3.03620954253822,0.12792126882945,0.63093627510787,3.03620954134841,10.4648016536329,0.630066882680286,0.127921270219877,-3.03620954395735,-3.79419769424595,-0.630066880070141,-6.79852522959933,-6.79852522959928,0.630066880069972,10.4648016536299,-3.03620954134832,0.127921270218718,-0.630066882680528,-3.79419769424602,3.03620954395735,-0.630936275107758,0.127921268830714,-3.03620954514828,10.4656710484727,0.630936277718091,-6.79852522821003,3.03620954253825,-3.79506708908564,-3.79506708908564,-3.03620954253824,0.127921268829304,0.630936275107898,10.4656710484707,3.03620954514835,-6.79852522821058,-0.63093627771805,-3.03620954395734,-3.79419769424598,-0.630066880070183,-6.79852522959937,3.03620954134824,10.4648016536316,0.630066882680297,0.127921270219688,0.127921270218224,-0.63006688268052,-3.794197694246,3.03620954395735,-6.79852522959914,0.630066880070042,10.4648016536292,-3.03620954134845,0.630936277718154,-6.79852522820986,3.03620954253823,-3.79506708908566,-0.630936275107818,0.127921268830584,-3.03620954514851,10.4656710484717
0.73,9.95980670669097,2.84978810606479,-6.48462897499215,-0.625389628187644,-3.54519250613165,-2.84978810350755,0.0700147744362898,0.625389625630242,2.84978810234475,9.95876186068587,0.624344781888838,0.0700147758930791,-2.84978810490094,-3.54414766012434,-0.624344779331584,-6.48462897644751,-6.48462897644719,0.624344779331377,9.95876186068342,-2.84978810234474,0.0700147758918439,-0.624344781889023,-3.54414766012438,2.84978810490093,-0.625389625630205,0.070014774437717,-2.84978810606486,9.95980670669229,0.625389628187649,-6.4846289749919,2.84978810350755,-3.54519250613165,-3.54519250613164,-2.84978810350755,0.0700147744364654,0.625389625630207,9.95980670669029,2.8497881060648,-6.48462897499258,-0.625389628187612,-2.84978810490093,-3.54414766012433,-0.62434477933155,-6.48462897644741,2.84978810234465,9.95876186068523,0.624344781888738,0.0700147758930218,0.0700147758916707,-0.624344781889047,-3.54414766012437,2.84978810490091,-6.48462897644744,0.62434477933143,9.95876186068113,-2.84978810234479,0.625389628187601,-6.48462897499166,2.84978810350756,-3.54519250613163,-0.625389625630221,0.0700147744374888,-2.84978810606494,9.95980670669238
0.75,9.4408704524626,2.6605138862465,-6.16836831492435,-0.611988252573648,-3.29462567723001,-2.66051388496246,0.0221235396937018,0.611988251289384,2.66051388426658,9.44121989432446,0.612337694819536,0.0221235400049578,-2.6605138855499,-3.29497511908907,-0.612337693535394,-6.16836831523382,-6.16836831523372,0.612337693535205,9.44121989432199,-2.66051388426681,0.0221235400037926,-0.6123376948197,-3.29497511908909,2.6605138855499,-0.611988251289337,0.022123539695005,-2.66051388624647,9.44087045246571,0.611988252573735,-6.16836831492392,2.66051388496246,-3.29462567722999,-3.29462567722999,-2.66051388496247,0.0221235396940924,0.611988251289369,9.44087045246179,2.66051388624656,-6.16836831492423,-0.611988252573644,-2.66051388554989,-3.29497511908908,-0.612337693535306,-6.16836831523388,2.66051388426662,9.44121989432337,0.612337694819533,0.0221235400046252,0.0221235400035776,-0.61233769481972,-3.2949751190891,2.6605138855499,-6.16836831523417,0.612337693535248,9.44121989432066,-2.66051388426671,0.611988252573668,-6.16836831492393,2.66051388496246,-3.29462567723001,-0.61198825128928,0.0221235396947555,-2.66051388624666,9.44087045246394
0.77,8.92573241583679,2.4832288443795,-5.84498917557275,-0.597514394662696,-3.05948794179226,-2.48322884559901,-0.0212552984698418,0.597514395881935,2.48322884611511,8.92695377572993,0.598735755283578,-0.0212552997126254,-2.48322884489509,-3.06070930168438,-0.598735756502774,-5.84498917432837,-5.84498917432849,0.598735756502651,8.92695377572854,-2.48322884611523,-0.0212552997137853,-0.598735755283761,-3.06070930168441,2.4832288448951,-0.597514395881909,-0.0212552984686948,-2.4832288443796,8.92573241583889,0.597514394662898,-5.84498917557224,2.48322884559902,-3.05948794179223,-3.05948794179226,-2.48322884559902,-0.0212552984696466,0.597514395881964,8.92573241583676,2.48322884437963,-5.84498917557262,-0.597514394662782,-2.48322884489509,-3.06070930168437,-0.598735756502889,-5.84498917432835,2.48322884611506,8.92695377573051,0.598735755283601,-0.0212552997127195,-0.0212552997138247,-0.598735755283722,-3.06070930168441,2.48322884489511,-5.84498917432828,0.598735756502637,8.9269537757284,-2.48322884611524,0.597514394662873,-5.84498917557243,2.48322884559902,-3.05948794179224,-0.597514395881908,-0.0212552984691136,-2.48322884437982,8.9257324158386
0.79,8.40700699156798,2.30879729869442,-5.51881869466506,-0.579390993234322,-2.83252037920602,-2.30879730366588,-0.0556679176943735,0.579390998205422,2.30879730624041,8.40630954566142,0.578693546123574,-0.055667919065816,-2.30879730126854,-2.83182293329677,-0.578693551094692,-5.51881869329288,-5.51881869329274,0.578693551094542,8.40630954565946,-2.30879730624059,-0.0556679190662459,-0.578693546123661,-2.8318229332968,2.30879730126854,-0.579390998205449,-0.0556679176931035,-2.30879729869467,8.40700699156955,0.579390993234389,-5.51881869466521,2.30879730366588,-2.83252037920602,-2.83252037920602,-2.30879730366588,-0.0556679176941505,0.579390998205436,8.40700699156803,2.30879729869442,-5.51881869466551,-0.579390993234339,-2.30879730126854,-2.83182293329676,-0.578693551094667,-5.51881869329304,2.30879730624047,8.40630954565965,0.578693546123489,-0.0556679190656954,-0.0556679190666698,-0.578693546123646,-2.8318229332968,2.30879730126855,-5.51881869329288,0.578693551094559,8.40630954565797,-2.30879730624051,0.579390993234308,-5.51881869466505,2.30879730366589,-2.83252037920603,-0.579390998205468,-0.0556679176935203,-2.30879729869471,8.40700699156888
0.81,7.89574686112966,2.14589713630183,-5.19158686736735,-0.558262860810565,-2.62007048128872,-2.14589713294947,-0.0840895124715617,0.558262857457968,2.14589713123968,7.89599854640359,0.558514546793762,-0.084089511471694,-2.14589713459144,-2.62032216656045,-0.558514543441357,-5.19158686836657,-5.19158686836627,0.558514543441224,7.89599854640032,-2.14589713123967,-0.0840895114724659,-0.558514546793978,-2.62032216656047,2.14589713459145,-0.558262857457948,-0.0840895124702808,-2.14589713630179,7.89574686113074,0.558262860810656,-5.1915868673673,2.14589713294948,-2.62007048128873,-2.62007048128873,-2.14589713294948,-0.0840895124713251,0.558262857457977,7.8957468611291,2.1458971363018,-5.19158686736778,-0.558262860810528,-2.14589713459144,-2.62032216656045,-0.558514543441384,-5.19158686836611,2.14589713123967,7.89599854640153,0.558514546793826,-0.0840895114716102,-0.084089511472583,-0.558514546793973,-2.62032216656046,2.14589713459144,-5.19158686836597,0.558514543441264,7.89599854639972,-2.14589713123969,0.55826286081062,-5.19158686736719,2.14589713294947,-2.62007048128871,-0.558262857457959,-0.0840895124707334,-2.14589713630186,7.89574686113013
0.83,7.38250288008387,1.98876547715132,-4.85911340977884,-0.53462399074489,-2.41717910474484,-1.98876547955828,-0.106210365558679,0.534623993151613,1.98876548076297,7.3829028585373,0.535023969304392,-0.106210366869735,-1.98876547835558,-2.41757908319613,-0.535023971711118,-4.85911340846664,-4.85911340846651,0.535023971711027,7.38290285853548,-1.98876548076308,-0.106210366870383,-0.535023969304494,-2.41757908319616,1.98876547835557,-0.534623993151585,-0.106210365557504,-1.98876547715128,7.38250288008532,0.534623990744945,-4.85911340977856,1.98876547955828,-2.41717910474482,-2.41717910474485,-1.98876547955828,-0.106210365558404,0.534623993151605,7.38250288008419,1.98876547715131,-4.8591134097789,-0.534623990744919,-1.98876547835557,-2.41757908319613,-0.535023971711195,-4.85911340846672,1.988765480763,7.38290285853627,0.535023969304341,-0.106210366869815,-0.106210366870667,-0.535023969304472,-2.41757908319617,1.98876547835558,-4.85911340846655,0.535023971710996,7.38290285853406,-1.98876548076302,0.534623990744906,-4.85911340977876,1.98876547955828,-2.41717910474483,-0.534623993151643,-0.106210365557886,-1.98876547715144,7.38250288008513
0.85,6.86382016832164,1.83424394688243,-4.52262814487824,-0.50694806817287,-2.22000850335317,-1.83424395526872,-0.121183520088811,0.506948076558644,1.83424395946479,6.86452197885616,0.507649878090535,-0.121183523666687,-1.83424395107842,-2.22071031388736,-0.50764988647642,-4.5226281412987,-4.52262814129883,0.507649886476313,6.8645219788553,-1.83424395946499,-0.121183523667854,-0.507649878090729,-2.22071031388738,1.83424395107842,-0.50694807655863,-0.12118352008777,-1.83424394688281,6.86382016832342,0.506948068172886,-4.52262814487784,1.83424395526872,-2.22000850335316,-2.22000850335318,-1.83424395526872,-0.121183520088363,0.506948076558621,6.86382016832037,1.83424394688269,-4.52262814487817,-0.506948068172779,-1.83424395107842,-2.22071031388737,-0.507649886476404,-4.52262814129897,1.83424395946468,6.86452197885726,0.50764987809054,-0.121183523666852,-0.121183523667696,-0.507649878090679,-2.22071031388738,1.83424395107842,-4.52262814129892,0.507649886476288,6.86452197885382,-1.83424395946467,0.506948068172841,-4.52262814487802,1.83424395526872,-2.22000850335316,-0.506948076558594,-0.121183520087662,-1.83424394688273,6.86382016832299
0.87,6.35367047095123,1.69225120829196,-4.1815643078306,-0.479854946196069,-2.03838029164823,-1.6922512169234,-0.133725871471698,0.479854954827303,1.69225122124134,6.35536072609612,0.481545202055879,-0.133725876505195,-1.69225121260968,-2.04007054679091,-0.481545210687112,-4.18156430279593,-4.18156430279581,0.481545210687033,6.35536072609479,-1.69225122124137,-0.133725876505878,-0.48154520205599,-2.04007054679093,1.69225121260968,-0.479854954827326,-0.133725871470644,-1.69225120829188,6.35367047095325,0.479854946196128,-4.18156430783043,1.6922512169234,-2.03838029164822,-2.03838029164823,-1.6922512169234,-0.133725871471266,0.479854954827322,6.35367047095198,1.69225120829186,-4.18156430783061,-0.479854946196109,-1.69225121260969,-2.04007054679091,-0.481545210687114,-4.18156430279603,1.69225122124141,6.35536072609547,0.481545202055815,-0.133725876505554,-0.133725876506384,-0.481545202055955,-2.04007054679093,1.69225121260969,-4.18156430279592,0.481545210687036,6.35536072609276,-1.69225122124139,0.479854946196106,-4.18156430783057,1.6922512169234,-2.03838029164823,-0.479854954827343,-0.133725871470929,-1.69225120829206,6.35367047095188
0.89,5.84296961849104,1.55369557403434,-3.8378272061658,-0.451446841916408,-1.86561573547366,-1.55369557040809,-0.139526676850914,0.451446838289889,1.55369556859853,5.84212950192503,0.450606724707362,-0.139526674399273,-1.55369557222466,-1.86477561890601,-0.450606721080956,-3.83782720861672,-3.83782720861691,0.450606721080809,5.84212950192297,-1.5536955685986,-0.139526674399523,-0.450606724707475,-1.86477561890602,1.55369557222466,-0.451446838289861,-0.139526676850284,-1.55369557403436,5.84296961849229,0.451446841916462,-3.83782720616572,1.55369557040808,-1.86561573547365,-1.86561573547367,-1.55369557040808,-0.139526676851125,0.451446838289897,5.84296961849162,1.5536955740343,-3.83782720616595,-0.451446841916367,-1.55369557222466,-1.86477561890601,-0.450606721080931,-3.83782720861685,1.55369556859857,5.84212950192426,0.450606724707299,-0.139526674399368,-0.139526674399832,-0.45060672470744,-1.86477561890603,1.55369557222466,-3.83782720861676,0.45060672108081,5.84212950192213,-1.55369556859857,0.451446841916419,-3.83782720616559,1.55369557040808,-1.86561573547365,-0.451446838289878,-0.139526676850645,-1.55369557403447,5.84296961849173
0.91,5.34959230092806,1.42772097868641,-3.49874075883382,-0.423130570461016,-1.70803862629945,-1.42772097163298,-0.142812915795057,0.423130563407348,1.42772096811113,5.3487696531166,0.422307922647681,-0.142812912271796,-1.42772097516453,-1.70721597848655,-0.422307915594061,-3.49874076235564,-3.49874076235617,0.422307915593913,5.34876965311564,-1.4277209681113,-0.14281291227189,-0.422307922647749,-1.70721597848656,1.42772097516453,-0.4231305634073,-0.142812915794137,-1.42772097868636,5.34959230092936,0.42313057046106,-3.49874075883349,1.42772097163297,-1.70803862629944,-1.70803862629945,-1.42772097163297,-0.142812915794492,0.423130563407296,5.34959230092819,1.42772097868642,-3.49874075883356,-0.423130570460975,-1.42772097516453,-1.70721597848655,-0.422307915593998,-3.49874076235602,1.42772096811117,5.34876965311611,0.422307922647624,-0.142812912271801,-0.142812912272279,-0.422307922647721,-1.70721597848657,1.42772097516453,-3.49874076235622,0.42230791559393,5.34876965311437,-1.42772096811126,0.423130570461033,-3.4987407588334,1.42772097163297,-1.70803862629944,-0.423130563407279,-0.142812915794463,-1.42772097868658,5.34959230092947
0.93,4.85383766482108,1.30563303768703,-3.15434303992581,-0.393861604599021,-1.55688167569025,-1.30563302029627,-0.142612949205329,0.393861587207914,1.30563301163049,4.85264232162209,0.392666262988257,-0.142612942127974,-1.30563302902117,-1.55568633249004,-0.3926662455972,-3.15434304700225,-3.15434304700223,0.392666245597132,4.85264232162095,-1.30563301163049,-0.142612942128432,-0.392666262988352,-1.55568633249006,1.30563302902117,-0.393861587207899,-0.142612949204717,-1.30563303768718,4.85383766482314,0.393861604599077,-3.15434303992549,1.30563302029627,-1.55688167569024,-1.55688167569025,-1.30563302029626,-0.142612949205164,0.393861587207964,4.85383766482172,1.30563303768712,-3.15434303992567,-0.393861604599021,-1.30563302902117,-1.55568633249004,-0.392666245597195,-3.15434304700211,1.3056330116305,4.85264232162193,0.392666262988244,-0.142612942128262,-0.142612942128627,-0.392666262988351,-1.55568633249005,1.30563302902118,-3.1543430470022,0.392666245597123,4.85264232162045,-1.30563301163039,0.393861604599044,-3.15434303992533,1.30563302029626,-1.55688167569024,-0.393861587207903,-0.142612949204956,-1.30563303768718,4.8538376648216
0.95,4.35813099702047,1.18801033786887,-2.80688488677197,-0.363235762845008,-1.41147371769735,-1.18801034740419,-0.139772392552035,0.363235772380031,1.18801035218156,4.35851986890685,0.363624633559841,-0.139772396159102,-1.18801034264624,-1.41186258958172,-0.363624643094977,-2.80688488316396,-2.80688488316444,0.363624643094851,4.35851986890593,-1.18801035218156,-0.139772396159646,-0.363624633559957,-1.41186258958172,1.18801034264624,-0.363235772379948,-0.139772392551675,-1.18801033786903,4.35813099702207,0.36323576284503,-2.80688488677178,1.18801034740419,-1.41147371769734,-1.41147371769735,-1.18801034740419,-0.13977239255191,0.363235772379962,4.35813099702047,1.18801033786888,-2.80688488677205,-0.363235762844966,-1.18801034264624,-1.41186258958171,-0.363624643094955,-2.80688488316422,1.18801035218143,4.35851986890618,0.36362463355986,-0.139772396159251,-0.139772396159611,-0.36362463355995,-1.41186258958173,1.18801034264624,-2.80688488316414,0.36362464309489,4.35851986890398,-1.18801035218157,0.363235762845027,-2.80688488677161,1.18801034740419,-1.41147371769734,-0.363235772379971,-0.139772392551713,-1.18801033786896,4.35813099702221
0.97,3.87815312823987,1.08020541126481,-2.46288314017122,-0.335064571329756,-1.2796501477181,-1.0802054167384,-0.135619840350039,0.335064576803108,1.08020541949572,3.87835073893047,0.335262180967629,-0.135619842055103,-1.08020541402215,-1.27984775840788,-0.335262186441034,-2.46288313846585,-2.462883138466,0.335262186440961,3.87835073893009,-1.08020541949577,-0.135619842055309,-0.335262180967679,-1.27984775840789,1.08020541402216,-0.335064576803106,-0.135619840349897,-1.0802054112649,3.87815312824055,0.335064571329786,-2.46288314017122,1.0802054167384,-1.2796501477181,-1.2796501477181,-1.0802054167384,-0.135619840350059,0.335064576803105,3.87815312823893,1.08020541126478,-2.4628831401712,-0.335064571329734,-1.08020541402216,-1.27984775840788,-0.335262186440989,-2.46288313846595,1.0802054194957,3.87835073892837,0.335262180967619,-0.135619842055196,-0.135619842055414,-0.335262180967698,-1.27984775840789,1.08020541402216,-2.46288313846605,0.335262186440961,3.87835073892983,-1.08020541949565,0.3350645713298,-2.46288314017113,1.0802054167384,-1.2796501477181,-0.335064576803075,-0.135619840350226,-1.08020541126499,3.87815312824077
0.99,3.40502261420915,0.978563015494433,-2.11950212144215,-0.306957473468842,-1.15594792093372,-0.978563019298169,-0.129572571833527,0.3069574772724,0.978563021217399,3.40557643006491,0.307511290299106,-0.129572574727887,-0.97856301741359,-1.15650173678834,-0.307511294102661,-2.11950211854729,-2.11950211854745,0.307511294102601,3.40557643006338,-0.978563021217388,-0.129572574728251,-0.307511290299129,-1.15650173678835,0.97856301741359,-0.306957477272336,-0.129572571833137,-0.978563015494393,3.40502261421,0.306957473468892,-2.11950212144189,0.97856301929817,-1.15594792093371,-1.15594792093371,-0.978563019298174,-0.129572571833455,0.306957477272371,3.40502261420848,0.978563015494511,-2.11950212144208,-0.306957473468824,-0.978563017413585,-1.15650173678834,-0.307511294102674,-2.11950211854728,0.978563021217308,3.40557643006357,0.307511290299115,-0.129572574727966,-0.129572574728069,-0.307511290299159,-1.15650173678835,0.978563017413589,-2.11950211854744,0.307511294102642,3.40557643006281,-0.97856302121733,0.306957473468869,-2.11950212144198,0.978563019298172,-1.15594792093371,-0.306957477272346,-0.129572571833531,-0.978563015494391,3.40502261420958
