a,b,Chomog_00,Chomog_01,Chomog_02,Chomog_10,Chomog_11,Chomog_12,Chomog_20,Chomog_21,Chomog_22
0.01,0.01,1.12485276375161,0.374931232733021,-3.85322139447738e-08,0.374931232733021,1.12485276375161,-3.85322139447933e-08,-3.8532213944756e-08,-3.85322139447477e-08,0.374952883546906
0.01,0.0352631578947368,1.12342523514232,0.374509310188804,-4.00366037161014e-06,0.374509310188804,1.12442885738667,-1.40543766062886e-06,-4.00366037160927e-06,-1.40543766062954e-06,0.374685311664823
0.01,0.0605263157894737,1.12077879080581,0.373691345479004,-1.25915080853045e-05,0.373691345479004,1.12394653129172,-4.53860047790045e-06,-1.25915080853057e-05,-4.53860047790233e-06,0.374243911824724
0.01,0.0857894736842105,1.11743969235861,0.372620203353092,-1.56353406604074e-05,0.372620203353092,1.12338685220243,-5.90213807750573e-06,-1.56353406604096e-05,-5.90213807750969e-06,0.373703089490104
0.01,0.111052631578947,1.11263880714388,0.37108847276083,-2.00934408175807e-05,0.371088472760827,1.12268577811408,-7.4632297615577e-06,-2.00934408170799e-05,-7.4632297616683e-06,0.373002728411456
0.01,0.136315789473684,1.10792700920763,0.369536656484063,-2.26003024952546e-05,0.369536656484063,1.12196322455873,-8.61527123565245e-06,-2.26003024952585e-05,-8.61527123564369e-06,0.37223390631304
0.01,0.161578947368421,1.10163240583244,0.367486985039291,-2.62506517441126e-05,0.367486985039291,1.12108435143297,-1.00610203158045e-05,-2.62506517442633e-05,-1.00610203157776e-05,0.371323553546553
0.01,0.186842105263158,1.09533715203311,0.36540706909125,-2.84637854572593e-05,0.36540706909125,1.12018664235367,-1.09912214781762e-05,-2.84637854571195e-05,-1.09912214781914e-05,0.370330242769705
0.01,0.212105263157895,1.08789379789759,0.3629567998182,-3.09875411417437e-05,0.3629567998182,1.11916904538834,-1.20647146950345e-05,-3.0987541141823e-05,-1.20647146951128e-05,0.36923267007963
0.01,0.237368421052632,1.07998935929897,0.360343229517576,-3.33823188301237e-05,0.360343229517576,1.11809466594351,-1.30394338490664e-05,-3.33823188302009e-05,-1.30394338491166e-05,0.368025465199585
0.01,0.262631578947368,1.0716271582409,0.357572031821567,-3.52311125213079e-05,0.357572031821567,1.11696587320705,-1.38766588000358e-05,-3.52311125214595e-05,-1.38766588000777e-05,0.366753007770946
0.01,0.287894736842105,1.06216766740981,0.354442435909877,-3.74038183820544e-05,0.354442435909878,1.11572021429632,-1.47689613407501e-05,-3.74038183804966e-05,-1.47689613406412e-05,0.365344646379164
0.01,0.313157894736842,1.05307899604236,0.351416359073405,-3.90383016401752e-05,0.351416359073405,1.11450279034188,-1.55257767625125e-05,-3.90383016404467e-05,-1.55257767624314e-05,0.363902576617317
0.01,0.338421052631579,1.04236379774857,0.347866185850419,-4.1501881799908e-05,0.347866185850416,1.11311629277487,-1.6542524158339e-05,-4.1501881806611e-05,-1.65425241598316e-05,0.362317521214671
0.01,0.363684210526316,1.03248555946148,0.34456948011483,-4.24234181627589e-05,0.34456948011483,1.11180655489722,-1.70195381473221e-05,-4.24234181625839e-05,-1.70195381475117e-05,0.360696319739385
0.01,0.388947368421053,1.02118318047379,0.340812631193957,-4.42087081619239e-05,0.340812631193957,1.11034785569199,-1.78064557117628e-05,-4.42087081626428e-05,-1.78064557120458e-05,0.358960725116164
0.01,0.414210526315789,1.01007688381624,0.337108726690829,-4.537766886593e-05,0.33710872669083,1.10890313396612,-1.83566832268727e-05,-4.53776688665879e-05,-1.83566832271389e-05,0.357147740514003
0.01,0.439473684210526,0.998350255620006,0.333200420112894,-4.6720130430462e-05,0.333200420112892,1.10739097213992,-1.89918608944461e-05,-4.67201304294202e-05,-1.89918608943223e-05,0.355267207581119
0.01,0.464736842105263,0.986079543085573,0.329110104408424,-4.78532299816279e-05,0.32911010440842,1.10581803079586,-1.95226581343048e-05,-4.78532299869456e-05,-1.95226581349029e-05,0.353270287655262
0.01,0.49,0.974069655597243,0.325098096340386,-4.90201028618288e-05,0.325098096340386,1.10426858599794,-2.00958677170385e-05,-4.90201028629026e-05,-2.00958677168134e-05,0.351247056860084
0.0352631578947368,0.01,1.12442885738667,0.374509310188804,1.40543766063021e-06,0.374509310188804,1.12342523514232,4.00366037161333e-06,1.40543766063073e-06,4.00366037161469e-06,0.374685311664823
0.0352631578947368,0.0352631578947368,1.1218655421203,0.373891515571048,-4.23447415007976e-08,0.373891515571048,1.1218655421203,4.23447414962558e-08,-4.23447415010149e-08,4.23447414968799e-08,0.373986306244437
0.0352631578947368,0.0605263157894737,1.1168247309864,0.372694707988183,-6.32922705057783e-07,0.372694707988183,1.12086834379898,-7.75523624983812e-08,-6.32922705054599e-07,-7.75523624975333e-08,0.373075673220097
0.0352631578947368,0.0857894736842105,1.10936966331939,0.37069666829851,-2.38180536934763e-06,0.37069666829851,1.11964307379958,-4.67799476700995e-07,-2.38180536935376e-06,-4.67799476697396e-07,0.371877092517663
0.0352631578947368,0.111052631578947,1.09989490907478,0.367987859986619,-4.26520830855378e-07,0.367987859986619,1.11819153026001,-1.0150248536122e-07,-4.26520830850564e-07,-1.01502485357598e-07,0.370423628988322
0.0352631578947368,0.136315789473684,1.08829518512723,0.36454557505363,-5.48308926062009e-08,0.36454557505363,1.11648481794387,-2.3306275383181e-08,-5.48308925475955e-08,-2.33062754420973e-08,0.36870275389154
0.0352631578947368,0.161578947368421,1.07349522891435,0.360112167522495,-1.06810402600961e-05,0.360112167522495,1.11447099361462,-3.04379196954253e-06,-1.0681040260149e-05,-3.04379196957359e-06,0.366628830298516
0.0352631578947368,0.186842105263158,1.05752109054783,0.35518165569865,-1.44037316650925e-05,0.35518165569865,1.11227019415655,-4.1613602923841e-06,-1.4403731665213e-05,-4.16136029240428e-06,0.364310268668795
0.0352631578947368,0.212105263157895,1.04038697070334,0.349823790291536,-4.38817474776242e-06,0.349823790291537,1.1099208391045,-1.28916411811061e-06,-4.38817474832988e-06,-1.28916411817225e-06,0.361760477308694
0.0352631578947368,0.237368421052632,1.02241764676889,0.3441521210812,-1.20021975696538e-07,0.3441521210812,1.10746263095134,-4.54262920100845e-08,-1.20021975859142e-07,-4.54262920513095e-08,0.359030809840389
0.0352631578947368,0.262631578947368,0.998897216600457,0.336753239527381,-3.62514115556516e-05,0.336753239527381,1.1044323683028,-1.12534709861691e-05,-3.62514115556434e-05,-1.12534709861457e-05,0.355748855543543
0.0352631578947368,0.287894736842105,0.97698926681475,0.329726100018538,-3.83781719571817e-05,0.329726100018539,1.10150036732234,-1.19514315225617e-05,-3.83781719574274e-05,-1.19514315225445e-05,0.352377087162775
0.0352631578947368,0.313157894736842,0.954682758278332,0.322528458821479,-1.59110734802985e-05,0.322528458821479,1.0985055881997,-4.96109155924701e-06,-1.59110734804309e-05,-4.9610915592891e-06,0.348785887287939
0.0352631578947368,0.338421052631579,0.932092232586858,0.315209215093959,-2.18045499868999e-06,0.315209215093958,1.09546809663683,-6.94523038080685e-07,-2.1804549991606e-06,-6.94523038187319e-07,0.345023361931436
0.0352631578947368,0.363684210526316,0.902935736428997,0.305829157465392,-7.39040147730753e-05,0.305829157465392,1.0917498980046,-2.36665347743772e-05,-7.39040147729654e-05,-2.3666534774584e-05,0.340591186115618
0.0352631578947368,0.388947368421053,0.877738439011597,0.297589811888458,-7.21750479875786e-05,0.297589811888458,1.08838010736314,-2.31831866875136e-05,-7.21750479875438e-05,-2.31831866876122e-05,0.336244736951793
0.0352631578947368,0.414210526315789,0.852672626224092,0.289361683375247,-3.65708267192563e-05,0.289361683375247,1.08500972566273,-1.17406975561371e-05,-3.65708267196287e-05,-1.17406975563128e-05,0.331686998697191
0.0352631578947368,0.439473684210526,0.82774165508048,0.281155941454033,-9.7591734008579e-06,0.281155941454033,1.08164561501837,-3.14251584230533e-06,-9.75917339974564e-06,-3.14251584193823e-06,0.326961780502609
0.0352631578947368,0.464736842105263,0.800611868606887,0.272215390392764,-4.82000807022708e-05,0.272215390392776,1.07802212332842,-1.63387254510458e-05,-4.82000807085495e-05,-1.6338725451294e-05,0.321765095820569
0.0352631578947368,0.49,0.768827162985215,0.261804990690822,-0.000111252302002772,0.261804990690823,1.07392100101578,-3.63210619412383e-05,-0.000111252302003888,-3.63210619413499e-05,0.316108736682462
0.0605263157894737,0.01,1.12394653129172,0.373691345479004,4.53860047789767e-06,0.373691345479004,1.12077879080581,1.25915080853072e-05,4.53860047789801e-06,1.25915080853078e-05,0.374243911824724
0.0605263157894737,0.0352631578947368,1.12086834379898,0.372694707988183,7.75523624979627e-08,0.372694707988183,1.1168247309864,6.32922705051696e-07,7.75523624929398e-08,6.32922705057719e-07,0.373075673220097
0.0605263157894737,0.0605263157894737,1.11552681183526,0.371733484896932,-2.6865794436653e-08,0.371733484896932,1.11552681183526,2.68657944187239e-08,-2.68657944283424e-08,2.68657944238366e-08,0.371874381285496
0.0605263157894737,0.0857894736842105,1.10777785394552,0.369985911305404,-2.62255205315338e-07,0.369985911305404,1.11399433201063,9.72572300996229e-09,-2.62255205251644e-07,9.72572300685537e-09,0.370395684519906
0.0605263157894737,0.111052631578947,1.0978147541098,0.367463361906027,-1.26984817831944e-08,0.367463361906028,1.11222017601176,-1.93834328019829e-09,-1.26984817962421e-08,-1.93834327258346e-09,0.368650706505885
0.0605263157894737,0.136315789473684,1.0855171555718,0.364159373266714,-1.41681136195322e-08,0.364159373266715,1.11019542335226,-4.59399681742635e-09,-1.41681136542843e-08,-4.59399682562563e-09,0.366611320418644
0.0605263157894737,0.161578947368421,1.07100986498135,0.360107755203025,-7.24094320235197e-07,0.360107755203025,1.10792822054775,-1.39200320179627e-07,-7.24094320163264e-07,-1.39200320189772e-07,0.364306243948867
0.0605263157894737,0.186842105263158,1.05463797687162,0.355369160647341,-2.05549494897402e-06,0.355369160647341,1.10542477043616,-4.17736619346564e-07,-2.05549494904717e-06,-4.17736619348773e-07,0.361724536194014
0.0605263157894737,0.212105263157895,1.03684828707326,0.350076346099702,-1.0470025373387e-07,0.350076346099702,1.10272043146497,-2.60460169075301e-08,-1.04700253674563e-07,-2.6046016910764e-08,0.358896401929191
0.0605263157894737,0.237368421052632,1.01711689482583,0.344114703064444,-1.49757752087417e-08,0.344114703064444,1.09978146155013,-7.64480298139634e-09,-1.49757747924877e-08,-7.64480300640922e-09,0.355774888658978
0.0605263157894737,0.262631578947368,0.995472475375274,0.337530935467484,-3.6113770164344e-06,0.337530935467484,1.09664481651346,-9.37122124648835e-07,-3.61137701649916e-06,-9.37122124659741e-07,0.35237094483758
0.0605263157894737,0.287894736842105,0.97287846097892,0.33052928336382,-5.90293697164695e-06,0.330529283363819,1.09334590869618,-1.54281337219052e-06,-5.90293697174239e-06,-1.54281337220871e-06,0.348707639180474
0.0605263157894737,0.313157894736842,0.949758243656362,0.323272513031765,-5.19776287038516e-07,0.323272513031766,1.08994278528972,-1.40848916280542e-07,-5.19776287537547e-07,-1.40848916071525e-07,0.344829293980109
0.0605263157894737,0.338421052631579,0.925264862178506,0.315515539411936,-1.62292648764227e-08,0.315515539411937,1.08635246823707,-9.24414042824067e-09,-1.62292649302974e-08,-9.24414046295208e-09,0.340669169863708
0.0605263157894737,0.363684210526316,0.899009051181568,0.30720158761893,-9.35952186313561e-06,0.307201587618929,1.08259160263472,-2.69608903070098e-06,-9.3595218630525e-06,-2.69608903068814e-06,0.336200478490445
0.0605263157894737,0.388947368421053,0.872779609947565,0.2987845818379,-1.16384257157071e-05,0.2987845818379,1.07876775034031,-3.34807734497682e-06,-1.16384257161336e-05,-3.34807734492874e-06,0.331499253078081
0.0605263157894737,0.414210526315789,0.846752786476647,0.29036840073879,-1.52740918802844e-06,0.29036840073879,1.07492855805729,-4.43635895488747e-07,-1.52740918817879e-06,-4.43635895618245e-07,0.326616410491545
0.0605263157894737,0.439473684210526,0.820103832072743,0.281695426658568,-1.77575532703582e-08,0.281695426658571,1.07098228344478,-1.05109280976561e-08,-1.77575538707081e-08,-1.05109282195357e-08,0.321503442780269
0.0605263157894737,0.464736842105263,0.791196017528318,0.272322000569636,-1.76673929790805e-05,0.27232200056964,1.06682147148545,-5.37069437945197e-06,-1.766739297851e-05,-5.37069437950411e-06,0.315997084605501
0.0605263157894737,0.49,0.763493730002852,0.263224729235617,-1.89674928767602e-05,0.263224729235619,1.06272156020974,-5.74105419073689e-06,-1.89674928768633e-05,-5.74105419087979e-06,0.310321860502508
0.0857894736842105,0.01,1.12338685220243,0.372620203353092,5.90213807749992e-06,0.372620203353092,1.11743969235861,1.56353406603952e-05,5.90213807749784e-06,1.56353406603676e-05,0.373703089490104
0.0857894736842105,0.0352631578947368,1.11964307379958,0.37069666829851,4.67799476691335e-07,0.37069666829851,1.10936966331939,2.38180536932462e-06,4.67799476690796e-07,2.38180536934248e-06,0.371877092517663
0.0857894736842105,0.0605263157894737,1.11399433201063,0.369985911305404,-9.72572303048929e-09,0.369985911305404,1.10777785394552,2.62255205321355e-07,-9.72572303436023e-09,2.62255205334803e-07,0.370395684519906
0.0857894736842105,0.0857894736842105,1.10595231300978,0.368479209256118,-5.14373736908197e-08,0.368479209256118,1.10595231300978,5.14373736675704e-08,-5.14373737125783e-08,5.14373736837453e-08,0.368633486402845
0.0857894736842105,0.111052631578947,1.09565839550308,0.366181045470494,-9.81792643520078e-09,0.366181045470494,1.10389167698839,1.13184713768644e-08,-9.81792640811266e-09,1.13184713727885e-08,0.366601877248553
0.0857894736842105,0.136315789473684,1.08310813104794,0.363110056174856,-8.43844020629434e-09,0.363110056174856,1.1015868221856,3.27485397929267e-09,-8.43844015644814e-09,3.27485397110525e-09,0.364282757930976
0.0857894736842105,0.161578947368421,1.06847583245594,0.359293381589135,-8.50492836650735e-08,0.359293381589135,1.09904015011656,-5.11992972565984e-09,-8.50492830288467e-08,-5.11993011096496e-09,0.361701004493401
0.0857894736842105,0.186842105263158,1.05187939198059,0.354780271129386,-4.41064628169635e-07,0.354780271129387,1.09625371201862,-4.39895524893946e-08,-4.41064625961107e-07,-4.39895524571328e-08,0.358843038548201
0.0857894736842105,0.212105263157895,1.03372303926892,0.349654348317134,-6.92811765400358e-09,0.349654348317134,1.09324967202314,-3.2060735773306e-09,-6.92811772664259e-09,-3.20607362607565e-09,0.355727713368101
0.0857894736842105,0.237368421052632,1.01375948111988,0.343890232534618,-6.86196983824868e-09,0.343890232534618,1.09002491590072,-3.50723735279424e-09,-6.86197001156178e-09,-3.50723740948785e-09,0.352321534711928
0.0857894736842105,0.262631578947368,0.992277652300988,0.337563098153866,-5.23078662256401e-07,0.337563098153867,1.08660420363732,-1.03211433995362e-07,-5.23078662530203e-07,-1.03211434003229e-07,0.348666839265423
0.0857894736842105,0.287894736842105,0.969605734233064,0.330743455976619,-1.46577496546066e-06,0.330743455976618,1.08300151306776,-2.90430407893536e-07,-1.46577496548831e-06,-2.90430407875572e-07,0.344749942195774
0.0857894736842105,0.313157894736842,0.946111750810515,0.323552936829585,-2.22977823859603e-08,0.323552936829586,1.07925162855134,-6.66677819685793e-09,-2.22977821756674e-08,-6.66677830467675e-09,0.340595892885389
0.0857894736842105,0.338421052631579,0.921338860090779,0.31590830491801,-7.09961545807911e-09,0.315908304918012,1.07534066673493,-3.9483971452511e-09,-7.09961542597656e-09,-3.94839719863959e-09,0.336154217325711
0.0857894736842105,0.363684210526316,0.895531726278821,0.307878082910564,-1.64030505807402e-06,0.307878082910564,1.07129367960669,-3.99395994055154e-07,-1.64030505830798e-06,-3.99395994071678e-07,0.33147300454286
0.0857894736842105,0.388947368421053,0.869274076096631,0.29959189399338,-3.09338935229214e-06,0.29959189399338,1.06713929584827,-7.50228418522179e-07,-3.09338935260981e-06,-7.50228418656461e-07,0.326541375620672
0.0857894736842105,0.414210526315789,0.842963160214828,0.291181499042565,-9.7115221136105e-08,0.291181499042565,1.06291792063277,-2.57687221714086e-08,-9.71152208277003e-08,-2.57687222117477e-08,0.321400804040798
0.0857894736842105,0.439473684210526,0.815713382724922,0.282429630317127,-6.60971313105553e-09,0.282429630317126,1.05857146840651,-4.12668746534002e-09,-6.60971414330903e-09,-4.12668764100618e-09,0.315988702269088
0.0857894736842105,0.464736842105263,0.787772117257285,0.273438945306382,-3.59181221650239e-06,0.273438945306382,1.05415016794251,-9.68469741409271e-07,-3.59181221661957e-06,-9.68469741431598e-07,0.310332443801754
0.0857894736842105,0.49,0.75996652408208,0.264390142888721,-5.27159589242532e-06,0.26439014288872,1.04968530687813,-1.41223833962531e-06,-5.2715958937344e-06,-1.41223833991962e-06,0.304441336211613
0.111052631578947,0.01,1.12268577811408,0.37108847276083,7.4632297615819e-06,0.371088472760829,1.11263880714389,2.00934408176714e-05,7.46322976165997e-06,2.00934408181994e-05,0.373002728411457
0.111052631578947,0.0352631578947368,1.11819153026001,0.367987859986619,1.01502485345438e-07,0.367987859986619,1.09989490907478,4.26520830817286e-07,1.01502485354113e-07,4.26520830818726e-07,0.370423628988322
0.111052631578947,0.0605263157894737,1.11222017601176,0.367463361906028,1.93834326182445e-09,0.367463361906028,1.0978147541098,1.26984817591556e-08,1.93834325420793e-09,1.2698481778922e-08,0.368650706505885
0.111052631578947,0.0857894736842105,1.10389167698839,0.366181045470494,-1.13184714019535e-08,0.366181045470494,1.09565839550308,9.81792636139541e-09,-1.13184713939254e-08,9.81792635872217e-09,0.366601877248553
0.111052631578947,0.111052631578947,1.09329753638731,0.364115140430424,-2.11638979729983e-09,0.364115140430424,1.09329753638731,2.11638976068429e-09,-2.11638977314245e-09,2.11638973202408e-09,0.364277502341514
0.111052631578947,0.136315789473684,1.08050883889561,0.361273268501323,-3.02844777853612e-09,0.361273268501323,1.09072332541224,6.05493589888104e-10,-3.02844764109316e-09,6.05493685118324e-10,0.361682323561093
0.111052631578947,0.161578947368421,1.06563350453532,0.357686799682505,-1.43872922986565e-08,0.357686799682506,1.08791050350318,2.57969128492484e-10,-1.43872922748701e-08,2.57969060025117e-10,0.358817308745249
0.111052631578947,0.186842105263158,1.0488800772266,0.353396082569596,-1.00785750964517e-07,0.353396082569596,1.08486382907011,-6.11783604075641e-10,-1.00785751090374e-07,-6.11783673134237e-10,0.355687802866292
0.111052631578947,0.212105263157895,1.03050668832068,0.348456017454712,-3.67852696344311e-09,0.348456017454711,1.08159126680555,-1.02836135452684e-09,-3.67852696032942e-09,-1.02836134655118e-09,0.352302721365044
0.111052631578947,0.237368421052632,1.01042309518338,0.342888076958202,-3.6709095758942e-09,0.342888076958199,1.07809846482795,-1.21419271604937e-09,-3.67091000028312e-09,-1.21419297340847e-09,0.348634076471044
0.111052631578947,0.262631578947368,0.988892964776407,0.336752443183115,-1.04133241478016e-07,0.336752443183114,1.07440450317952,-1.34152463901715e-08,-1.04133242083227e-07,-1.34152464536516e-08,0.344712481609949
0.111052631578947,0.287894736842105,0.966092935981244,0.33011695239767,-3.97797900771419e-07,0.330116952397672,1.07052721997458,-5.28080999390364e-08,-3.97797900943565e-07,-5.28080999768759e-08,0.34053116043554
0.111052631578947,0.313157894736842,0.942452209919278,0.323074203994465,-4.43566091785897e-09,0.323074203994467,1.06649136595531,-1.90138997212594e-09,-4.43565814594026e-09,-1.9013904186148e-09,0.336112563868668
0.111052631578947,0.338421052631579,0.917630747480935,0.315580091484684,-4.23114443807464e-09,0.315580091484691,1.06229135816099,-2.04281196196739e-09,-4.23114539043444e-09,-2.0428121174657e-09,0.331416513854587
0.111052631578947,0.363684210526316,0.891985668581106,0.307722377883504,-3.68708674047126e-07,0.307722377883514,1.05795491781943,-7.18864589617296e-08,-3.68708673792962e-07,-7.18864588947886e-08,0.326490410909127
0.111052631578947,0.388947368421053,0.865696033526434,0.299550589423787,-9.75031259127346e-07,0.299550589423791,1.05349275412942,-1.86331910115773e-07,-9.75031259910335e-07,-1.86331909706392e-07,0.321317512175676
0.111052631578947,0.414210526315789,0.839212144794836,0.291214761815543,-6.61718457269818e-09,0.291214761815535,1.04895467352827,-2.60580775941012e-09,-6.61718487010162e-09,-2.60580772170699e-09,0.315932365020972
0.111052631578947,0.439473684210526,0.81196988860477,0.282578371197346,-4.09206820741986e-09,0.282578371197341,1.04430579957288,-2.26670043786847e-09,-4.09206652823464e-09,-2.26669924859355e-09,0.310272896238434
0.111052631578947,0.464736842105263,0.784329294911036,0.273741021865751,-8.84645758545951e-07,0.273741021865748,1.03957898363714,-2.0508449746582e-07,-8.84645757974492e-07,-2.05084497172445e-07,0.304403252877439
0.111052631578947,0.49,0.756602679380596,0.264771513136336,-1.78888055368742e-06,0.26477151313634,1.03478880264951,-4.07915154916235e-07,-1.78888055428929e-06,-4.07915154879752e-07,0.298299849932553
0.136315789473684,0.01,1.12196322455873,0.369536656484063,8.61527123563953e-06,0.369536656484063,1.10792700920763,2.26003024951976e-05,8.61527123565343e-06,2.26003024952429e-05,0.37223390631304
0.136315789473684,0.0352631578947368,1.11648481794387,0.36454557505363,2.33062753824882e-08,0.36454557505363,1.08829518512723,5.48308924733497e-08,2.33062753412673e-08,5.48308925139886e-08,0.36870275389154
0.136315789473684,0.0605263157894737,1.11019542335226,0.364159373266715,4.59399680946593e-09,0.364159373266715,1.0855171555718,1.41681136321242e-08,4.59399681514613e-09,1.41681136535931e-08,0.366611320418644
0.136315789473684,0.0857894736842105,1.1015868221856,0.363110056174856,-3.27485400843569e-09,0.363110056174856,1.08310813104794,8.43843995521344e-09,-3.27485403654024e-09,8.43844009744383e-09,0.364282757930976
0.136315789473684,0.111052631578947,1.09072332541224,0.361273268501323,-6.05493770627994e-10,0.361273268501323,1.08050883889561,3.02844729132954e-09,-6.05493480154985e-10,3.02844773809538e-09,0.361682323561092
0.136315789473684,0.136315789473684,1.07768664649454,0.35866088895259,-1.46242392795473e-09,0.358660888952591,1.07768664649454,1.46242382444731e-09,-1.46242395062387e-09,1.46242383780671e-09,0.358808926431658
0.136315789473684,0.161578947368421,1.06262062481678,0.355293692156477,-3.94562105994736e-09,0.355293692156477,1.07464175705355,9.53019303156068e-10,-3.94562108299004e-09,9.53019339863088e-10,0.355673497548461
0.136315789473684,0.186842105263158,1.04568196789741,0.351213301900432,-3.41625073670127e-08,0.351213301900432,1.0713589755489,3.27495842008307e-09,-3.41625070957317e-08,3.27495821124201e-09,0.352273991177296
0.136315789473684,0.212105263157895,1.0270922108452,0.3464697534887,-2.18409874546213e-09,0.3464697534887,1.06784722678269,-2.2804155916709e-10,-2.18409874977522e-09,-2.28041557032567e-10,0.348615132298752
0.136315789473684,0.237368421052632,1.00689008072609,0.341098499706096,-2.3996467285296e-09,0.341098499706096,1.06411714432177,-5.09424957966865e-10,-2.39964688391272e-09,-5.09424990845296e-10,0.34468411408293
0.136315789473684,0.262631578947368,0.985248570019306,0.335152088077823,-2.59892283653504e-08,0.335152088077821,1.06018149695313,-1.95975751485179e-09,-2.59892312346e-08,-1.95975644744797e-09,0.34050060227639
0.136315789473684,0.287894736842105,0.962415577178624,0.328694109148305,-1.20811404644231e-07,0.328694109148305,1.05605815577438,-8.77968962298187e-09,-1.20811404476417e-07,-8.77968948638595e-09,0.336066648414671
0.136315789473684,0.313157894736842,0.938665496031486,0.321789598623231,-2.40322308360608e-09,0.321789598623232,1.05176438754299,-9.02975601761594e-10,-2.40322307356705e-09,-9.0297568131154e-10,0.331395249473817
0.136315789473684,0.338421052631579,0.913824990887077,0.314444690963334,-2.30418702391514e-09,0.314444690963341,1.04730656455813,-9.2852183863364e-10,-2.3041946543674e-09,-9.28522460501513e-10,0.326453111910381
0.136315789473684,0.363684210526316,0.888182627889317,0.306732981414882,-1.00433057118712e-07,0.306732981414882,1.0427096902247,-1.4648438836138e-08,-1.00433057172122e-07,-1.46484391209359e-08,0.321281841545584
0.136315789473684,0.388947368421053,0.861918062368413,0.298715370494033,-3.07603549878577e-07,0.298715370494032,1.03799215785442,-4.46503159958457e-08,-3.07603550123374e-07,-4.46503162447141e-08,0.315874642629178
0.136315789473684,0.414210526315789,0.83538362679162,0.290470508255076,-2.67442215719043e-09,0.290470508255076,1.03317491416411,-1.26757132128943e-09,-2.67442453044122e-09,-1.26757166559138e-09,0.310252965167312
0.136315789473684,0.439473684210526,0.808198280167553,0.281941738012906,-2.55438708432595e-09,0.281941738012905,1.02825032589636,-1.30290543538949e-09,-2.55438733223894e-09,-1.30290543351585e-09,0.304371696411664
0.136315789473684,0.464736842105263,0.780702532668645,0.273207992012816,-2.65840775637166e-07,0.273207992012815,1.02324300331109,-5.08066069524759e-08,-2.65840775927157e-07,-5.08066069952477e-08,0.298277784099465
0.136315789473684,0.49,0.752985069873921,0.264321645408065,-6.50429711532076e-07,0.264321645408059,1.01817133949156,-1.22436711369893e-07,-6.50429705484661e-07,-1.22436711176651e-07,0.291964066458708
0.161578947368421,0.01,1.12108435143297,0.367486985039291,1.00610203157681e-05,0.36748698503929,1.10163240583244,2.62506517440663e-05,1.00610203157681e-05,2.62506517442146e-05,0.371323553546553
0.161578947368421,0.0352631578947368,1.11447099361462,0.360112167522495,3.04379196949043e-06,0.360112167522495,1.07349522891435,1.06810402599487e-05,3.04379196952501e-06,1.0681040260061e-05,0.366628830298516
0.161578947368421,0.0605263157894737,1.10792822054775,0.360107755203025,1.39200320126494e-07,0.360107755203026,1.07100986498136,7.24094320027817e-07,1.39200320184939e-07,7.24094320141976e-07,0.364306243948867
0.161578947368421,0.0857894736842105,1.09904015011656,0.359293381589135,5.11993020741152e-09,0.359293381589135,1.06847583245594,8.50492834037876e-08,5.11992991066878e-09,8.50492834857262e-08,0.361701004493401
0.161578947368421,0.111052631578947,1.08791050350318,0.357686799682506,-2.5796909939182e-10,0.357686799682506,1.06563350453532,1.43872922571993e-08,-2.57969083625149e-10,1.43872921635632e-08,0.358817308745249
0.161578947368421,0.136315789473684,1.07464175705355,0.355293692156477,-9.53019434314037e-10,0.355293692156477,1.06262062481678,3.94562099075832e-09,-9.53019616666678e-10,3.94562102354866e-09,0.35567349754846
0.161578947368421,0.161578947368421,1.05936674510348,0.352140927436495,-1.58372013721038e-09,0.352140927436495,1.05936674510348,1.58372015685815e-09,-1.58372006161777e-09,1.58372012175372e-09,0.352269700776326
0.161578947368421,0.186842105263158,1.04225197907305,0.348268056689518,-1.44802250376669e-08,0.348268056689518,1.05588003260572,3.18346609991027e-09,-1.44802254403413e-08,3.18346611366608e-09,0.348602682765755
0.161578947368421,0.212105263157895,1.02348817932722,0.343717032074887,-1.28193744501111e-09,0.343717032074895,1.05216055009562,2.34396703544144e-10,-1.28198924871268e-09,2.34390808486211e-10,0.34467878901636
0.161578947368421,0.237368421052632,1.003152995781,0.338533153668278,-1.41520282746096e-09,0.338533153668286,1.04822010443218,-9.4637967371059e-12,-1.41520268377707e-09,-9.46384355431096e-12,0.340489519399485
0.161578947368421,0.262631578947368,0.981432610032569,0.332769914879061,-8.51813494988978e-09,0.332769914879059,1.04407277863086,-1.00297710424241e-10,-8.51813486119865e-09,-1.00297566354101e-10,0.336047481236037
0.161578947368421,0.287894736842105,0.958530363474625,0.32648098297216,-4.76208404361622e-08,0.326480982972163,1.03973283115786,-6.36132162354017e-10,-4.76208407550922e-08,-6.3613225618155e-10,0.331360368348554
0.161578947368421,0.313157894736842,0.93466515745537,0.31972931567845,-1.60257548469664e-09,0.31972931567845,1.03521846736886,-4.64348398965318e-10,-1.60257527394468e-09,-4.64348499315005e-10,0.326435563522885
0.161578947368421,0.338421052631579,0.909824978834804,0.312542665643476,-1.69822517622959e-09,0.31254266564348,1.0305415043828,-5.75644209914878e-10,-1.69822569692107e-09,-5.75644153339854e-10,0.321257385292979
0.161578947368421,0.363684210526316,0.884182683717949,0.30497473071909,-3.26114085928377e-08,0.304974730719095,1.02571908208678,-3.48314457017165e-09,-3.2611405265838e-08,-3.48314742109482e-09,0.315850164952153
0.161578947368421,0.388947368421053,0.857965205603052,0.297087111695088,-1.1423182577977e-07,0.297087111695085,1.02077067973945,-1.16067253829205e-08,-1.14231826166258e-07,-1.16067252282455e-08,0.310215863068052
0.161578947368421,0.414210526315789,0.83139237761069,0.288937181842878,-1.51562968678083e-09,0.288937181842879,1.01571279742548,-6.56917127066106e-10,-1.51562980003083e-09,-6.56917114338589e-10,0.304366455053099
0.161578947368421,0.439473684210526,0.804253830510024,0.280520952493327,-1.55728126634237e-09,0.280520952493328,1.01055314289803,-7.13146656314891e-10,-1.55727920994966e-09,-7.13146621071544e-10,0.298267505666835
0.161578947368421,0.464736842105263,0.776803753762553,0.271896064077414,-8.89398984089871e-08,0.27189606407742,1.00531079584075,-1.37917353729223e-08,-8.89398984852201e-08,-1.37917353544231e-08,0.291963883448467
0.161578947368421,0.49,0.749187784175931,0.263113044710893,-2.27812223011491e-07,0.263113044710891,1.00000242106041,-3.47062354314114e-08,-2.27812224973524e-07,-3.47062356659904e-08,0.285445791025688
0.186842105263158,0.01,1.12018664235367,0.36540706909125,1.09912214782272e-05,0.36540706909125,1.09533715203311,2.84637854573834e-05,1.09912214781782e-05,2.84637854572099e-05,0.370330242769705
0.186842105263158,0.0352631578947368,1.11227019415655,0.35518165569865,4.16136029238143e-06,0.35518165569865,1.05752109054783,1.44037316651167e-05,4.16136029238351e-06,1.44037316650829e-05,0.364310268668795
0.186842105263158,0.0605263157894737,1.10542477043616,0.35536916064734,4.17736619320648e-07,0.355369160647339,1.05463797687162,2.05549494891556e-06,4.17736619325666e-07,2.05549494889842e-06,0.361724536194014
0.186842105263158,0.0857894736842105,1.09625371201862,0.354780271129385,4.398955250333e-08,0.354780271129386,1.05187939198058,4.4106462521235e-07,4.39895526698363e-08,4.41064627635489e-07,0.358843038548199
0.186842105263158,0.111052631578947,1.08486382907011,0.353396082569596,6.11783574144885e-10,0.353396082569597,1.0488800772266,1.00785751085778e-07,6.11783528996335e-10,1.00785750994156e-07,0.355687802866292
0.186842105263158,0.136315789473684,1.0713589755489,0.351213301900435,-3.27495945655663e-09,0.351213301900435,1.04568196789742,3.41625035836367e-08,-3.27495962787751e-09,3.4162499992239e-08,0.352273991177294
0.186842105263158,0.161578947368421,1.05588003260572,0.348268056689519,-3.18346618762731e-09,0.348268056689518,1.04225197907306,1.44802265611217e-08,-3.18346615864862e-09,1.4480225718124e-08,0.348602682765755
0.186842105263158,0.186842105263158,1.03858586751904,0.344591955364339,-8.87946343314022e-09,0.344591955364338,1.03858586751905,8.87946321802773e-09,-8.87946336169468e-09,8.87946319434469e-09,0.344672668629465
0.186842105263158,0.212105263157895,1.01965423306402,0.340232228372965,-2.12286273986007e-09,0.340232228372965,1.03468566807351,3.79486236273431e-09,-2.12286312014737e-09,3.79486212066923e-09,0.340485722882192
0.186842105263158,0.237368421052632,0.999196052019884,0.335232611766324,-1.889103691687e-09,0.335232611766324,1.03056495011678,2.13623208786747e-09,-1.88910356826414e-09,2.13623238471864e-09,0.336039773702249
0.186842105263158,0.262631578947368,0.977394400731015,0.329643708582643,-4.22455140972562e-09,0.329643708582644,1.02623653507276,1.42257807334549e-09,-4.22455529934496e-09,1.42257752122908e-09,0.331349648618853
0.186842105263158,0.287894736842105,0.95441967486994,0.323522106844111,-2.25146413260597e-08,0.323522106844111,1.02171257226743,1.77425387203674e-09,-2.25146404376881e-08,1.77425315227897e-09,0.326417128328074
0.186842105263158,0.313157894736842,0.930485602271663,0.316922134696008,-1.41462087955286e-09,0.316922134696008,1.0170105854364,3.62064146438928e-10,-1.41462107890715e-09,3.62064206776473e-10,0.321249722502806
0.186842105263158,0.338421052631579,0.905623097069234,0.30988255997259,-1.37350811118126e-09,0.309882559972589,1.01214459108166,1.17326129429776e-10,-1.37350822407382e-09,1.1732582060834e-10,0.315840353450276
0.186842105263158,0.363684210526316,0.879995103860054,0.302458916117753,-1.29894502209233e-08,0.302458916117752,1.00713160772305,-5.91945607141724e-10,-1.29894504244315e-08,-5.91945691567192e-10,0.310201403759464
0.186842105263158,0.388947368421053,0.853796546526256,0.294703137105491,-5.09555705344003e-08,0.294703137105492,1.00198954046856,-2.85359445555339e-09,-5.09555716668257e-08,-2.85359513597157e-09,0.304344159156102
0.186842105263158,0.414210526315789,0.827200924934563,0.286670790897025,-1.31717812350815e-09,0.286670790897025,0.996736064525704,-3.02740900975403e-10,-1.31717851616721e-09,-3.02740843014632e-10,0.298274749638254
0.186842105263158,0.439473684210526,0.80014253260855,0.278372498125375,-1.32974999451717e-09,0.27837249812537,0.9913805356879,-3.85225666734476e-10,-1.3297378760744e-09,-3.85229247913544e-10,0.291976871504238
0.186842105263158,0.464736842105263,0.772754191119243,0.269852581259861,-3.48848702055171e-08,0.269852581259864,0.985938181204263,-4.23498370332815e-09,-3.48848679901465e-08,-4.23498419364164e-09,0.285472050314286
0.186842105263158,0.49,0.745220487354478,0.261159344943221,-9.79900992307372e-08,0.26115934494322,0.980426267904592,-1.15533924615384e-08,-9.79900969077155e-08,-1.15533927024007e-08,0.27876153168545
0.212105263157895,0.01,1.11916904538833,0.3629567998182,1.20647146950499e-05,0.362956799818199,1.08789379789759,3.0987541141761e-05,1.20647146951235e-05,3.09875411417672e-05,0.369232670079631
0.212105263157895,0.0352631578947368,1.1099208391045,0.349823790291538,1.2891641183357e-06,0.349823790291537,1.04038697070334,4.38817474857511e-06,1.28916411853315e-06,4.38817474958777e-06,0.361760477308694
0.212105263157895,0.0605263157894737,1.10272043146497,0.350076346099703,2.60460168084831e-08,0.350076346099702,1.03684828707326,1.0470025343759e-07,2.60460168118374e-08,1.04700253526955e-07,0.35889640192919
0.212105263157895,0.0857894736842105,1.09324967202314,0.349654348317133,3.20607358482515e-09,0.349654348317134,1.03372303926892,6.92811781978741e-09,3.20607346300148e-09,6.92811789712491e-09,0.355727713368102
0.212105263157895,0.111052631578947,1.08159126680555,0.348456017454711,1.02836127836842e-09,0.348456017454711,1.03050668832068,3.67852693256707e-09,1.02836133728125e-09,3.67852699833409e-09,0.352302721365044
0.212105263157895,0.136315789473684,1.06784722678269,0.3464697534887,2.28041495341463e-10,0.3464697534887,1.0270922108452,2.1840987437579e-09,2.28041450387731e-10,2.18409885293536e-09,0.348615132298752
0.212105263157895,0.161578947368421,1.05216055009562,0.343717032074898,-2.34391466881533e-10,0.343717032074907,1.02348817932725,1.28198605623195e-09,-2.34392762965609e-10,1.2819589253228e-09,0.344678789016317
0.212105263157895,0.186842105263158,1.03468566807351,0.340232228372966,-3.79486302384352e-09,0.340232228372964,1.01965423306402,2.12286346557757e-09,-3.79486174650429e-09,2.12286295579587e-09,0.340485722882192
0.212105263157895,0.212105263157895,1.01559755240171,0.33605412589945,-5.47547905291063e-10,0.33605412589945,1.01559755240171,5.4754767716815e-10,-5.47547904294953e-10,5.4754812559078e-10,0.336040342392912
0.212105263157895,0.237368421052632,0.995016191692734,0.331233200146936,-6.67138677268764e-10,0.331233200146936,1.01131926294386,3.20538148649609e-10,-6.67138781457205e-10,3.20538206298671e-10,0.331343189267127
0.212105263157895,0.262631578947368,0.973118940477338,0.325815815997916,-1.76649230546012e-09,0.325815815997917,1.00683726818767,3.01780157707285e-10,-1.7664919715394e-09,3.01780264243701e-10,0.326406717764531
0.212105263157895,0.287894736842105,0.95008493608867,0.319857390531919,-1.15581425497159e-08,0.319857390531919,1.00215964984372,1.19294119998596e-09,-1.15581428863573e-08,1.19294125631026e-09,0.321233685681904
0.212105263157895,0.313157894736842,0.926090201120109,0.313410654677973,-7.99239358695953e-10,0.313410654677976,0.997302632800857,-5.4581887139638e-11,-7.99239872665381e-10,-5.45825295599183e-11,0.315831636247146
0.212105263157895,0.338421052631579,0.901205238023576,0.306520773723367,-8.36401295923104e-10,0.306520773723367,0.99228090823134,-1.28311022146632e-10,-8.36401605776226e-10,-1.28311011765396e-10,0.310194521648015
0.212105263157895,0.363684210526316,0.875603134816692,0.299237981844671,-5.90080088820442e-09,0.299237981844673,0.987111907124137,-1.83057825245848e-10,-5.90080116896535e-09,-1.83058587128267e-10,0.304339988086786
0.212105263157895,0.388947368421053,0.849416446853933,0.291614138423594,-2.54223626086129e-08,0.291614138423592,0.981810762220297,-5.17923896231311e-10,-2.54223626885592e-08,-5.17924315753177e-10,0.298270147756805
0.212105263157895,0.414210526315789,0.822831232881874,0.283699212143851,-7.7454865688131e-10,0.283699212143853,0.97639552290408,-2.24117943987452e-10,-7.74549685003125e-10,-2.24118398962729e-10,0.291993455765966
0.212105263157895,0.439473684210526,0.795815839642513,0.275516176945969,-7.95836370592786e-10,0.275516176945968,0.97087909025298,-2.63918675399934e-10,-7.95836200051173e-10,-2.63919062578694e-10,0.28550044373407
0.212105263157895,0.464736842105263,0.768501418625824,0.267110354518216,-1.55747728442613e-08,0.267110354518204,0.965277277963201,-1.46515713418064e-09,-1.55747743166621e-08,-1.46515653830313e-09,0.278804413106861
0.212105263157895,0.49,0.741034391530049,0.258521134345301,-4.78154989850941e-08,0.258521134345301,0.959605667498871,-4.197564662284e-09,-4.78154996494661e-08,-4.19756464543821e-09,0.271914190111637
0.237368421052632,0.01,1.11809466594351,0.360343229517576,1.30394338489997e-05,0.360343229517576,1.07998935929897,3.33823188298244e-05,1.30394338490329e-05,3.33823188300759e-05,0.368025465199585
0.237368421052632,0.0352631578947368,1.10746263095134,0.3441521210812,4.54262919770231e-08,0.3441521210812,1.02241764676889,1.20021975658579e-07,4.54262920247618e-08,1.20021975794372e-07,0.359030809840389
0.237368421052632,0.0605263157894737,1.09978146155014,0.344114703064446,7.64480321394415e-09,0.344114703064446,1.01711689482584,1.49757755509735e-08,7.64480343476056e-09,1.49757749315993e-08,0.35577488865898
0.237368421052632,0.0857894736842105,1.09002491590072,0.343890232534618,3.50723714685682e-09,0.343890232534617,1.01375948111988,6.86196910028986e-09,3.50723724128066e-09,6.86196925981327e-09,0.352321534711928
0.237368421052632,0.111052631578947,1.07809846482795,0.342888076958201,1.21419292576795e-09,0.342888076958201,1.01042309518339,3.67091012640802e-09,1.21419282940779e-09,3.67090975903289e-09,0.348634076471044
0.237368421052632,0.136315789473684,1.06411714432177,0.341098499706096,5.09424738273623e-10,0.341098499706096,1.00689008072609,2.39964652329013e-09,5.09424828726578e-10,2.3996466157082e-09,0.344684114082929
0.237368421052632,0.161578947368421,1.04822010443218,0.338533153668282,9.46351551877928e-12,0.338533153668281,1.00315299578098,1.41520254466038e-09,9.46363450319144e-12,1.41520258650042e-09,0.340489519399491
0.237368421052632,0.186842105263158,1.03056495011678,0.335232611766324,-2.13623221755838e-09,0.335232611766324,0.999196052019885,1.88910373706764e-09,-2.13623223593222e-09,1.88910366368748e-09,0.336039773702249
0.237368421052632,0.212105263157895,1.01131926294386,0.331233200146936,-3.20538274701664e-10,0.331233200146936,0.995016191692734,6.67138637024535e-10,-3.20538457128844e-10,6.67138795423084e-10,0.331343189267126
0.237368421052632,0.237368421052632,0.99062129611204,0.326583279797364,-4.37571157804831e-10,0.326583279797365,0.99062129611204,4.37571199968437e-10,-4.37571258283268e-10,4.37571180600182e-10,0.326403288963323
0.237368421052632,0.262631578947368,0.968635514256289,0.321332167174977,-9.75611028189481e-10,0.321332167174978,0.986016965337869,3.68150428260608e-10,-9.75611264579436e-10,3.68150998869435e-10,0.321227535374182
0.237368421052632,0.287894736842105,0.945533154308291,0.31553291830537,-6.52772967929497e-09,0.31553291830537,0.981219277354077,1.12828959010445e-09,-6.52772970039965e-09,1.12828976143889e-09,0.315821571045878
0.237368421052632,0.313157894736842,0.921489851340963,0.309239308956069,-5.67602649685753e-10,0.309239308956069,0.976240374706351,6.79382101045748e-11,-5.67602791326602e-10,6.79382574503284e-11,0.310191827282074
0.237368421052632,0.338421052631579,0.896591105772568,0.302496174284712,-6.0165300752547e-10,0.302496174284712,0.971097216842201,-4.91802653357115e-12,-6.01653525001615e-10,-4.91841537251592e-12,0.304336681910583
0.237368421052632,0.363684210526316,0.870986210769346,0.295355406332864,-3.04498501468229e-09,0.295355406332865,0.965804676393588,4.09247638913786e-11,-3.04498486909427e-09,4.09248509358723e-11,0.298269315198527
0.237368421052632,0.388947368421053,0.84482905543109,0.287867604613697,-1.40635471945588e-08,0.287867604613697,0.960381088463487,2.44107877269935e-10,-1.40635476803661e-08,2.44107925147626e-10,0.291995605747029
0.237368421052632,0.414210526315789,0.818262909809887,0.280078432449268,-6.36793569528434e-10,0.280078432449269,0.954842599957683,-1.48295096810539e-10,-6.36794067699004e-10,-1.48295505276932e-10,0.285523652058461
0.237368421052632,0.439473684210526,0.791294880217208,0.272018151801819,-6.50189851553873e-10,0.27201815180182,0.949203153675091,-1.80642920316853e-10,-6.50190123099083e-10,-1.80642513339545e-10,0.278845558368291
0.237368421052632,0.464736842105263,0.764063306887513,0.26372752930575,-7.87648426827671e-09,0.26372752930575,0.943479065710597,-5.29693362353353e-10,-7.87648648083519e-09,-5.2969392741242e-10,0.271977807789106
0.237368421052632,0.49,0.73665627643734,0.255244048599175,-2.56491243497993e-08,0.255244048599175,0.937684038641281,-1.50130648386183e-09,-2.56491250094449e-08,-1.50130664978881e-09,0.264920596097822
0.262631578947368,0.01,1.11696587320705,0.357572031821567,1.38766587999384e-05,0.357572031821567,1.0716271582409,3.5231112521015e-05,1.387665879993e-05,3.52311125209043e-05,0.366753007770946
0.262631578947368,0.0352631578947368,1.1044323683028,0.336753239527381,1.12534709860603e-05,0.336753239527382,0.998897216600457,3.62514115555191e-05,1.12534709861046e-05,3.62514115557148e-05,0.355748855543543
0.262631578947368,0.0605263157894737,1.09664481651346,0.337530935467485,9.37122124555207e-07,0.337530935467486,0.995472475375276,3.61137701627674e-06,9.37122124580852e-07,3.6113770163849e-06,0.35237094483758
0.262631578947368,0.0857894736842105,1.08660420363732,0.337563098153867,1.03211433730904e-07,0.337563098153867,0.992277652300989,5.23078661977754e-07,1.03211433631441e-07,5.23078662277613e-07,0.348666839265422
0.262631578947368,0.111052631578947,1.07440450317952,0.336752443183113,1.34152461708849e-08,0.336752443183115,0.988892964776403,1.04133241834322e-07,1.34152461589214e-08,1.04133241097522e-07,0.344712481609948
0.262631578947368,0.136315789473684,1.06018149695313,0.335152088077819,1.95975710738151e-09,0.335152088077826,0.985248570019298,2.59892304645827e-08,1.95975631222425e-09,2.59892317920951e-08,0.340500602276384
0.262631578947368,0.161578947368421,1.04407277863086,0.332769914879058,1.00297299769115e-10,0.332769914879058,0.981432610032563,8.51813565726055e-09,1.00297414298134e-10,8.51813515872406e-09,0.336047481236037
0.262631578947368,0.186842105263158,1.02623653507276,0.329643708582647,-1.42257693305618e-09,0.329643708582646,0.977394400731021,4.22455342762577e-09,-1.4225775211681e-09,4.22454976199243e-09,0.331349648618854
0.262631578947368,0.212105263157895,1.00683726818767,0.325815815997916,-3.01780566017824e-10,0.325815815997917,0.973118940477331,1.76649221404155e-09,-3.01780451492193e-10,1.76649202556994e-09,0.326406717764533
0.262631578947368,0.237368421052632,0.986016965337871,0.321332167174977,-3.68150225799405e-10,0.321332167174978,0.968635514256291,9.75611537220707e-10,-3.68150095473221e-10,9.75611268978926e-10,0.321227535374181
0.262631578947368,0.262631578947368,0.96394203132281,0.316242988227378,-6.40756404017432e-10,0.316242988227378,0.963942031322813,6.40757165008772e-10,-6.40756853290483e-10,6.40757500748915e-10,0.315819842883119
0.262631578947368,0.287894736842105,0.940777516573273,0.310600569319377,-3.99116152685693e-09,0.310600569319377,0.959054054661825,1.12745024171453e-09,-3.9911621469994e-09,1.12745028238906e-09,0.310187523925684
0.262631578947368,0.313157894736842,0.91669030226308,0.304456985412165,-4.32380894329747e-10,0.304456985412165,0.953985926915593,2.21112213003317e-10,-4.32380529970055e-10,2.21112204170458e-10,0.304339384353492
0.262631578947368,0.338421052631579,0.891775664414688,0.297861482936209,-4.50360136478782e-10,0.29786148293621,0.948751738861404,1.2608926224086e-10,-4.5035925909495e-10,1.26090038753233e-10,0.298274469538849
0.262631578947368,0.363684210526316,0.866180023373738,0.29086303653445,-1.73265786338969e-09,0.29086303653445,0.943369770770709,1.64309508876679e-10,-1.73265693213456e-09,1.64309718757891e-10,0.292004760117868
0.262631578947368,0.388947368421053,0.840047405775501,0.283511203931641,-8.28929608563981e-09,0.283511203931642,0.937856161760736,5.04201755989323e-10,-8.2892981253392e-09,5.04201822940502e-10,0.285538586336538
0.262631578947368,0.414210526315789,0.8135062791562,0.27585244119162,-4.65571431162618e-10,0.275852441191621,0.93222779143622,-3.89139340800019e-11,-4.65572494914027e-10,-3.89141901245094e-11,0.27888161354556
0.262631578947368,0.439473684210526,0.786591918679635,0.26791901499277,-4.81286363595161e-10,0.26791901499277,0.926499816955776,-7.72366754971457e-11,-4.81284053836263e-10,-7.7236024020389e-11,0.27202966585981
0.262631578947368,0.464736842105263,0.759418498649201,0.259750175044383,-4.31018324473947e-09,0.259750175044384,0.920688162991349,-1.62241843505213e-10,-4.31017853036076e-09,-1.62241853693325e-10,0.264998463541165
0.262631578947368,0.49,0.732087824492672,0.251384832902408,-1.49087322951151e-08,0.251384832902405,0.914808341865205,-4.72907875772259e-10,-1.49087339211711e-08,-4.72907609319411e-10,0.257788616616542
0.287894736842105,0.01,1.11572021429632,0.354442435909874,1.4768961340905e-05,0.354442435909879,1.0621676674098,3.74038183822604e-05,1.476896134057e-05,3.74038183812284e-05,0.365344646379162
0.287894736842105,0.0352631578947368,1.10150036732234,0.329726100018539,1.19514315226383e-05,0.329726100018539,0.976989266814749,3.8378171957315e-05,1.19514315226978e-05,3.83781719577723e-05,0.352377087162775
0.287894736842105,0.0605263157894737,1.09334590869618,0.330529283363817,1.54281337210984e-06,0.330529283363818,0.972878460978913,5.90293697144577e-06,1.54281337214206e-06,5.90293697161449e-06,0.348707639180473
0.287894736842105,0.0857894736842105,1.08300151306776,0.330743455976619,2.90430407809612e-07,0.330743455976619,0.969605734233067,1.46577496556285e-06,2.90430407771522e-07,1.46577496555568e-06,0.344749942195773
0.287894736842105,0.111052631578947,1.07052721997458,0.330116952397671,5.28080998972319e-08,0.330116952397672,0.966092935981239,3.9779790113223e-07,5.2808099916568e-08,3.97797901293905e-07,0.34053116043554
0.287894736842105,0.136315789473684,1.05605815577438,0.328694109148305,8.77968933142635e-09,0.328694109148305,0.962415577178628,1.20811403980994e-07,8.77968935141633e-09,1.20811404218929e-07,0.33606664841467
0.287894736842105,0.161578947368421,1.03973283115786,0.326480982972162,6.36132010201488e-10,0.326480982972162,0.958530363474617,4.76208402448581e-08,6.36131972461088e-10,4.76208404085761e-08,0.331360368348556
0.287894736842105,0.186842105263158,1.02171257226744,0.323522106844112,-1.77425416397173e-09,0.323522106844112,0.954419674869942,2.2514640158584e-08,-1.77425397407372e-09,2.25146398400522e-08,0.326417128328075
0.287894736842105,0.212105263157895,1.00215964984372,0.31985739053192,-1.19294098187159e-09,0.31985739053192,0.950084936088676,1.15581424485023e-08,-1.19294128888376e-09,1.155814266765e-08,0.321233685681903
0.287894736842105,0.237368421052632,0.981219277354077,0.31553291830537,-1.12828974871307e-09,0.31553291830537,0.94553315430829,6.52772913449355e-09,-1.12828980291979e-09,6.52772965369764e-09,0.315821571045878
0.287894736842105,0.262631578947368,0.959054054661824,0.310600569319377,-1.12744996746475e-09,0.310600569319377,0.940777516573269,3.99116226271765e-09,-1.12745022874646e-09,3.99116197221923e-09,0.310187523925682
0.287894736842105,0.287894736842105,0.935827560435605,0.305110787782559,-3.12045226242191e-09,0.305110787782559,0.935827560435606,3.12045260721853e-09,-3.12045242392738e-09,3.12045272144601e-09,0.304338141793268
0.287894736842105,0.313157894736842,0.911697312524517,0.299117082579384,-7.68443505533869e-10,0.299117082579385,0.930696945713644,1.67202981941246e-09,-7.68443985369564e-10,1.67202993029246e-09,0.298278378281484
0.287894736842105,0.338421052631579,0.886771268637362,0.292667602054756,-6.96485281598334e-10,0.292667602054756,0.925401886009009,1.137468635632e-09,-6.96485795767662e-10,1.13746872032174e-09,0.292012406478439
0.287894736842105,0.363684210526316,0.861185295580497,0.285812500857316,-1.35810448207118e-09,0.285812500857316,0.919958860129175,8.73747860074734e-10,-1.35810484082691e-09,8.73748056755784e-10,0.285550851621183
0.287894736842105,0.388947368421053,0.835075460253579,0.278600637534694,-5.40703972163459e-09,0.278600637534694,0.914385902357246,1.0271543187331e-09,-5.40703978782513e-09,1.02715425441281e-09,0.278902403463089
0.287894736842105,0.414210526315789,0.808571951431239,0.271076255353847,-5.44019701967488e-10,0.271076255353847,0.908699526087859,3.80189917715363e-10,-5.44020559490092e-10,3.80189949062359e-10,0.272074421638411
0.287894736842105,0.439473684210526,0.781711619479131,0.263274594384751,-5.12901996570193e-10,0.263274594384753,0.902914890280641,2.61647146886653e-10,-5.12902321471703e-10,2.61647009043899e-10,0.265064336366189
0.287894736842105,0.464736842105263,0.754603390684011,0.25523465016843,-2.65355782379372e-09,0.255234650168431,0.897048452553243,2.07693346907713e-10,-2.65355850473029e-09,2.0769393694917e-10,0.257884274080099
0.287894736842105,0.49,0.727347261370344,0.246992068642234,-9.22909225503985e-09,0.246992068642233,0.891115749237246,1.33772296665997e-10,-9.22909210779164e-09,1.33772393041406e-10,0.250538029882699
0.313157894736842,0.01,1.11450279034188,0.351416359073405,1.5525776762443e-05,0.351416359073405,1.05307899604236,3.9038301639959e-05,1.55257767625674e-05,3.90383016402705e-05,0.363902576617317
0.313157894736842,0.0352631578947368,1.0985055881997,0.32252845882148,4.9610915591097e-06,0.32252845882148,0.954682758278336,1.59110734799836e-05,4.96109155912171e-06,1.59110734802499e-05,0.348785887287938
0.313157894736842,0.0605263157894737,1.08994278528972,0.323272513031765,1.40848916548567e-07,0.323272513031766,0.94975824365636,5.19776287393338e-07,1.40848916805521e-07,5.19776287348198e-07,0.34482929398011
0.313157894736842,0.0857894736842105,1.07925162855134,0.323552936829586,6.6667781059103e-09,0.323552936829586,0.946111750810517,2.22977825940348e-08,6.6667782973533e-09,2.22977830432333e-08,0.340595892885389
0.313157894736842,0.111052631578947,1.06649136595531,0.323074203994467,1.90139018337596e-09,0.323074203994468,0.942452209919286,4.43565967364888e-09,1.90138932712391e-09,4.43565968289848e-09,0.336112563868668
0.313157894736842,0.136315789473684,1.05176438754299,0.321789598623232,9.02975313736511e-10,0.321789598623232,0.938665496031486,2.40322238422792e-09,9.02975380208268e-10,2.40322260864083e-09,0.331395249473816
0.313157894736842,0.161578947368421,1.03521846736886,0.31972931567845,4.64348233502514e-10,0.319729315678447,0.934665157455371,1.60257524192684e-09,4.64348457586774e-10,1.60257539828573e-09,0.326435563522884
0.313157894736842,0.186842105263158,1.0170105854364,0.316922134696008,-3.62064423896428e-10,0.316922134696008,0.930485602271664,1.4146208354055e-09,-3.62064670216997e-10,1.4146208756294e-09,0.321249722502806
0.313157894736842,0.212105263157895,0.997302632800856,0.313410654677978,5.45826674128364e-11,0.313410654677974,0.926090201120128,7.99239757445184e-10,5.45825752251586e-11,7.99239918598284e-10,0.315831636247147
0.313157894736842,0.237368421052632,0.976240374706346,0.309239308956069,-6.79384746058592e-11,0.309239308956069,0.921489851340965,5.67602582006126e-10,-6.79385455702795e-11,5.67602744927832e-10,0.310191827282075
0.313157894736842,0.262631578947368,0.953985926915596,0.304456985412165,-2.21112570835774e-10,0.304456985412165,0.916690302263085,4.32379995075525e-10,-2.21112495666682e-10,4.32380088987762e-10,0.30433938435349
0.313157894736842,0.287894736842105,0.930696945713656,0.299117082579386,-1.6720305798617e-09,0.299117082579385,0.911697312524518,7.68443849371648e-10,-1.67203013481704e-09,7.68444262181625e-10,0.298278378281483
0.313157894736842,0.313157894736842,0.906528061194833,0.293269515007149,-2.20608306528326e-10,0.29326951500715,0.906528061194837,2.20608953048246e-10,-2.20608728476095e-10,2.20609076027266e-10,0.292016156683331
0.313157894736842,0.338421052631579,0.881586555378035,0.286967010524558,-2.50252671612616e-10,0.286967010524557,0.901194591077978,1.55173915119503e-10,-2.50253170813177e-10,1.55173542675728e-10,0.285557507111004
0.313157894736842,0.363684210526316,0.856012719166445,0.280256346365615,-7.01960512672795e-10,0.280256346365616,0.895717755923775,1.71710847499335e-10,-7.01960752837129e-10,1.71710501042531e-10,0.27891593679293
0.313157894736842,0.388947368421053,0.829933187910858,0.2731861304721,-3.39673839886068e-09,0.273186130472101,0.890112538355558,4.77546293185956e-10,-3.39673892721273e-09,4.77546354511141e-10,0.272098081273516
0.313157894736842,0.414210526315789,0.803464206638018,0.265801293069128,-2.89622840277505e-10,0.265801293069122,0.884395118549669,2.7536941897186e-11,-2.89622849208621e-10,2.7536583337975e-11,0.265110899688753
0.313157894736842,0.439473684210526,0.776662644894081,0.258137850770123,-3.00915787838744e-10,0.258137850770127,0.878582722613301,-5.04834721457557e-13,-3.00916594176841e-10,-5.05393111834408e-13,0.257955748496943
0.313157894736842,0.464736842105263,0.749624804994165,0.250233262952133,-1.61309514787404e-09,0.250233262952115,0.872691097119882,3.33713268607302e-11,-1.61309513976624e-09,3.33711454161085e-11,0.250642678337339
0.313157894736842,0.49,0.722437483151706,0.242123185355593,-5.87769738487156e-09,0.242123185355608,0.866735236644105,1.17014906675394e-10,-5.87769838601029e-09,1.17014966597893e-10,0.243175762955571
0.338421052631579,0.01,1.11311629277487,0.347866185850413,1.65425241615689e-05,0.34786618585041,1.04236379774857,4.1501881811447e-05,1.65425241611751e-05,4.1501881808459e-05,0.362317521214666
0.338421052631579,0.0352631578947368,1.09546809663683,0.31520921509396,6.94523037994769e-07,0.31520921509396,0.932092232586862,2.18045499848296e-06,6.94523038236559e-07,2.18045499913519e-06,0.345023361931436
0.338421052631579,0.0605263157894737,1.08635246823707,0.315515539411939,9.2441402796135e-09,0.315515539411938,0.925264862178516,1.62292648825586e-08,9.24414033914466e-09,1.62292650739135e-08,0.340669169863707
0.338421052631579,0.0857894736842105,1.07534066673493,0.315908304918011,3.94839828983995e-09,0.31590830491801,0.921338860090776,7.09961594816221e-09,3.94839833109638e-09,7.09961377109102e-09,0.336154217325712
0.338421052631579,0.111052631578947,1.06229135816099,0.315580091484679,2.04281159040453e-09,0.315580091484678,0.917630747480887,4.23114407871244e-09,2.04281169031376e-09,4.23114424028228e-09,0.331416513854587
0.338421052631579,0.136315789473684,1.04730656455813,0.314444690963342,9.28521045261924e-10,0.314444690963342,0.913824990887091,2.30419132760484e-09,9.28523074303091e-10,2.30418339470422e-09,0.326453111910374
0.338421052631579,0.161578947368421,1.0305415043828,0.31254266564348,5.75643929502927e-10,0.312542665643478,0.909824978834805,1.69822554753156e-09,5.75644021211184e-10,1.69822563747968e-09,0.321257385292979
0.338421052631579,0.186842105263158,1.01214459108166,0.30988255997259,-1.17325656636314e-10,0.30988255997259,0.905623097069239,1.37350884208261e-09,-1.17326327425421e-10,1.37350885748505e-09,0.315840353450276
0.338421052631579,0.212105263157895,0.99228090823134,0.306520773723364,1.28311114019214e-10,0.306520773723365,0.901205238023559,8.36401261076168e-10,1.28311146945078e-10,8.36401744569351e-10,0.310194521648013
0.338421052631579,0.237368421052632,0.9710972168422,0.302496174284714,4.91782953742454e-12,0.302496174284714,0.89659110577258,6.01653521765949e-10,4.91807888359543e-12,6.01653302130306e-10,0.304336681910581
0.338421052631579,0.262631578947368,0.948751738861404,0.297861482936209,-1.26089637313826e-10,0.29786148293621,0.891775664414688,4.50360219640477e-10,-1.26089657927219e-10,4.5036193844651e-10,0.298274469538851
0.338421052631579,0.287894736842105,0.925401886009014,0.292667602054758,-1.13747023535197e-09,0.292667602054757,0.886771268637365,6.96486233060279e-10,-1.13747015160413e-09,6.96486727741073e-10,0.292012406478439
0.338421052631579,0.313157894736842,0.901194591077978,0.286967010524555,-1.55174139793298e-10,0.286967010524554,0.881586555378011,2.50252269543016e-10,-1.55174495716543e-10,2.5025277599418e-10,0.285557507111
0.338421052631579,0.338421052631579,0.876245882815603,0.280809509989062,-1.84753141105183e-10,0.280809509989062,0.876245882815605,1.84753869395969e-10,-1.84753760565788e-10,1.84754238180562e-10,0.278920209110341
0.338421052631579,0.363684210526316,0.850683870176228,0.274244619384526,-4.76216769035136e-10,0.274244619384525,0.870760289592791,1.86367536732387e-10,-4.76217395595571e-10,1.8636708598211e-10,0.272110087418925
0.338421052631579,0.388947368421053,0.824633677239897,0.267319313389262,-2.30774331670794e-09,0.267319313389262,0.865149451814653,4.39624093293673e-10,-2.30774369804217e-09,4.39624394512142e-10,0.265135883456625
0.338421052631579,0.414210526315789,0.79820797015311,0.260078187459575,-2.24063934656129e-10,0.260078187459575,0.85942866621726,6.01619177720736e-11,-2.24063438836923e-10,6.01624779590073e-11,0.258004465533568
0.338421052631579,0.439473684210526,0.771465132184608,0.252557636707694,-2.33699414807248e-10,0.252557636707694,0.853615080956827,3.32932976841857e-11,-2.33700233495085e-10,3.32922357826966e-11,0.250719203559542
0.338421052631579,0.464736842105263,0.74449682619837,0.24479542650092,-1.06403218555511e-09,0.24479542650092,0.847724901938747,6.81666649938583e-11,-1.06403207137507e-09,6.81679085500332e-11,0.243288810041912
0.338421052631579,0.49,0.717386219991901,0.236826239019041,-3.93741041648869e-09,0.236826239019041,0.841773912776915,1.82068928564292e-10,-3.93741156659003e-09,1.82069132299433e-10,0.235718041683792
0.363684210526316,0.01,1.11180655489722,0.344569480114832,1.70195381472221e-05,0.344569480114831,1.03248555946148,4.24234181623481e-05,1.70195381468994e-05,4.24234181619176e-05,0.360696319739385
0.363684210526316,0.0352631578947368,1.0917498980046,0.305829157465393,2.36665347743555e-05,0.305829157465393,0.902935736429004,7.39040147732223e-05,2.3666534774444e-05,7.39040147746199e-05,0.340591186115618
0.363684210526316,0.0605263157894737,1.08259160263472,0.307201587618929,2.69608903055768e-06,0.30720158761893,0.899009051181569,9.35952186277134e-06,2.69608903055036e-06,9.35952186301535e-06,0.336200478490446
0.363684210526316,0.0857894736842105,1.07129367960669,0.307878082910565,3.99395993808441e-07,0.307878082910565,0.895531726278826,1.64030505685557e-06,3.99395993966199e-07,1.64030505737555e-06,0.331473004542861
0.363684210526316,0.111052631578947,1.05795491781943,0.307722377883513,7.1886458712109e-08,0.307722377883515,0.8919856685811,3.68708673600882e-07,7.18864586139412e-08,3.68708673823712e-07,0.326490410909125
0.363684210526316,0.136315789473684,1.0427096902247,0.306732981414883,1.46484388588418e-08,0.306732981414883,0.888182627889321,1.00433056520527e-07,1.4648438679713e-08,1.00433056863501e-07,0.321281841545583
0.363684210526316,0.161578947368421,1.02571908208679,0.304974730719108,3.48314901582069e-09,0.304974730719099,0.884182683717954,3.2611411157025e-08,3.48314863399179e-09,3.26114116384091e-08,0.315850164952155
0.363684210526316,0.186842105263158,1.00713160772305,0.302458916117752,5.91945060453107e-10,0.302458916117752,0.879995103860054,1.29894501795508e-08,5.9194490658449e-10,1.29894504708285e-08,0.310201403759462
0.363684210526316,0.212105263157895,0.987111907124139,0.299237981844671,1.83057973402075e-10,0.29923798184467,0.875603134816678,5.90079989823297e-09,1.83057769253582e-10,5.90080077923533e-09,0.304339988086787
0.363684210526316,0.237368421052632,0.965804676393588,0.295355406332864,-4.09252851402077e-11,0.295355406332864,0.870986210769346,3.04498456794018e-09,-4.09254822210576e-11,3.04498466377348e-09,0.298269315198527
0.363684210526316,0.262631578947368,0.94336977077071,0.290863036534451,-1.64309613658042e-10,0.290863036534451,0.866180023373742,1.73265566100916e-09,-1.64310253486402e-10,1.73265465220816e-09,0.292004760117871
0.363684210526316,0.287894736842105,0.919958860129175,0.285812500857316,-8.73747465926587e-10,0.285812500857316,0.8611852955805,1.3581047784514e-09,-8.73747756404677e-10,1.35810447249632e-09,0.285550851621184
0.363684210526316,0.313157894736842,0.895717755923775,0.280256346365618,-1.71710473029457e-10,0.280256346365619,0.856012719166459,7.01960625734753e-10,-1.71710195026467e-10,7.01960891892834e-10,0.27891593679293
0.363684210526316,0.338421052631579,0.870760289592791,0.274244619384525,-1.86367536393573e-10,0.274244619384526,0.850683870176227,4.76216268655504e-10,-1.86368154297332e-10,4.76217353460764e-10,0.272110087418926
0.363684210526316,0.363684210526316,0.845214024097618,0.267826584023191,-3.73076568512616e-10,0.267826584023192,0.84521402409762,3.73076322696879e-10,-3.73076024337993e-10,3.7307704005247e-10,0.265144238154137
0.363684210526316,0.388947368421053,0.819197103612338,0.261048547428353,-1.64863120040548e-09,0.261048547428353,0.83961993053181,5.1989993511475e-10,-1.64863282945821e-09,5.19902238082137e-10,0.258027275148357
0.363684210526316,0.414210526315789,0.792817219170274,0.253955072058538,-1.98135778929089e-10,0.25395507205854,0.83391874114118,1.68477093082477e-10,-1.98134825542685e-10,1.68478785962526e-10,0.25076666325932
0.363684210526316,0.439473684210526,0.766134617117316,0.246583694452969,-2.0125171420717e-10,0.246583694452969,0.828127041286406,1.19707555954124e-10,-2.01251630933667e-10,1.19707943004136e-10,0.243366091082626
0.363684210526316,0.464736842105263,0.739239560533053,0.238970322852468,-7.4440231036195e-10,0.238970322852466,0.822262181137644,1.33066388847091e-10,-7.44402294308982e-10,1.33066422559002e-10,0.235835674600704
0.363684210526316,0.49,0.712209718101839,0.231149538375725,-2.73508282189045e-09,0.231149538375725,0.816339783022138,2.37954030289737e-10,-2.73508387180134e-09,2.37953297101405e-10,0.228180325282363
0.388947368421053,0.01,1.11034785569199,0.340812631193958,1.78064557122345e-05,0.340812631193958,1.0211831804738,4.42087081630914e-05,1.78064557116964e-05,4.42087081624612e-05,0.358960725116163
0.388947368421053,0.0352631578947368,1.08838010736314,0.297589811888459,2.31831866874053e-05,0.297589811888458,0.877738439011601,7.21750479870774e-05,2.31831866876379e-05,7.21750479880181e-05,0.336244736951792
0.388947368421053,0.0605263157894737,1.0787677503403,0.298784581837896,3.34807734475286e-06,0.298784581837897,0.872779609947551,1.16384257153605e-05,3.3480773447695e-06,1.16384257157895e-05,0.331499253078081
0.388947368421053,0.0857894736842105,1.06713929584827,0.299591893993382,7.50228418693046e-07,0.299591893993382,0.869274076096637,3.09338935287429e-06,7.50228418526696e-07,3.0933893529813e-06,0.326541375620672
0.388947368421053,0.111052631578947,1.05349275412942,0.299550589423792,1.86331910017762e-07,0.299550589423789,0.865696033526439,9.75031257127844e-07,1.86331910126502e-07,9.75031255387875e-07,0.321317512175674
0.388947368421053,0.136315789473684,1.03799215785442,0.298715370494033,4.46503162756884e-08,0.298715370494034,0.861918062368419,3.07603550652451e-07,4.46503161796586e-08,3.07603550799978e-07,0.315874642629178
0.388947368421053,0.161578947368421,1.02077067973945,0.29708711169509,1.16067251785721e-08,0.297087111695088,0.857965205603074,1.14231825586003e-07,1.16067252804498e-08,1.14231826568089e-07,0.310215863068055
0.388947368421053,0.186842105263158,1.00198954046856,0.294703137105492,2.85359502135785e-09,0.294703137105492,0.853796546526259,5.09555715955056e-08,2.85359515068284e-09,5.09555718653364e-08,0.304344159156102
0.388947368421053,0.212105263157895,0.981810762220297,0.291614138423591,5.17924286886295e-10,0.291614138423592,0.849416446853928,2.54223635300424e-08,5.17924008846036e-10,2.54223632782907e-08,0.298270147756808
0.388947368421053,0.237368421052632,0.960381088463488,0.287867604613698,-2.44107557813153e-10,0.287867604613698,0.844829055431093,1.40635477576934e-08,-2.44107630183648e-10,1.40635487029619e-08,0.291995605747029
0.388947368421053,0.262631578947368,0.937856161760735,0.283511203931639,-5.04202045085056e-10,0.283511203931638,0.840047405775486,8.28929372616855e-09,-5.04202429244991e-10,8.28929409767043e-09,0.285538586336537
0.388947368421053,0.287894736842105,0.914385902357246,0.278600637534694,-1.02715438341592e-09,0.278600637534694,0.835075460253578,5.40703892456303e-09,-1.02715511153561e-09,5.40703867688382e-09,0.278902403463088
0.388947368421053,0.313157894736842,0.890112538355558,0.273186130472103,-4.7754590226331e-10,0.273186130472097,0.829933187910873,3.39673762179266e-09,-4.77546282167752e-10,3.3967375837846e-09,0.272098081273517
0.388947368421053,0.338421052631579,0.865149451814652,0.267319313389261,-4.39623771651546e-10,0.267319313389262,0.824633677239898,2.307743868123e-09,-4.3962388198267e-10,2.30774410644927e-09,0.265135883456625
0.388947368421053,0.363684210526316,0.839619930531811,0.261048547428354,-5.19902891029343e-10,0.261048547428353,0.81919710361234,1.64862929541991e-09,-5.19903401969781e-10,1.64862923469273e-09,0.25802727514836
0.388947368421053,0.388947368421053,0.813638042626173,0.254420881320269,-1.39414419543299e-09,0.254420881320269,0.813638042626174,1.39414436015718e-09,-1.39414469665965e-09,1.39414460954739e-09,0.250781146137723
0.388947368421053,0.414210526315789,0.787307453786669,0.247478884987865,-3.25211865592176e-10,0.247478884987868,0.807975375399435,8.5295135130646e-10,-3.25212367994522e-10,8.52952530667702e-10,0.243406091921707
0.388947368421053,0.439473684210526,0.760690761648741,0.240261101963846,-2.99195558627931e-10,0.240261101963845,0.802224974325606,6.36116586231268e-10,-2.99196430367135e-10,6.36117157056936e-10,0.235906907034263
0.388947368421053,0.464736842105263,0.73386983501982,0.232803430851327,-6.4620410618907e-10,0.232803430851314,0.796404571029276,5.21842155004983e-10,-6.46260656929248e-10,5.21874119582182e-10,0.228293228068532
0.388947368421053,0.49,0.706921645133724,0.22513933506734,-2.04671390497898e-09,0.225139335067346,0.790530366708348,5.276341257627e-10,-2.04671264120583e-09,5.27633458544683e-10,0.220570965615799
0.414210526315789,0.01,1.10890313396612,0.337108726690829,1.83566832273232e-05,0.337108726690829,1.01007688381624,4.53776688676324e-05,1.83566832272466e-05,4.53776688664096e-05,0.357147740514003
0.414210526315789,0.0352631578947368,1.08500972566273,0.289361683375248,1.17406975560065e-05,0.289361683375247,0.852672626224096,3.65708267185329e-05,1.17406975560426e-05,3.65708267200412e-05,0.33168699869719
0.414210526315789,0.0605263157894737,1.07492855805729,0.290368400738789,4.43635895336586e-07,0.290368400738787,0.846752786476645,1.52740918775684e-06,4.43635895330833e-07,1.52740918796915e-06,0.326616410491544
0.414210526315789,0.0857894736842105,1.06291792063277,0.291181499042568,2.57687217086271e-08,0.291181499042568,0.842963160214841,9.71152190559937e-08,2.57687218985759e-08,9.71152199299741e-08,0.321400804040797
0.414210526315789,0.111052631578947,1.04895467352827,0.291214761815546,2.60580761954126e-09,0.291214761815549,0.839212144794875,6.6171835334904e-09,2.60580763067128e-09,6.61718397728484e-09,0.315932365020971
0.414210526315789,0.136315789473684,1.03317491416411,0.290470508255079,1.26756890015078e-09,0.290470508255082,0.835383626791631,2.67441764747351e-09,1.26756890678475e-09,2.67441788476302e-09,0.310252965167307
0.414210526315789,0.161578947368421,1.01571279742549,0.288937181842885,6.5691734476035e-10,0.288937181842883,0.831392377610718,1.51562847366363e-09,6.56916886081845e-10,1.51562940100885e-09,0.304366455053099
0.414210526315789,0.186842105263158,0.996736064525704,0.286670790897026,3.02742656745953e-10,0.286670790897026,0.827200924934572,1.31717851300947e-09,3.0274114061627e-10,1.31717751632952e-09,0.298274749638253
0.414210526315789,0.212105263157895,0.976395522904079,0.283699212143848,2.24118151737529e-10,0.283699212143848,0.82283123288185,7.74548855696883e-10,2.24118231544973e-10,7.74549376835598e-10,0.291993455765963
0.414210526315789,0.237368421052632,0.954842599957683,0.280078432449269,1.48295254565344e-10,0.280078432449269,0.818262909809892,6.36793152490069e-10,1.48295394881433e-10,6.36793780520954e-10,0.285523652058461
0.414210526315789,0.262631578947368,0.932227791436216,0.275852441191624,3.89141191058789e-11,0.275852441191623,0.813506279156215,4.65569954782497e-10,3.89144671110594e-11,4.65569493545952e-10,0.278881613545562
0.414210526315789,0.287894736842105,0.908699526087853,0.271076255353847,-3.80190347872575e-10,0.271076255353847,0.808571951431239,5.44019168933043e-10,-3.80190739018838e-10,5.44018764363002e-10,0.272074421638411
0.414210526315789,0.313157894736842,0.884395118549675,0.265801293069126,-2.75373427436698e-11,0.265801293069117,0.803464206638048,2.89622998476155e-10,-2.75372580742564e-11,2.89622246649711e-10,0.265110899688749
0.414210526315789,0.338421052631579,0.859428666217258,0.260078187459575,-6.0161614317438e-11,0.260078187459575,0.798207970153112,2.24064878630303e-10,-6.01627598651247e-11,2.24062766638353e-10,0.258004465533568
0.414210526315789,0.363684210526316,0.83391874114119,0.253955072058539,-1.68478106709865e-10,0.253955072058539,0.792817219170276,1.9813317598329e-10,-1.6847898572e-10,1.98133338816903e-10,0.250766663259316
0.414210526315789,0.388947368421053,0.807975375399414,0.24747888498786,-8.52950087784025e-10,0.247478884987863,0.787307453786667,3.25211398565314e-10,-8.52952478124554e-10,3.25212739672579e-10,0.243406091921718
0.414210526315789,0.414210526315789,0.781696968332598,0.240692150207774,-1.07115745337201e-10,0.240692150207756,0.781696968332555,1.07154056373131e-10,-1.07101637678204e-10,1.07138368767295e-10,0.235931949494275
0.414210526315789,0.439473684210526,0.755146906908987,0.233632978764779,-1.17147024282586e-10,0.233632978764795,0.776002868973983,8.23756157924472e-11,-1.17101968801023e-10,8.23798480976002e-11,0.228350055213153
0.414210526315789,0.464736842105263,0.728405694678017,0.226337029824966,-3.83458605756411e-10,0.226337029824974,0.77024245134346,9.61118069896585e-11,-3.83433785481994e-10,9.61139377247543e-11,0.220671610377387
0.414210526315789,0.49,0.70154300799605,0.218836652181982,-1.42214490756062e-09,0.218836652181976,0.764432725838642,1.84822013609928e-10,-1.42216105728052e-09,1.84817485758039e-10,0.212902294032814
0.439473684210526,0.01,1.10739097213992,0.333200420112896,1.89918608952011e-05,0.333200420112897,0.99835025562002,4.6720130433009e-05,1.89918608950465e-05,4.672013043323e-05,0.355267207581117
0.439473684210526,0.0352631578947368,1.08164561501837,0.281155941454032,3.142515841603e-06,0.281155941454032,0.827741655080477,9.75917339883267e-06,3.14251584162994e-06,9.75917339979708e-06,0.326961780502607
0.439473684210526,0.0605263157894737,1.07098228344478,0.281695426658572,1.05109277004383e-08,0.281695426658572,0.820103832072746,1.77575521652953e-08,1.0510928166669e-08,1.77575536303642e-08,0.321503442780268
0.439473684210526,0.0857894736842105,1.05857146840651,0.282429630317129,4.1266877096582e-09,0.282429630317129,0.815713382724931,6.60971429271547e-09,4.12668753039893e-09,6.60971428958145e-09,0.315988702269088
0.439473684210526,0.111052631578947,1.04430579957289,0.282578371197353,2.26669861935141e-09,0.282578371197352,0.811969888604816,4.09207031846737e-09,2.26669820455556e-09,4.09206874752533e-09,0.310272896238431
0.439473684210526,0.136315789473684,1.02825032589636,0.28194173801291,1.30290514266168e-09,0.281941738012908,0.808198280167574,2.55438666759591e-09,1.30290529430768e-09,2.5543872907987e-09,0.304371696411663
0.439473684210526,0.161578947368421,1.01055314289803,0.280520952493319,7.13146164029507e-10,0.280520952493319,0.804253830509984,1.5572783860458e-09,7.13146067815034e-10,1.55727718362323e-09,0.298267505666831
0.439473684210526,0.186842105263158,0.991380535687883,0.278372498125362,3.85230605505764e-10,0.278372498125361,0.800142532608547,1.32973002697922e-09,3.8523113906537e-10,1.32975157181619e-09,0.291976871504222
0.439473684210526,0.212105263157895,0.970879090252981,0.275516176945973,2.63918101735012e-10,0.27551617694597,0.795815839642537,7.95835369992766e-10,2.63918437275255e-10,7.9583591074707e-10,0.285500443734064
0.439473684210526,0.237368421052632,0.949203153675092,0.272018151801821,1.80643362427394e-10,0.272018151801821,0.791294880217209,6.50191702527539e-10,1.806430716647e-10,6.50191714880667e-10,0.278845558368294
0.439473684210526,0.262631578947368,0.926499816955775,0.267919014992768,7.7235254968683e-11,0.267919014992769,0.786591918679622,4.81280454959289e-10,7.72360002373979e-11,4.81281176299323e-10,0.272029665859812
0.439473684210526,0.287894736842105,0.902914890280639,0.263274594384753,-2.61645023264093e-10,0.263274594384753,0.781711619479132,5.12901135462946e-10,-2.61644975189891e-10,5.12900535553555e-10,0.265064336366186
0.439473684210526,0.313157894736842,0.878582722613303,0.25813785077014,5.0521697218006e-13,0.258137850770134,0.776662644894157,3.00915792819298e-10,5.05148609844953e-13,3.00915883506034e-10,0.257955748496947
0.439473684210526,0.338421052631579,0.853615080956826,0.252557636707694,-3.32925622224182e-11,0.252557636707694,0.771465132184608,2.33699279573356e-10,-3.32923773523953e-11,2.33699469717006e-10,0.250719203559543
0.439473684210526,0.363684210526316,0.828127041286408,0.246583694452969,-1.19708672648481e-10,0.24658369445297,0.766134617117319,2.01250806980673e-10,-1.19708620911708e-10,2.01250932107768e-10,0.243366091082628
0.439473684210526,0.388947368421053,0.802224974325604,0.240261101963845,-6.36116506671158e-10,0.240261101963845,0.760690761648743,2.99195018763011e-10,-6.36116070232349e-10,2.99194755898195e-10,0.235906907034263
0.439473684210526,0.414210526315789,0.776002868973986,0.233632978764792,-8.23712496323716e-11,0.233632978764796,0.755146906908962,1.17166678150691e-10,-8.23749957643298e-11,1.17146236336963e-10,0.228350055213196
0.439473684210526,0.439473684210526,0.749524550209187,0.226736893565633,-9.23367970185631e-11,0.226736893565633,0.749524550209187,9.23379114462592e-11,-9.23368088465311e-11,9.23367525628859e-11,0.220705028651522
0.439473684210526,0.464736842105263,0.722864864221942,0.219608417725069,-2.85600351961762e-10,0.219608417725069,0.74383899754597,9.99729270653965e-11,-2.85602548602798e-10,9.9974024508388e-11,0.212980983892057
0.439473684210526,0.49,0.696091233599843,0.212279333069008,-1.05943966110139e-09,0.212279333069008,0.738107281298252,1.73315502971012e-10,-1.05944025164938e-09,1.73314718842119e-10,0.205184009766015
0.464736842105263,0.01,1.10581803079585,0.329110104408417,1.95226581353762e-05,0.329110104408418,0.986079543085564,4.78532299853577e-05,1.95226581353909e-05,4.78532299818044e-05,0.353270287655263
0.464736842105263,0.0352631578947368,1.07802212332841,0.272215390392769,1.63387254553874e-05,0.272215390392766,0.800611868606869,4.82000807151824e-05,1.63387254514969e-05,4.82000807077564e-05,0.32176509582056
0.464736842105263,0.0605263157894737,1.06682147148545,0.272322000569638,5.37069437881912e-06,0.27232200056964,0.79119601752831,1.76673929770877e-05,5.37069437906768e-06,1.76673929776303e-05,0.315997084605499
0.464736842105263,0.0857894736842105,1.05415016794251,0.273438945306383,9.68469741213166e-07,0.273438945306383,0.787772117257288,3.59181221538795e-06,9.68469741281464e-07,3.59181221559048e-06,0.310332443801753
0.464736842105263,0.111052631578947,1.03957898363714,0.273741021865751,2.05084497035137e-07,0.273741021865745,0.784329294911047,8.84645758239854e-07,2.05084497225374e-07,8.84645758516871e-07,0.304403252877438
0.464736842105263,0.136315789473684,1.02324300331109,0.273207992012815,5.08066071659079e-08,0.273207992012815,0.780702532668645,2.65840774472001e-07,5.0806607030037e-08,2.65840774948735e-07,0.298277784099465
0.464736842105263,0.161578947368421,1.00531079584075,0.271896064077416,1.37917346282482e-08,0.271896064077412,0.77680375376254,8.89398969332761e-08,1.37917345951733e-08,8.89398972104253e-08,0.291963883448465
0.464736842105263,0.186842105263158,0.985938181204262,0.269852581259863,4.23498333297824e-09,0.26985258125986,0.772754191119241,3.48848638662988e-08,4.23498342786625e-09,3.48848676069827e-08,0.285472050314282
0.464736842105263,0.212105263157895,0.9652772779632,0.267110354518212,1.46515499447377e-09,0.267110354518214,0.768501418625866,1.55747767831034e-08,1.46515573969675e-09,1.55747745532316e-08,0.278804413106865
0.464736842105263,0.237368421052632,0.943479065710597,0.263727529305751,5.29693115521176e-10,0.263727529305751,0.764063306887517,7.87648466113737e-09,5.29693531604088e-10,7.8764854760881e-09,0.271977807789105
0.464736842105263,0.262631578947368,0.920688162991349,0.25975017504438,1.622405054947e-10,0.259750175044381,0.759418498649179,4.31017451629873e-09,1.62240209026392e-10,4.31017925119257e-09,0.264998463541171
0.464736842105263,0.287894736842105,0.897048452553244,0.255234650168431,-2.07693427838323e-10,0.255234650168431,0.754603390684013,2.65355886754499e-09,-2.07692911913943e-10,2.653558839764e-09,0.257884274080099
0.464736842105263,0.313157894736842,0.872691097119888,0.250233262952125,-3.33700724523692e-11,0.250233262952151,0.749624804994217,1.61309429659237e-09,-3.33709135696384e-11,1.6130953448939e-09,0.250642678337358
0.464736842105263,0.338421052631579,0.847724901938778,0.24479542650092,-6.81705378656624e-11,0.244795426500921,0.74449682619837,1.06402231728585e-09,-6.8167065836954e-11,1.06402311899576e-09,0.243288810041928
0.464736842105263,0.363684210526316,0.822262181137644,0.238970322852467,-1.33067225038016e-10,0.238970322852468,0.739239560533057,7.44404544658682e-10,-1.33067687555275e-10,7.4440369935707e-10,0.235835674600706
0.464736842105263,0.388947368421053,0.796404571029141,0.232803430851284,-5.2182565627362e-10,0.232803430851265,0.733869835019766,6.46295924895977e-10,-5.21867213231284e-10,6.46346746161305e-10,0.228293228068371
0.464736842105263,0.414210526315789,0.770242451343462,0.22633702982497,-9.61083421065201e-11,0.226337029824977,0.728405694677997,3.83445344584872e-10,-9.61124247104582e-11,3.83435347053301e-10,0.220671610377377
0.464736842105263,0.439473684210526,0.743838997545969,0.219608417725067,-9.9971721337713e-11,0.219608417725067,0.722864864221931,2.85605002741849e-10,-9.99708230558843e-11,2.85600457603711e-10,0.212980983892061
0.464736842105263,0.464736842105263,0.717265340488899,0.212652598548404,-2.3893039117844e-10,0.212652598548404,0.717265340488901,2.38931810053495e-10,-2.38930950437026e-10,2.38931496990117e-10,0.205230143268649
0.464736842105263,0.49,0.690584432117368,0.205500869656639,-8.21183994976073e-10,0.20550086965664,0.711622978664252,2.64069742364047e-10,-8.21183958946679e-10,2.64069723238043e-10,0.197426297214194
0.49,0.01,1.10426858599795,0.325098096340389,2.00958677169238e-05,0.32509809634039,0.974069655597253,4.902010286154e-05,2.00958677168973e-05,4.90201028610119e-05,0.351247056860083
0.49,0.0352631578947368,1.07392100101578,0.261804990690825,3.63210619403704e-05,0.261804990690827,0.768827162985221,0.000111252302000073,3.63210619403979e-05,0.000111252302000093,0.31610873668246
0.49,0.0605263157894737,1.06272156020974,0.263224729235616,5.74105418963016e-06,0.263224729235618,0.763493730002844,1.89674928723353e-05,5.74105418977851e-06,1.89674928751755e-05,0.310321860502507
0.49,0.0857894736842105,1.04968530687813,0.264390142888723,1.41223833988042e-06,0.264390142888723,0.75996652408209,5.27159589310812e-06,1.41223833997201e-06,5.27159589338843e-06,0.304441336211613
0.49,0.111052631578947,1.03478880264951,0.26477151313635,4.0791515484314e-07,0.264771513136347,0.756602679380632,1.78888055298445e-06,4.07915154967572e-07,1.78888055378676e-06,0.298299849932555
0.49,0.136315789473684,1.01817133949156,0.264321645408049,1.22436713873143e-07,0.264321645408056,0.752985069873894,6.50429712412838e-07,1.22436713012012e-07,6.50429712647839e-07,0.291964066458712
0.49,0.161578947368421,1.00000242106041,0.263113044710891,3.47062358225763e-08,0.263113044710888,0.749187784175932,2.27812223070027e-07,3.47062355725779e-08,2.27812224824304e-07,0.285445791025683
0.49,0.186842105263158,0.980426267904591,0.261159344943221,1.15533926409265e-08,0.261159344943222,0.745220487354483,9.79900956127241e-08,1.15533926224408e-08,9.79900978472546e-08,0.27876153168545
0.49,0.212105263157895,0.95960566749887,0.258521134345286,4.19756458850404e-09,0.258521134345298,0.741034391529987,4.78154988922491e-08,4.19756446180824e-09,4.78154983473054e-08,0.271914190111636
0.49,0.237368421052632,0.937684038641281,0.255244048599175,1.50130696678073e-09,0.255244048599176,0.736656276437341,2.56491245469141e-08,1.50130695003827e-09,2.5649124751608e-08,0.264920596097821
0.49,0.262631578947368,0.914808341865205,0.251384832902409,4.729084099214e-10,0.251384832902409,0.732087824492688,1.49087332318624e-08,4.72908865909729e-10,1.49087343421058e-08,0.257788616616539
0.49,0.287894736842105,0.891115749237248,0.246992068642234,-1.33771661492931e-10,0.246992068642234,0.727347261370348,9.22909244705205e-09,-1.33771821920971e-10,9.22909160113719e-09,0.250538029882699
0.49,0.313157894736842,0.866735236644098,0.242123185355612,-1.17014191928664e-10,0.242123185355554,0.722437483151726,5.87769902069208e-09,-1.17014826024305e-10,5.87769947760875e-09,0.243175762955567
0.49,0.338421052631579,0.841773912776916,0.236826239019041,-1.82068768115923e-10,0.236826239019042,0.717386219991903,3.93741062790134e-09,-1.82068730182399e-10,3.93741125295067e-09,0.235718041683791
0.49,0.363684210526316,0.81633978302214,0.231149538375726,-2.37953461452902e-10,0.231149538375728,0.712209718101847,2.73508455865697e-09,-2.37953831477551e-10,2.73508316095435e-09,0.228180325282364
0.49,0.388947368421053,0.790530366708347,0.225139335067344,-5.27635913910238e-10,0.225139335067345,0.70692164513373,2.04671807044985e-09,-5.27630893756023e-10,2.04671233742593e-09,0.2205709656158
0.49,0.414210526315789,0.764432725838655,0.218836652181974,-1.84825273744874e-10,0.218836652181969,0.701543007996065,1.4221664148249e-09,-1.84815471811846e-10,1.4221877396349e-09,0.212902294032823
0.49,0.439473684210526,0.738107281298253,0.212279333069008,-1.73313932039991e-10,0.212279333069008,0.696091233599839,1.05944124868508e-09,-1.73314057881982e-10,1.05944103099084e-09,0.205184009766015
0.49,0.464736842105263,0.711622978664254,0.205500869656641,-2.64067817715456e-10,0.205500869656641,0.690584432117373,8.21186854308581e-10,-2.64068353711129e-10,8.21188427208106e-10,0.197426297214195
0.49,0.49,0.685038408520444,0.198532577046532,-6.99173097056546e-10,0.198532577046532,0.685038408520444,6.9917322157039e-10,-6.99172662806471e-10,6.99174186947392e-10,0.189635258505506
