<?xml version="1.0" encoding="utf-8"?>
<!-- -*- coding: utf-8;-*- -->
<Infoproblemtype version="1.0">
  <Program>
    <Name>COMPDESMAT</Name>
    <Version>2.0</Version>   
    <MinimumGiDVersion>13.0.1</MinimumGiDVersion>
    <CustomLibAutomatic>0</CustomLibAutomatic>
    <CustomLibNativeGroups>0</CustomLibNativeGroups>
    <ImageFileBrowser></ImageFileBrowser>
    <ShortDescription>Generates a .m file with the relevant information of the model</ShortDescription>
    <Description> Generates a .m file with the relevant information that has been applied into the model. It is valid for 2D and 3D, and it can bee applied
    -Forces
    -Pressures
    -Displacements
    -Volumetric Forces
    -Groups
    -Materials
    </Description>
    <NewsInVersion version="2.0" date="2017-03-10">
      *  Added the 3D volumes
      *  Added the Surface Pressure
      *  Added the Micro condition: Master-Slave condition (For 2D and 3D)
    </NewsInVersion>
    <ValidatePassword></ValidatePassword>
    <MsgcatRoot>resources/msgs</MsgcatRoot>
  </Program>
</Infoproblemtype>
