0.05,4.49514182062521,1.77936040218608,-2.71564602937438,-0.000135389064813904,-2.62325995965399,-1.7793604021861,0.843764168403021,0.000135389064819788,4.49514182062521,0.000135389064814814,0.843764168403025,-1.77936040218611,-2.62325995965399,-0.000135389064820662,-2.71564602937436,4.4951418206252,-1.77936040218608,0.843764168403017,-0.000135389064816977,-2.62325995965399,1.7793604021861,4.49514182062522,0.000135389064817591,-2.71564602937437,1.7793604021861,-2.62325995965398,4.4951418206252,1.77936040218608,-2.71564602937438,-0.000135389064817436,4.4951418206252,0.000135389064813973,0.843764168403036,4.49514182062521,-1.77936040218609,4.49514182062523
0.06,4.47798630441456,1.7691315556762,-2.70760253617081,-0.0012522125676298,-2.60613534084029,-1.76913155567622,0.835751572596379,0.00125221256763139,4.47798630441456,0.00125221256762997,0.835751572596396,-1.76913155567622,-2.60613534084028,-0.00125221256763658,-2.70760253617079,4.47798630441456,-1.7691315556762,0.835751572596379,-0.00125221256763484,-2.60613534084029,1.76913155567622,4.47798630441457,0.00125221256763565,-2.70760253617078,1.76913155567622,-2.60613534084029,4.47798630441455,1.76913155567621,-2.70760253617081,-0.00125221256762974,4.47798630441457,0.00125221256762692,0.83575157259639,4.47798630441453,-1.7691315556762,4.47798630441455
0.07,4.47026154284534,1.76560495575776,-2.70301833085227,-0.00163825623539344,-2.59843372698568,-1.76560495575778,0.831190514992464,0.00163825623540344,4.47026154284537,0.00163825623539638,0.831190514992472,-1.76560495575778,-2.59843372698567,-0.00163825623539846,-2.70301833085224,4.47026154284534,-1.76560495575775,0.831190514992454,-0.00163825623540067,-2.59843372698568,1.76560495575777,4.47026154284537,0.00163825623540002,-2.70301833085225,1.76560495575778,-2.59843372698567,4.47026154284532,1.76560495575775,-2.70301833085227,-0.0016382562353948,4.47026154284536,0.00163825623539577,0.831190514992483,4.47026154284533,-1.76560495575775,4.47026154284538
0.08,4.46486750020498,1.76323776403637,-2.69970037034489,-0.0019293658237705,-2.59305675216279,-1.76323776403639,0.827889622302572,0.00192936582377357,4.46486750020494,0.00192936582376936,0.827889622302584,-1.76323776403639,-2.59305675216279,-0.00192936582377612,-2.69970037034486,4.46486750020494,-1.76323776403636,0.827889622302595,-0.00192936582377234,-2.59305675216279,1.76323776403638,4.46486750020496,0.00192936582377219,-2.69970037034486,1.76323776403639,-2.59305675216278,4.46486750020496,1.76323776403636,-2.69970037034488,-0.00192936582376847,4.46486750020495,0.0019293658237674,0.827889622302592,4.46486750020493,-1.76323776403637,4.46486750020497
0.09,4.43957368645528,1.75151268679183,-2.68505906871817,-0.00300193166783345,-2.56791961696252,-1.75151268606937,0.813404999225255,0.00300193094535708,4.44029680366694,0.00372505597670498,0.813405035884225,-1.75151264303567,-2.56864273417415,-0.00372505525422631,-2.68505910537712,4.44029680366694,-1.75151264231316,0.813405035884222,-0.00372505597670316,-2.56864273417415,1.75151264303566,4.43957368645529,0.00300193166783684,-2.68505906871816,1.75151268606937,-2.56791961696251,4.43957368645527,1.75151268679184,-2.68505906871816,-0.00300193166783065,4.44029680366691,0.00372505597670397,0.813405035884238,4.4402968036669,-1.75151264231315,4.43957368645529
0.1,4.4313899143449,1.74710887914615,-2.68042784547426,-0.00385318608971385,-2.55982276969533,-1.747108882781,0.808860700824575,0.00385318972455079,4.4314541905386,0.00391744972909142,0.808860712368414,-1.74710888015665,-2.55988704588903,-0.00391745336393015,-2.68042785701809,4.43145419053862,-1.74710888379146,0.80886071236842,-0.00391744972909535,-2.55988704588903,1.74710888015665,4.43138991434491,0.0038531860897162,-2.68042784547424,1.747108882781,-2.55982276969532,4.43138991434489,1.74710887914615,-2.68042784547427,-0.00385318608971176,4.43145419053864,0.00391744972908739,0.808860712368428,4.4314541905386,-1.74710888379147,4.4313899143449
0.11,4.4040939988473,1.73266576419368,-2.66544885741541,-0.0059793769142532,-2.53279142613797,-1.73266576451774,0.794146284705927,0.00597937723830258,4.40320628672746,0.00509166047478999,0.79414623703709,-1.73266581618214,-2.53190371401811,-0.00509166079884116,-2.66544880974654,4.40320628672744,-1.73266581650617,0.794146237037091,-0.00509166047479202,-2.53190371401811,1.73266581618214,4.40409399884732,0.00597937691425622,-2.66544885741539,1.73266576451775,-2.53279142613796,4.4040939988473,1.73266576419368,-2.66544885741541,-0.0059793769142485,4.40320628672745,0.00509166047478904,0.794146237037095,4.40320628672743,-1.73266581650616,4.40409399884731
0.12,4.4040939988473,1.73266576419368,-2.66544885741541,-0.0059793769142532,-2.53279142613797,-1.73266576451774,0.794146284705927,0.00597937723830258,4.40320628672746,0.00509166047478999,0.79414623703709,-1.73266581618214,-2.53190371401811,-0.00509166079884116,-2.66544880974654,4.40320628672744,-1.73266581650617,0.794146237037091,-0.00509166047479202,-2.53190371401811,1.73266581618214,4.40409399884732,0.00597937691425622,-2.66544885741539,1.73266576451775,-2.53279142613796,4.4040939988473,1.73266576419368,-2.66544885741541,-0.0059793769142485,4.40320628672745,0.00509166047478904,0.794146237037095,4.40320628672743,-1.73266581650616,4.40409399884731
0.13,4.40015783661515,1.73059091881218,-2.66362664875071,-0.0059402689107036,-2.52896515116791,-1.73059091895382,0.792433963303345,0.00594026905232432,4.39944013176994,0.00522256040937893,0.792433924820399,-1.73059096095123,-2.52824744632265,-0.00522256055099662,-2.66362661026775,4.39944013176991,-1.73059096109282,0.79243392482039,-0.00522256040938131,-2.52824744632266,1.73059096095123,4.40015783661516,0.00594026891070952,-2.6636266487507,1.73059091895382,-2.52896515116791,4.40015783661516,1.73059091881219,-2.66362664875071,-0.00594026891070421,4.39944013176991,0.00522256040938011,0.792433924820395,4.39944013176988,-1.73059096109282,4.40015783661518
0.14,4.35591769056795,1.70349520390771,-2.63824364354963,-0.0141788256602467,-2.4852437949286,-1.70349522135814,0.767569747910173,0.0141788431106624,4.34272522230987,0.000986280583532941,0.767569049855307,-1.70349597878125,-2.47205132667053,-0.00098629803394415,-2.63824294549472,4.34272522230987,-1.70349599623165,0.76756904985529,-0.000986280583536154,-2.47205132667053,1.70349597878125,4.35591769056798,0.0141788256602505,-2.63824364354962,1.70349522135814,-2.4852437949286,4.35591769056791,1.7034952039077,-2.63824364354964,-0.014178825660244,4.34272522230985,0.00098628058352848,0.767569049855302,4.34272522230984,-1.70349599623164,4.35591769056797
0.15,4.3310465574926,1.69502649540499,-2.63046942500281,-0.00555064283195852,-2.46072869081807,-1.69502648965792,0.760151558328152,0.00555063708487309,4.3324008809441,0.0069049812785412,0.760151625538097,-1.69502641319998,-2.46208301426956,-0.00690497553145719,-2.63046949221273,4.33240088094412,-1.69502640745286,0.760151625538094,-0.00690498127854468,-2.46208301426955,1.69502641319998,4.33104655749261,0.00555064283196171,-2.63046942500279,1.69502648965792,-2.46072869081807,4.3310465574926,1.69502649540499,-2.63046942500281,-0.00555064283195738,4.33240088094408,0.0069049812785416,0.760151625538099,4.33240088094408,-1.69502640745286,4.33104655749264
0.16,4.31927349498972,1.69006285799759,-2.62045648737346,-0.0087541496187412,-2.44924691777871,-1.69006285799761,0.750429910162325,0.00875414961874307,4.31927349498971,0.00875414961874512,0.750429910162317,-1.69006285799761,-2.44924691777871,-0.00875414961874457,-2.62045648737344,4.31927349498973,-1.69006285799758,0.750429910162322,-0.0087541496187458,-2.44924691777871,1.69006285799761,4.31927349498973,0.00875414961874394,-2.62045648737345,1.69006285799761,-2.44924691777871,4.31927349498973,1.69006285799759,-2.62045648737346,-0.00875414961874266,4.31927349498972,0.00875414961874173,0.750429910162319,4.31927349498972,-1.69006285799758,4.31927349498971
0.17,4.2768790271852,1.66350345568274,-2.60184146037186,-0.0115341039439969,-2.40779612498431,-1.66350346286941,0.732758558170844,0.0115341111306502,4.27542982883653,0.0100848827260568,0.732758490898621,-1.66350354582425,-2.40634692663561,-0.0100848899127075,-2.60184139309963,4.27542982883654,-1.66350355301087,0.73275849089862,-0.0100848827260556,-2.40634692663561,1.66350354582425,4.2768790271852,0.0115341039440056,-2.60184146037187,1.66350346286941,-2.4077961249843,4.27687902718519,1.66350345568274,-2.60184146037187,-0.0115341039439998,4.27542982883651,0.0100848827260528,0.732758490898622,4.27542982883649,-1.66350355301088,4.27687902718522
0.18,4.26480004978303,1.65789733177085,-2.59626081266438,-0.0106419078434628,-2.39602485946093,-1.65789732927524,0.727485622342187,0.0106419053478449,4.26530573182176,0.0111475978240726,0.727485645861015,-1.65789730031021,-2.39653054149969,-0.0111475953284478,-2.59626083618318,4.26530573182174,-1.65789729781456,0.727485645860997,-0.0111475978240758,-2.3965305414997,1.65789730031021,4.26480004978305,0.0106419078434727,-2.59626081266436,1.65789732927524,-2.39602485946093,4.26480004978299,1.65789733177085,-2.59626081266438,-0.0106419078434666,4.26530573182175,0.0111475978240726,0.727485645861002,4.26530573182177,-1.65789729781456,4.264800049783
0.19,4.24329554340588,1.64778061431305,-2.58345848296761,-0.0120564496454955,-2.37533854736818,-1.64778061079288,0.715501486929759,0.0120564461253058,4.24426487899234,0.0130258011319139,0.715501530376745,-1.6477805549661,-2.3763078829546,-0.0130257976117252,-2.58345852641458,4.24426487899231,-1.64778055144588,0.715501530376733,-0.0130258011319133,-2.37630788295461,1.6477805549661,4.24329554340591,0.0120564496454998,-2.58345848296759,1.64778061079288,-2.37533854736818,4.24329554340589,1.64778061431305,-2.58345848296761,-0.0120564496454956,4.24426487899232,0.0130258011319112,0.715501530376733,4.24426487899232,-1.64778055144589,4.2432955434059
0.2,4.18778280574551,1.61488517543978,-2.55864080171689,-0.0142568280039813,-2.32160684937468,-1.61488517602469,0.692464845345957,0.014256828588877,4.18731886855347,0.0137928838567477,0.692464823757665,-1.61488520398334,-2.32114291218267,-0.0137928844416461,-2.55864078012857,4.1873188685535,-1.61488520456821,0.692464823757657,-0.0137928838567465,-2.32114291218267,1.61488520398334,4.18778280574552,0.014256828003985,-2.55864080171688,1.61488517602469,-2.32160684937467,4.18778280574551,1.61488517543978,-2.5586408017169,-0.0142568280039823,4.18731886855349,0.0137928838567431,0.692464823757651,4.18731886855348,-1.61488520456821,4.18778280574549
0.21,4.18265352833832,1.61229312848684,-2.55701811440603,-0.0133422968864097,-2.31659031456362,-1.61229311704596,0.690954900631201,0.0133422854455151,4.18433314979562,0.0150219614371884,0.690954969489275,-1.61229301653532,-2.31826993602091,-0.0150219499962884,-2.55701818326408,4.18433314979562,-1.61229300509438,0.690954969489271,-0.0150219614371897,-2.31826993602092,1.61229301653531,4.18265352833833,0.0133422968864138,-2.55701811440602,1.61229311704597,-2.31659031456361,4.18265352833833,1.61229312848685,-2.55701811440604,-0.0133422968864115,4.18433314979563,0.0150219614371899,0.69095496948928,4.18433314979562,-1.6122930050944,4.18265352833836
0.22,4.14305455510376,1.59606229342011,-2.53474390180942,-0.0122483871658923,-2.27878262890728,-1.59606226612854,0.670471975612805,0.0122483598743041,4.14797122135702,0.0171651671259309,0.670472183695172,-1.59606197163098,-2.28369929516053,-0.0171651398343384,-2.53474410989178,4.14797122135704,-1.59606194433936,0.670472183695182,-0.0171651671259315,-2.28369929516053,1.59606197163098,4.14305455510379,0.0122483871659002,-2.53474390180941,1.59606226612854,-2.27878262890728,4.14305455510378,1.59606229342012,-2.53474390180941,-0.0122483871658918,4.14797122135703,0.0171651671259327,0.670472183695181,4.14797122135702,-1.59606194433937,4.14305455510377
0.23,4.11733862124089,1.5822610376785,-2.51795477265885,-0.0171228172391031,-2.25448226256789,-1.58226103134303,0.655098413985707,0.0171228109036179,4.11802034060713,0.0178045557970228,0.655098440749782,-1.58226099172279,-2.25516398193414,-0.0178045494615341,-2.51795479942288,4.11802034060712,-1.58226098538727,0.655098440749767,-0.0178045557970235,-2.25516398193414,1.58226099172278,4.1173386212409,0.0171228172391077,-2.51795477265883,1.58226103134303,-2.25448226256788,4.11733862124088,1.5822610376785,-2.51795477265884,-0.017122817239099,4.11802034060714,0.0178045557970254,0.655098440749791,4.11802034060711,-1.58226098538727,4.11733862124091
0.24,4.09515031226601,1.57041648948689,-2.50622188757224,-0.0185119301655823,-2.23344394435482,-1.57041649452829,0.644515519660908,0.0185119352069686,4.09474788514046,0.0181094976898079,0.644515499328084,-1.57041651516991,-2.23304151722922,-0.0181095027311941,-2.5062218672394,4.09474788514045,-1.57041652021127,0.644515499328084,-0.0181094976898079,-2.23304151722922,1.57041651516991,4.09515031226607,0.0185119301655852,-2.50622188757223,1.57041649452829,-2.23344394435481,4.09515031226604,1.57041648948689,-2.50622188757224,-0.018511930165584,4.09474788514045,0.0181094976898048,0.644515499328082,4.09474788514045,-1.57041652021128,4.09515031226605
0.25,4.03609905758921,1.538812226544,-2.47691110562857,-0.02037571049903,-2.17763352690683,-1.5388122414617,0.618445574946053,0.0203757254167143,4.03483656207135,0.0191131653723292,0.618445535709252,-1.53881231538964,-2.17637103138895,-0.0191131802900103,-2.47691106639176,4.03483656207135,-1.5388123303073,0.618445535709258,-0.0191131653723324,-2.17637103138895,1.53881231538964,4.03609905758924,0.0203757104990306,-2.47691110562856,1.5388122414617,-2.17763352690682,4.03609905758919,1.53881222654399,-2.47691110562856,-0.0203757104990279,4.03483656207132,0.0191131653723294,0.618445535709274,4.03483656207136,-1.5388123303073,4.03609905758923
0.26,4.00240713166452,1.52503495524435,-2.45413001315187,-0.0232421919203208,-2.14642906405547,-1.5250349265924,0.5981519455427,0.0232421632683603,4.00494395926525,0.0257791161146753,0.598152025054607,-1.52503477913887,-2.14896589165621,-0.0257790874627102,-2.45413009266374,4.00494395926521,-1.52503475048689,0.598152025054597,-0.0257791161146775,-2.14896589165621,1.52503477913887,4.00240713166454,0.0232421919203239,-2.45413001315185,1.5250349265924,-2.14642906405547,4.00240713166452,1.52503495524435,-2.45413001315187,-0.0232421919203208,4.00494395926527,0.0257791161146746,0.598152025054586,4.00494395926524,-1.52503475048688,4.0024071316645
0.27,3.99270496408976,1.51912260945874,-2.4464207889409,-0.0271615318993876,-2.13775292079218,-1.51912264324957,0.591468745643185,0.0271615656902012,3.98926518938446,0.0237216376083768,0.591468628685557,-1.51912284600207,-2.13431314608684,-0.0237216713991922,-2.44642067198325,3.98926518938441,-1.51912287979286,0.591468628685559,-0.0237216376083826,-2.13431314608685,1.51912284600207,3.99270496408976,0.02716153189939,-2.44642078894087,1.51912264324957,-2.13775292079218,3.99270496408977,1.51912260945874,-2.4464207889409,-0.0271615318993843,3.98926518938446,0.0237216376083717,0.59146862868556,3.98926518938442,-1.51912287979286,3.99270496408977
0.28,3.94556304155204,1.49750588278378,-2.4294532257148,-0.0186040542360714,-2.09356392982083,-1.49750576160121,0.577454113983493,0.0186039330534905,3.9585019070296,0.0315433589935376,0.57745456633627,-1.49750499115114,-2.10650279529839,-0.0315432378109534,-2.42945367806756,3.95850190702958,-1.49750486996853,0.577454566336259,-0.0315433589935373,-2.10650279529839,1.49750499115114,3.94556304155206,0.0186040542360743,-2.4294532257148,1.49750576160121,-2.09356392982083,3.94556304155202,1.49750588278378,-2.42945322571481,-0.0186040542360743,3.9585019070296,0.0315433589935342,0.577454566336257,3.9585019070296,-1.49750486996854,3.94556304155201
0.29,3.90128598166981,1.46607334321665,-2.40610219770577,-0.0291104167416577,-2.0531236145169,-1.46607336722247,0.557939830552737,0.0291104407474569,3.89942030104944,0.0272446513144057,0.557939783030155,-1.46607347554616,-2.05125793389654,-0.0272446753202026,-2.40610215018314,3.8994203010494,-1.46607349955193,0.557939783030137,-0.0272446513144087,-2.05125793389654,1.46607347554615,3.90128598166984,0.0291104167416621,-2.40610219770575,1.46607336722247,-2.05312361451689,3.90128598166979,1.46607334321665,-2.40610219770577,-0.0291104167416533,3.89942030104945,0.0272446513144048,0.557939783030164,3.89942030104942,-1.46607349955193,3.90128598166984
0.3,3.86299434262278,1.44998218693259,-2.38176944884686,-0.031242718979935,-2.01870126692456,-1.44998217479605,0.537476373148526,0.0312427068433722,3.8644734495433,0.0327218920263108,0.537476410354587,-1.4499820836007,-2.02018037384507,-0.032721879889749,-2.38176948605292,3.86447344954328,-1.44998207146412,0.537476410354583,-0.0327218920263129,-2.02018037384508,1.4499820836007,3.86299434262277,0.0312427189799377,-2.38176944884685,1.44998217479605,-2.01870126692455,3.86299434262275,1.4499821869326,-2.38176944884687,-0.0312427189799309,3.8644734495433,0.0327218920263063,0.537476410354585,3.86447344954325,-1.44998207146411,3.86299434262275
0.31,3.8355160428773,1.43359327793662,-2.36765925495004,-0.034263500660787,-1.99382425508263,-1.43359328726654,0.525967467155251,0.0342635099906983,3.83491011908798,0.0336575444165335,0.525967454994532,-1.43359332255231,-1.99321833129332,-0.033657553746439,-2.36765924278929,3.83491011908797,-1.43359333188218,0.525967454994524,-0.0336575444165338,-1.99321833129332,1.43359332255231,3.83551604287731,0.034263500660799,-2.36765925495002,1.43359328726654,-1.99382425508263,3.83551604287728,1.43359327793662,-2.36765925495007,-0.0342635006607927,3.834910119088,0.0336575444165297,0.525967454994535,3.83491011908794,-1.43359333188219,3.8355160428773
0.32,3.78705820420241,1.40881878499292,-2.34061936411381,-0.0376200035849539,-1.95092114826641,-1.40881883650374,0.50448230817766,0.0376200550957621,3.78378060857854,0.0343422086429182,0.504482262163812,-1.40881903032497,-1.94764355264253,-0.0343422601537217,-2.34061931809993,3.78378060857855,-1.40881908183574,0.504482262163799,-0.0343422086429231,-1.94764355264254,1.40881903032497,3.78705820420246,0.0376200035849628,-2.34061936411379,1.40881883650374,-1.9509211482664,3.7870582042024,1.40881878499292,-2.34061936411381,-0.037620003584957,3.78378060857858,0.0343422086429165,0.504482262163808,3.78378060857854,-1.40881908183574,3.7870582042024
0.33,3.75262900557751,1.39150965444,-2.32375046355016,-0.0373689442198983,-1.91982482920126,-1.39150959780752,0.490946287173811,0.0373688875873946,3.7559837376928,0.0407238922250942,0.490946326344346,-1.39150939937958,-1.92317956131654,-0.0407238355925887,-2.32375050272069,3.75598373769282,-1.39150934274705,0.490946326344324,-0.0407238922250956,-1.92317956131655,1.39150939937958,3.75262900557751,0.0373689442199056,-2.32375046355015,1.39150959780752,-1.91982482920126,3.75262900557744,1.39150965444,-2.32375046355017,-0.0373689442198999,3.75598373769277,0.0407238922250924,0.490946326344345,3.75598373769279,-1.39150934274704,3.7526290055775
0.34,3.70697515755353,1.36647083373633,-2.29492553625507,-0.0455787477639718,-1.88017075558982,-1.36647087353459,0.468121134291208,0.0455787875622174,3.70448144917231,0.0430848899788112,0.468121095264733,-1.36647102216672,-1.87767704720855,-0.0430849297770577,-2.29492549722859,3.70448144917231,-1.36647106196494,0.46812109526472,-0.0430848899788114,-1.87767704720855,1.36647102216672,3.70697515755355,0.0455787477639777,-2.29492553625506,1.36647087353459,-1.88017075558981,3.70697515755354,1.36647083373632,-2.29492553625507,-0.0455787477639723,3.70448144917229,0.043084889978811,0.468121095264734,3.70448144917229,-1.36647106196494,3.70697515755356
0.35,3.65360795661186,1.34238962790283,-2.26654859530376,-0.0446697546538659,-1.83458301040412,-1.34238960665432,0.447523649095883,0.0446697334053366,3.65470354306945,0.0457654181795096,0.447523655337227,-1.34238954459348,-1.83567859686172,-0.0457653969309846,-2.26654860154509,3.65470354306949,-1.34238952334492,0.447523655337224,-0.0457654181795125,-1.83567859686173,1.34238954459348,3.65360795661189,0.0446697546538677,-2.26654859530374,1.34238960665432,-1.83458301040411,3.65360795661186,1.34238962790283,-2.26654859530376,-0.0446697546538643,3.65470354306949,0.0457654181795078,0.447523655337218,3.65470354306949,-1.34238952334493,3.65360795661185
0.36,3.64579239403046,1.33837177453109,-2.26144942758692,-0.045971205945587,-1.82792224169145,-1.33837176049802,0.443579275247808,0.0459711919124984,3.64622788758166,0.0464067346424034,0.443579275926676,-1.33837173870662,-1.82835773524264,-0.0464067206093103,-2.26144942826578,3.64622788758162,-1.3383717246735,0.443579275926679,-0.0464067346424034,-1.82835773524264,1.33837173870662,3.64579239403047,0.0459712059455911,-2.2614494275869,1.33837176049802,-1.82792224169144,3.64579239403044,1.3383717745311,-2.26144942758691,-0.0459712059455921,3.64622788758167,0.0464067346424051,0.443579275926683,3.64622788758167,-1.3383717246735,3.64579239403046
0.37,3.59849910924507,1.30848966145865,-2.23725004205444,-0.0527593280988152,-1.78674577854322,-1.3084897390919,0.425496711352458,0.0527594057320409,3.5950188056699,0.049278766890158,0.425496697581138,-1.30848993286349,-1.78326547496805,-0.0492788445233865,-2.2372500282831,3.59501880566992,-1.3084900104967,0.425496697581141,-0.0492787668901597,-1.78326547496806,1.30848993286349,3.59849910924508,0.0527593280988192,-2.23725004205442,1.3084897390919,-1.78674577854322,3.59849910924509,1.30848966145866,-2.23725004205444,-0.0527593280988129,3.59501880566991,0.0492787668901542,0.425496697581143,3.59501880566989,-1.3084900104967,3.59849910924507
0.38,3.5527826565714,1.28766985458588,-2.2097058200173,-0.0554069056315551,-1.74878506564838,-1.28766993092264,0.405708229094151,0.0554069819683059,3.54944688133516,0.052070864213869,0.405708231796813,-1.28767011806467,-1.74544929041211,-0.0520709405506144,-2.20970582271992,3.54944688133515,-1.28767019440139,0.405708231796794,-0.0520708642138705,-1.74544929041211,1.28767011806466,3.55278265657147,0.0554069056315603,-2.2097058200173,1.28766993092264,-1.74878506564838,3.55278265657141,1.28766985458588,-2.20970582001729,-0.0554069056315546,3.54944688133514,0.0520708642138681,0.405708231796794,3.54944688133518,-1.28767019440139,3.55278265657145
0.39,3.50582963265647,1.26308013396458,-2.1886836679938,-0.0540659639853571,-1.70812451522711,-1.26308000067741,0.390978550564285,0.0540658306981825,3.51146593162081,0.0597027551257879,0.390978508090918,-1.26307968426185,-1.71376081419141,-0.059702621838612,-2.18868362552042,3.51146593162078,-1.26307955097464,0.390978508090904,-0.0597027551257885,-1.71376081419141,1.26307968426185,3.5058296326565,0.0540659639853613,-2.18868366799379,1.26308000067742,-1.7081245152271,3.50582963265647,1.26308013396457,-2.18868366799381,-0.0540659639853566,3.51146593162083,0.0597027551257806,0.390978508090912,3.51146593162079,-1.26307955097464,3.50582963265646
0.4,3.4529720054123,1.23120013043281,-2.16046603309886,-0.0613058972295489,-1.66395996556313,-1.23120007508395,0.371453993249571,0.0613058418806826,3.45588004862391,0.0642142001341213,0.371453959261722,-1.23119990472773,-1.66686800877474,-0.0642141447852499,-2.16046599911099,3.45588004862394,-1.23119984937884,0.371453959261732,-0.0642142001341191,-1.66686800877474,1.23119990472773,3.45297200541232,0.0613058972295522,-2.16046603309886,1.23120007508395,-1.66395996556313,3.45297200541232,1.23120013043281,-2.16046603309888,-0.0613058972295496,3.45588004862389,0.064214200134117,0.371453959261719,3.45588004862388,-1.23119984937884,3.4529720054123
0.41,3.42422404982634,1.22114091302115,-2.13702790404311,-0.0660551806768111,-1.64283888157019,-1.22114096510653,0.355642735786787,0.0660552327621789,3.42217396150677,0.064004901289971,0.355642761192597,-1.2211410786826,-1.64078879325056,-0.0640049533753364,-2.13702792944888,3.42217396150673,-1.22114113076793,0.355642761192585,-0.0640049012899724,-1.64078879325057,1.2211410786826,3.42422404982637,0.066055180676819,-2.13702790404309,1.22114096510653,-1.64283888157018,3.42422404982635,1.22114091302115,-2.1370279040431,-0.0660551806768119,3.42217396150676,0.0640049012899698,0.355642761192594,3.42217396150674,-1.22114113076794,3.42422404982639
0.42,3.39951852956289,1.21030881338036,-2.12132100112559,-0.0678886672595684,-1.62346442055915,-1.2103088611778,0.345266892121729,0.0678887150569995,3.3967411671489,0.0651110225759867,0.345266966656569,-1.21030902111511,-1.62068705814512,-0.0651110703734192,-2.12132107566039,3.39674116714885,-1.21030906891251,0.345266966656558,-0.0651110225759895,-1.62068705814513,1.21030902111511,3.3995185295629,0.0678886672595736,-2.12132100112556,1.2103088611778,-1.62346442055915,3.39951852956289,1.21030881338036,-2.12132100112559,-0.0678886672595686,3.39674116714887,0.0651110225759879,0.345266966656558,3.39674116714885,-1.21030906891251,3.39951852956289
0.43,3.33340111635809,1.17193059740534,-2.0898659822041,-0.0716044549416434,-1.57008071235568,-1.17193067921242,0.326545578201575,0.0716045367487137,3.32936838225973,0.0675713186571745,0.326545671045851,-1.17193090674713,-1.56604797825727,-0.067571400464242,-2.08986607504837,3.32936838225968,-1.17193098855417,0.326545671045855,-0.0675713186571756,-1.56604797825727,1.17193090674713,3.33340111635806,0.0716044549416474,-2.08986598220408,1.17193067921242,-1.57008071235568,3.33340111635808,1.17193059740534,-2.0898659822041,-0.0716044549416396,3.32936838225968,0.0675713186571741,0.326545671045862,3.32936838225966,-1.17193098855417,3.33340111635809
0.44,3.28022341075643,1.14504260597436,-2.06115783775205,-0.0740230340918219,-1.52710189999177,-1.14504253891266,0.308036326987246,0.0740229670301104,3.28178283489651,0.0755826435896629,0.308036279013556,-1.14504246859029,-1.52866132413182,-0.0755825765279495,-2.06115778977835,3.28178283489652,-1.14504240152855,0.308036279013545,-0.0755826435896666,-1.52866132413183,1.14504246859029,3.28022341075647,0.0740230340918251,-2.06115783775204,1.14504253891266,-1.52710189999177,3.28022341075645,1.14504260597436,-2.06115783775205,-0.0740230340918216,3.28178283489651,0.0755826435896655,0.308036279013554,3.28178283489651,-1.14504240152855,3.28022341075646
0.45,3.26832682593373,1.1383793437989,-2.05264900486137,-0.0772984230493682,-1.51850667990342,-1.13837939802309,0.302828858830913,0.0772984772735393,3.26523493623685,0.0742061941815007,0.302828962806554,-1.13837957899426,-1.51541479020652,-0.0742062484056733,-2.05264910883699,3.26523493623685,-1.1383796332184,0.302828962806553,-0.0742061941815037,-1.51541479020653,1.13837957899426,3.26832682593377,0.0772984230493715,-2.05264900486135,1.13837939802309,-1.51850667990342,3.26832682593372,1.1383793437989,-2.05264900486137,-0.077298423049368,3.26523493623685,0.0742061941815006,0.302828962806556,3.26523493623683,-1.1383796332184,3.26832682593374
0.46,3.20903364815107,1.11434278247221,-2.01413551669212,-0.0805553399525817,-1.47462102210038,-1.1143427915064,0.279722890641365,0.0805553489867533,3.20865110293797,0.0801727424656448,0.279722912165639,-1.11434281322179,-1.47423847688729,-0.0801727514998133,-2.01413553821641,3.20865110293798,-1.11434282225595,0.27972291216565,-0.0801727424656415,-1.47423847688729,1.11434281322179,3.20903364815103,0.0805553399525824,-2.01413551669212,1.1143427915064,-1.47462102210038,3.20903364815105,1.11434278247221,-2.01413551669213,-0.0805553399525812,3.20865110293792,0.08017274246564,0.279722912165637,3.20865110293797,-1.11434282225594,3.20903364815103
0.47,3.16086499000989,1.08590434586167,-1.99293841903109,-0.0820222310314788,-1.43588805921986,-1.08590433994741,0.267961488240918,0.0820222251171937,3.16262986172074,0.0837873004838891,0.267961406262978,-1.08590423009807,-1.4376529309307,-0.0837872945696031,-1.99293833705313,3.16262986172072,-1.08590422418376,0.267961406262999,-0.0837873004838904,-1.43765293093071,1.08590423009807,3.16086499000986,0.08202223103148,-1.99293841903106,1.08590433994741,-1.43588805921986,3.16086499000989,1.08590434586168,-1.99293841903109,-0.0820222310314752,3.16262986172073,0.0837873004838873,0.267961406262989,3.16262986172067,-1.08590422418375,3.16086499000989
0.48,3.09985632795907,1.05381669578671,-1.95764784391543,-0.0883917700950505,-1.38979594676303,-1.05381671394869,0.247587462719244,0.0883917882570176,3.09863719661301,0.0871724820397042,0.247587529862422,-1.05381678535281,-1.38857681541692,-0.0871725002016712,-1.95764791105859,3.098637196613,-1.05381680351475,0.247587529862411,-0.0871724820397083,-1.38857681541693,1.05381678535281,3.09985632795912,0.0883917700950561,-1.95764784391541,1.05381671394869,-1.38979594676302,3.0998563279591,1.05381669578671,-1.95764784391544,-0.0883917700950507,3.09863719661301,0.0871724820397043,0.247587529862413,3.09863719661301,-1.05381680351475,3.09985632795911
0.49,3.059858319421,1.04018790983437,-1.92782523579456,-0.0918451469925109,-1.36270383145428,-1.04018793663401,0.230670747827711,0.0918451737921449,3.06056340888026,0.0925502931544997,0.230670718437834,-1.04018788252155,-1.36340892091354,-0.0925503199541289,-1.92782520640467,3.06056340888026,-1.04018790932116,0.230670718437833,-0.0925502931545017,-1.36340892091355,1.04018788252155,3.05985831942103,0.0918451469925176,-1.92782523579453,1.04018793663401,-1.36270383145427,3.059858319421,1.04018790983438,-1.92782523579455,-0.0918451469925163,3.06056340888027,0.0925502931545026,0.230670718437824,3.06056340888028,-1.04018790932115,3.05985831942099
0.5,3.02965490869745,1.02151546239984,-1.91538556724769,-0.092753835369537,-1.34025459301111,-1.02151550608027,0.225985251561253,0.0927538790499546,3.02823214951844,0.0913308739373839,0.225985342099019,-1.02151557411525,-1.3388318338321,-0.0913309176177983,-1.91538565778543,3.02823214951841,-1.02151561779564,0.225985342099008,-0.0913308739373844,-1.3388318338321,1.02151557411525,3.02965490869744,0.092753835369545,-1.91538556724766,1.02151550608027,-1.34025459301111,3.0296549086974,1.02151546239985,-1.9153855672477,-0.092753835369537,3.02823214951841,0.0913308739373815,0.225985342099015,3.02823214951839,-1.02151561779564,3.02965490869743
0.51,2.98937896613179,1.01021027246145,-1.88231306240148,-0.0968556903016997,-1.31535509985345,-1.01021021342868,0.208289196123021,0.0968556312689223,2.98950965219493,0.0969864466337391,0.20828916901373,-1.01021022930182,-1.31548578591653,-0.0969863876009588,-1.88231303529217,2.9895096521949,-1.01021017026902,0.208289169013716,-0.0969864466337399,-1.31548578591654,1.01021022930182,2.98937896613183,0.0968556903017092,-1.88231306240147,1.01021021342868,-1.31535509985344,2.98937896613178,1.01021027246145,-1.88231306240148,-0.0968556903017027,2.9895096521949,0.0969864466337387,0.208289169013708,2.98950965219488,-1.01021017026901,2.98937896613179
0.52,2.92363967354728,0.970651989370144,-1.85365990726306,-0.0993277906560692,-1.26525029370194,-0.970651975628252,0.195270527417572,0.099327776914165,2.92184537199977,0.0975332887716798,0.195270630472905,-0.970652086651664,-1.26345599215437,-0.0975332750297814,-1.85366001031836,2.92184537199973,-0.970652072909739,0.195270630472907,-0.0975332887716858,-1.26345599215438,0.970652086651666,2.92363967354732,0.099327790656072,-1.85365990726303,0.970651975628251,-1.26525029370193,2.92363967354734,0.970651989370142,-1.85365990726306,-0.0993277906560688,2.92184537199977,0.0975332887716781,0.195270630472889,2.92184537199974,-0.970652072909737,2.92363967354732
0.53,2.88152108626387,0.952800301147488,-1.82482687981412,-0.103893905859263,-1.23743821599138,-0.952800300590563,0.180744009541512,0.103893905302332,2.8788442715493,0.101216751540075,0.180744201376726,-0.9528004489169,-1.23476140127679,-0.101216750983142,-1.8248270716493,2.87884427154929,-0.952800448359951,0.180744201376728,-0.101216751540078,-1.23476140127679,0.952800448916901,2.8815210862639,0.103893905859268,-1.8248268798141,0.952800300590563,-1.23743821599138,2.88152108626389,0.952800301147484,-1.82482687981412,-0.103893905859262,2.87884427154931,0.101216751540072,0.18074420137672,2.87884427154928,-0.952800448359956,2.88152108626393
0.54,2.83539380439167,0.9287769357279,-1.80278770165945,-0.103828968836743,-1.20405773464059,-0.92877713389554,0.171451631908269,0.103829167004375,2.83552961616715,0.103964636416967,0.171451673942049,-0.928777037889371,-1.20419354641604,-0.103964834584596,-1.80278774369321,2.83552961616714,-0.928777236056986,0.171451673942044,-0.103964636416965,-1.20419354641605,0.928777037889372,2.83539380439169,0.103828968836748,-1.80278770165944,0.92877713389554,-1.20405773464058,2.83539380439166,0.928776935727902,-1.80278770165946,-0.103828968836742,2.83552961616712,0.103964636416962,0.171451673942041,2.83552961616713,-0.928777236056986,2.83539380439169
0.55,2.79664738218808,0.907259117862259,-1.78222934286195,-0.107158920898168,-1.17696536531452,-0.907259118428054,0.162547325988259,0.107158921463951,2.79417930741796,0.104690477359249,0.162547555139444,-0.90725925747987,-1.17449729054436,-0.10469047792503,-1.7822295720131,2.79417930741793,-0.907259258045636,0.162547555139433,-0.104690477359251,-1.17449729054436,0.907259257479869,2.79664738218814,0.107158920898174,-1.78222934286194,0.907259118428053,-1.17696536531452,2.79664738218812,0.907259117862263,-1.78222934286194,-0.10715892089817,2.79417930741792,0.10469047735925,0.162547555139427,2.79417930741795,-0.907259258045635,2.79664738218812
0.56,2.74890872821364,0.892565195837257,-1.74414992237717,-0.112193664179326,-1.14985066721514,-0.892565141657196,0.145091861378582,0.11219360999925,2.74521173656304,0.108496210114952,0.145092159708929,-0.892565359920713,-1.14615367556455,-0.108496155934882,-1.74415022070748,2.74521173656303,-0.89256530574062,0.145092159708926,-0.108496210114957,-1.14615367556455,0.892565359920714,2.74890872821363,0.112193664179328,-1.74414992237715,0.892565141657196,-1.14985066721514,2.74890872821362,0.892565195837263,-1.74414992237716,-0.112193664179328,2.74521173656306,0.108496210114954,0.145092159708913,2.74521173656303,-0.892565305740627,2.7489087282136
0.57,2.71196128733038,0.875418957979839,-1.72266095542967,-0.11388128873609,-1.12418362035027,-0.875419043164693,0.134883288449453,0.113881373920939,2.71057317945727,0.112492915446284,0.134883442110954,-0.875419069735036,-1.12279551247714,-0.112493000631129,-1.72266110909115,2.71057317945727,-0.875419154919869,0.134883442110947,-0.112492915446288,-1.12279551247714,0.875419069735038,2.71196128733043,0.113881288736097,-1.72266095542965,0.875419043164692,-1.12418362035027,2.7119612873304,0.875418957979844,-1.72266095542967,-0.113881288736093,2.7105731794573,0.112492915446281,0.134883442110939,2.71057317945727,-0.875419154919866,2.71196128733038
0.58,2.64760891007276,0.843649518675712,-1.69128560526612,-0.112673799494646,-1.08135635054649,-0.843649505312054,0.125033045739757,0.112673786130986,2.64712753783142,0.112192351159779,0.12503309759901,-0.843649542910002,-1.08087497830516,-0.112192337796115,-1.69128565712537,2.64712753783148,-0.843649529546323,0.125033097599022,-0.11219235115978,-1.08087497830517,0.843649542910003,2.64760891007278,0.112673799494652,-1.69128560526611,0.843649505312054,-1.08135635054649,2.64760891007277,0.843649518675711,-1.69128560526613,-0.112673799494647,2.64712753783146,0.112192351159777,0.125033097599018,2.64712753783144,-0.843649529546325,2.64760891007281
0.59,2.60144387348939,0.824416479535938,-1.66097042035152,-0.116057186144534,-1.05322172558581,-0.824416266993386,0.112748272447852,0.11605697360198,2.60152213908844,0.116135646585897,0.112748200675854,-0.824416356465641,-1.05329999118484,-0.11613543404334,-1.66097034857948,2.60152213908841,-0.824416143923075,0.11274820067583,-0.116135646585896,-1.05329999118484,0.824416356465641,2.60144387348944,0.116057186144542,-1.66097042035151,0.824416266993387,-1.05322172558581,2.60144387348938,0.824416479535937,-1.66097042035152,-0.116057186144536,2.60152213908842,0.116135646585898,0.112748200675838,2.60152213908843,-0.824416143923067,2.60144387348943
0.6,2.56300272159187,0.806118104950275,-1.63951081340441,-0.117373785212203,-1.02851992034146,-0.80611812297537,0.105028012153855,0.11737380323729,2.56251081731866,0.116881795791636,0.105028064345114,-0.80611813790633,-1.02802801606818,-0.116881813816724,-1.63951086559564,2.56251081731868,-0.806118155931409,0.105028064345096,-0.116881795791635,-1.02802801606819,0.80611813790633,2.56300272159198,0.117373785212208,-1.6395108134044,0.806118122975372,-1.02851992034146,2.56300272159193,0.806118104950276,-1.63951081340442,-0.117373785212202,2.56251081731866,0.116881795791632,0.1050280643451,2.56251081731864,-0.806118155931404,2.56300272159193
0.61,2.49860899455575,0.775177482527447,-1.60433366802513,-0.11909782316219,-0.988030395778964,-0.775177503368515,0.0937550692482174,0.119097844003256,2.49590343835055,0.116391751734008,0.0937554553471892,-0.775177611651433,-0.985324839573725,-0.116391772575079,-1.60433405412407,2.49590343835053,-0.77517763249249,0.0937554553471978,-0.116391751734013,-0.985324839573728,0.775177611651435,2.4986089945558,0.119097823162194,-1.6043336680251,0.775177503368515,-0.988030395778962,2.49860899455578,0.775177482527448,-1.60433366802513,-0.11909782316219,2.49590343835055,0.116391751734006,0.0937554553471805,2.49590343835052,-0.775177632492484,2.49860899455578
0.62,2.45840247014595,0.761672925628088,-1.57841727989547,-0.118312300284138,-0.964423259712374,-0.761672889966387,0.0844380694618083,0.118312264622434,2.46157347314359,0.121483912183424,0.0844376094580254,-0.761672776730221,-0.967594262709986,-0.121483876521724,-1.57841681989165,2.46157347314357,-0.761672741068506,0.0844376094580186,-0.121483912183431,-0.967594262709991,0.761672776730221,2.45840247014597,0.118312300284147,-1.57841727989544,0.761672889966388,-0.964423259712371,2.45840247014592,0.761672925628093,-1.57841727989547,-0.118312300284139,2.46157347314359,0.121483912183426,0.0844376094580216,2.46157347314354,-0.761672741068505,2.45840247014595
0.63,2.40256396951515,0.732780481292708,-1.54966152083963,-0.120121752007405,-0.928164806087902,-0.732780696668157,0.0752623574123152,0.120121967382844,2.40331678305743,0.120874543178921,0.0752622919984298,-0.732780569077383,-0.928917619630179,-0.12087475855436,-1.54966145542572,2.40331678305744,-0.732780784452808,0.0752622919984148,-0.120874543178926,-0.928917619630181,0.732780569077383,2.40256396951521,0.120121752007412,-1.5496615208396,0.732780696668156,-0.928164806087899,2.40256396951517,0.732780481292725,-1.54966152083962,-0.120121752007407,2.40331678305746,0.120874543178925,0.0752622919984199,2.40331678305746,-0.732780784452804,2.40256396951514
0.64,2.36730447385421,0.722443765960057,-1.51935721903316,-0.125503647182358,-0.912547104282364,-0.722443607638733,0.0645998494612366,0.125503488861033,2.3638536279257,0.122052269850207,0.0646003345442461,-0.722443812280685,-0.909096258353828,-0.122052111528881,-1.51935770411615,2.36385362792567,-0.72244365395935,0.0646003345442381,-0.12205226985021,-0.909096258353829,0.722443812280685,2.36730447385423,0.125503647182362,-1.51935721903315,0.722443607638733,-0.912547104282362,2.36730447385423,0.722443765960054,-1.51935721903316,-0.125503647182362,2.36385362792568,0.122052269850207,0.0646003345442409,2.36385362792567,-0.722443653959343,2.36730447385418
0.65,2.3247922960319,0.704575149013962,-1.49805420276901,-0.12216297084821,-0.887104258363297,-0.70457512241476,0.0603661651002918,0.122162944249002,2.32573103735327,0.12310193871323,0.0603659886394816,-0.704575098931109,-0.888042999684628,-0.123101912114021,-1.49805402630818,2.32573103735329,-0.704575072331892,0.0603659886394757,-0.12310193871323,-0.888042999684629,0.704575098931109,2.32479229603198,0.122162970848213,-1.498054202769,0.70457512241476,-0.887104258363296,2.32479229603192,0.70457514901397,-1.49805420276901,-0.12216297084821,2.32573103735327,0.12310193871323,0.0603659886394735,2.32573103735324,-0.704575072331888,2.32479229603195
0.66,2.26271016221675,0.678896201858391,-1.45957713304262,-0.124237652525737,-0.853210917831263,-0.678895376648444,0.0500778886570524,0.124236827315787,2.26073177972137,0.122259536079609,0.0500780034639719,-0.678895821002185,-0.851232535335851,-0.122258710869665,-1.45957724784952,2.26073177972134,-0.678894995792227,0.0500780034639895,-0.122259536079615,-0.851232535335852,0.678895821002186,2.26271016221675,0.124237652525738,-1.4595771330426,0.678895376648444,-0.853210917831262,2.26271016221679,0.678896201858395,-1.45957713304261,-0.124237652525736,2.26073177972138,0.122259536079612,0.0500780034639841,2.26073177972134,-0.678894995792234,2.26271016221678
0.67,2.21770876946338,0.657738947205388,-1.43791500769053,-0.12205466835664,-0.824499075259681,-0.657739093416254,0.0447053134867565,0.1220548145675,2.21934963916084,0.123695777121726,0.0447050453566167,-0.657738976267903,-0.826139944957127,-0.123695923332586,-1.43791473956036,2.21934963916085,-0.657739122478758,0.0447050453566173,-0.123695777121729,-0.826139944957127,0.657738976267903,2.2177087694634,0.122054668356645,-1.43791500769052,0.657739093416254,-0.82449907525968,2.21770876946338,0.657738947205395,-1.43791500769052,-0.122054668356641,2.21934963916084,0.123695777121727,0.0447050453566138,2.21934963916083,-0.657739122478759,2.21770876946339
0.68,2.1725571244854,0.645385536005375,-1.40167986094432,-0.125491739493614,-0.804274323558358,-0.645385524047475,0.033397060017248,0.125491727535712,2.17322352491732,0.126158232978876,0.0333969838178497,-0.645385519151462,-0.804940723990293,-0.126158221020971,-1.40167978474489,2.17322352491735,-0.645385507193559,0.0333969838178414,-0.126158232978877,-0.804940723990294,0.645385519151462,2.17255712448542,0.125491739493619,-1.40167986094432,0.645385524047475,-0.804274323558355,2.1725571244854,0.645385536005375,-1.40167986094433,-0.125491739493615,2.17322352491731,0.126158232978873,0.0333969838178371,2.17322352491732,-0.645385507193557,2.17255712448541
0.69,2.11822013947693,0.620675935777253,-1.37692107277298,-0.120622776219607,-0.771416925457057,-0.620676290484345,0.0301178587530826,0.120623130926701,2.12377553799685,0.126179342086215,0.0301166660150194,-0.620675961168642,-0.776972323976973,-0.126179696793306,-1.37691988003489,2.12377553799681,-0.620676315875733,0.0301166660150038,-0.126179342086217,-0.776972323976975,0.620675961168643,2.11822013947695,0.120622776219611,-1.37692107277296,0.620676290484346,-0.771416925457057,2.11822013947692,0.620675935777257,-1.37692107277297,-0.120622776219609,2.12377553799684,0.126179342086216,0.0301166660150059,2.12377553799683,-0.620676315875731,2.11822013947692
0.7,2.06961198935111,0.600779751841114,-1.34390965440974,-0.124922403962337,-0.748065117429636,-0.600779930979061,0.0223627824882138,0.124922583100285,2.06771544498694,0.123025135021256,0.0223633514621616,-0.600779907444038,-0.746168573065425,-0.123025314159202,-1.34391022338368,2.06771544498693,-0.600780086581984,0.0223633514621734,-0.123025135021257,-0.746168573065426,0.600779907444039,2.06961198935113,0.124922403962339,-1.34390965440973,0.600779930979061,-0.748065117429635,2.06961198935113,0.60077975184111,-1.34390965440975,-0.124922403962337,2.06771544498689,0.123025135021255,0.0223633514621529,2.0677154449869,-0.600780086581983,2.06961198935113
0.71,2.03257731612883,0.588257701620371,-1.32045811802693,-0.123861846688885,-0.728450024162885,-0.588257351413029,0.0163308260609475,0.123861496481542,2.03294062309886,0.124225659215221,0.0163305233078714,-0.588257498817134,-0.728813331132891,-0.12422530900788,-1.32045781527384,2.03294062309886,-0.588257148609791,0.0163305233078634,-0.124225659215222,-0.728813331132892,0.588257498817134,2.03257731612884,0.123861846688886,-1.32045811802693,0.58825735141303,-0.728450024162883,2.0325773161288,0.588257701620371,-1.32045811802693,-0.123861846688884,2.03294062309885,0.12422565921522,0.0163305233078591,2.03294062309883,-0.588257148609791,2.03257731612881
0.72,1.96888546083029,0.567406654430721,-1.27662325057694,-0.124855195679078,-0.698362553418851,-0.567407014574284,0.00610034316546972,0.124855555822641,1.97009466426056,0.126064467253393,0.00610010999248911,-0.567406819459644,-0.699571756849103,-0.126064827396956,-1.27662301740394,1.97009466426053,-0.567407179603208,0.0061001099924829,-0.126064467253394,-0.699571756849104,0.567406819459645,1.96888546083028,0.12485519567908,-1.27662325057693,0.567407014574284,-0.698362553418851,1.96888546083029,0.567406654430719,-1.27662325057694,-0.124855195679077,1.97009466426051,0.126064467253396,0.00610010999247789,1.97009466426053,-0.567407179603203,1.96888546083027
0.73,1.9189023129199,0.54835801195283,-1.24866074748709,-0.121882878804549,-0.673874285528793,-0.548358686628259,0.00363272009596691,0.121883553479978,1.9209186170541,0.12389900331344,0.00363257562021226,-0.548358336053867,-0.67589058966296,-0.12389967798887,-1.24866060301133,1.92091861705407,-0.548359010729299,0.00363257562021609,-0.123899003313438,-0.67589058966296,0.548358336053867,1.91890231291989,0.12188287880455,-1.2486607474871,0.548358686628259,-0.673874285528793,1.9189023129199,0.548358011952834,-1.2486607474871,-0.121882878804549,1.92091861705406,0.123899003313439,0.00363257562021051,1.92091861705405,-0.548359010729297,1.91890231291989
0.74,1.88290272552135,0.532983037786471,-1.22711529159936,-0.122804653292273,-0.656757633503866,-0.532982780629709,0.000970199581864409,0.122804396135507,1.88100926519704,0.120910871015024,0.000970619579433056,-0.532982939741905,-0.654864173179596,-0.120910613858261,-1.22711571159691,1.88100926519707,-0.532982682585143,0.000970619579425115,-0.120910871015023,-0.654864173179596,0.532982939741905,1.88290272552139,0.122804653292276,-1.22711529159935,0.532982780629709,-0.656757633503866,1.88290272552137,0.532983037786482,-1.22711529159936,-0.122804653292276,1.88100926519708,0.120910871015022,0.00097061957941528,1.88100926519704,-0.532982682585137,1.88290272552129
0.75,1.83395443434579,0.515292261157823,-1.19492311454862,-0.123739802053396,-0.634362670737973,-0.515291517743749,-0.00466864905917684,0.123739058639317,1.82832970545932,0.118114309941369,-0.00466758659127607,-0.515291961915515,-0.628737941851532,-0.118113566527289,-1.19492417701652,1.82832970545933,-0.515291218501442,-0.00466758659128096,-0.118114309941368,-0.628737941851533,0.515291961915515,1.83395443434579,0.123739802053397,-1.19492311454862,0.515291517743749,-0.634362670737973,1.83395443434577,0.515292261157831,-1.19492311454863,-0.123739802053397,1.82832970545932,0.11811430994137,-0.004667586591283,1.82832970545933,-0.515291218501438,1.83395443434577
0.76,1.77968536436065,0.492409570649042,-1.17208256436683,-0.115192689921475,-0.602493940271293,-0.492410110072349,-0.00510885972253643,0.115193229344788,1.78128147781162,0.116788499942064,-0.00510882837563533,-0.492409842732506,-0.604090053722257,-0.116789039365374,-1.17208259571374,1.78128147781167,-0.492410382155821,-0.00510882837562968,-0.116788499942062,-0.604090053722257,0.492409842732506,1.77968536436066,0.115192689921475,-1.17208256436683,0.49241011007235,-0.602493940271293,1.77968536436065,0.492409570649037,-1.17208256436683,-0.115192689921474,1.78128147781164,0.116788499942062,-0.00510882837563167,1.78128147781163,-0.492410382155822,1.77968536436064
0.77,1.72359229366555,0.477198258304304,-1.1315761239309,-0.114817518295905,-0.580756256163025,-0.477198651438733,-0.011259913571618,0.114817911430335,1.72642804942336,0.117653905134654,-0.0112607073011723,-0.477198420952897,-0.583592011920814,-0.117654298269082,-1.13157533020136,1.72642804942335,-0.47719881408733,-0.0112607073011754,-0.117653905134652,-0.583592011920815,0.477198420952897,1.72359229366558,0.114817518295909,-1.13157612393091,0.477198651438733,-0.580756256163025,1.72359229366556,0.477198258304307,-1.13157612393092,-0.114817518295908,1.72642804942332,0.117653905134653,-0.0112607073011781,1.72642804942334,-0.477198814087326,1.72359229366551
0.78,1.67892958224577,0.458847151878514,-1.1058514502666,-0.114231939601043,-0.558838800902185,-0.458846192378116,-0.014239331076984,0.114230980100647,1.67869539344611,0.113998540684347,-0.0142396179436212,-0.458846648862196,-0.558604612102536,-0.113997581183951,-1.10585116339996,1.6786953934461,-0.458845689361803,-0.0142396179436156,-0.113998540684348,-0.558604612102536,0.458846648862197,1.67892958224578,0.114231939601043,-1.10585145026659,0.458846192378116,-0.558838800902186,1.67892958224574,0.458847151878516,-1.1058514502666,-0.114231939601042,1.67869539344613,0.113998540684349,-0.0142396179436321,1.6786953934461,-0.4588456893618,1.67892958224574
0.79,1.64020736257616,0.450840144434667,-1.07274384909996,-0.116624007965912,-0.546780248302688,-0.45083950551029,-0.0206832651735274,0.116623369041533,1.63809964481629,0.114516035046656,-0.0206827028260434,-0.450839837246583,-0.544672530542825,-0.114515396122277,-1.07274441144744,1.63809964481632,-0.45083919832221,-0.0206827028260495,-0.114516035046655,-0.544672530542826,0.450839837246584,1.64020736257616,0.116624007965912,-1.07274384909997,0.45083950551029,-0.546780248302688,1.64020736257614,0.45084014443467,-1.07274384909997,-0.116624007965911,1.63809964481629,0.114516035046653,-0.0206827028260495,1.6380996448163,-0.450839198322205,1.64020736257614
0.8,1.58744986089241,0.43368484416987,-1.04338857445789,-0.110375145130912,-0.522767376618803,-0.43368614130359,-0.0212939098157123,0.110376442264639,1.59141254506728,0.114338109010013,-0.0212948173524319,-0.433685472002351,-0.526730060793672,-0.114339406143741,-1.04338766692117,1.59141254506729,-0.433686769136083,-0.0212948173524332,-0.114338109010013,-0.526730060793672,0.433685472002351,1.58744986089238,0.110375145130914,-1.04338857445789,0.43368614130359,-0.522767376618804,1.58744986089238,0.433684844169866,-1.0433885744579,-0.11037514513091,1.59141254506727,0.114338109010011,-0.0212948173524295,1.59141254506724,-0.433686769136077,1.5874498608924
0.81,1.51814991039321,0.408024843778776,-1.0019177852054,-0.108207914024533,-0.492209669993266,-0.408024211163318,-0.0240224551945914,0.108207281409076,1.51664198132224,0.106699807695403,-0.024021972271791,-0.408024538114106,-0.490701740922269,-0.106699175079948,-1.00191826812819,1.51664198132227,-0.408023905498653,-0.0240219722717926,-0.106699807695406,-0.490701740922268,0.408024538114106,1.51814991039324,0.10820791402453,-1.0019177852054,0.408024211163318,-0.492209669993266,1.51814991039328,0.408024843778781,-1.0019177852054,-0.108207914024531,1.51664198132227,0.106699807695405,-0.0240219722718009,1.51664198132223,-0.408023905498651,1.51814991039324
0.82,1.46909826938452,0.395495519439824,-0.967850877964806,-0.105751437410201,-0.473563320231548,-0.395495954009471,-0.0276840711881329,0.105751871979853,1.4712823073496,0.107936080079449,-0.0276848912379694,-0.395495734785543,-0.47574735819668,-0.107936514649102,-0.96785005791497,1.47128230734962,-0.395496169355199,-0.0276848912379723,-0.107936080079449,-0.47574735819668,0.395495734785543,1.46909826938451,0.105751437410203,-0.967850877964802,0.395495954009471,-0.473563320231548,1.46909826938448,0.395495519439828,-0.967850877964801,-0.105751437410201,1.47128230734962,0.10793608007945,-0.0276848912379668,1.47128230734962,-0.395496169355196,1.46909826938449
0.83,1.44188696536347,0.38949278132753,-0.9460443404057,-0.106348853659516,-0.466055887065979,-0.389493771298244,-0.0297867378917771,0.106349843630231,1.44264790698821,0.107108532701751,-0.0297859780315253,-0.389493284049797,-0.466816828690743,-0.107109522672462,-0.946045100265965,1.44264790698826,-0.389494274020513,-0.029785978031525,-0.107108532701747,-0.466816828690742,0.389493284049797,1.44188696536348,0.106348853659518,-0.946044340405711,0.389493771298244,-0.466055887065979,1.44188696536348,0.389492781327532,-0.946044340405701,-0.106348853659515,1.44264790698822,0.107108532701749,-0.0297859780315301,1.44264790698825,-0.389494274020508,1.44188696536344
0.84,1.38220639424602,0.366549876322779,-0.914754630139969,-0.100901848982673,-0.439886747759584,-0.36654991512336,-0.0275650163464478,0.100901887783255,1.38087630418239,0.0995713005366512,-0.0275645822460665,-0.36654990060477,-0.438556657695941,-0.0995713393372318,-0.914755064240363,1.38087630418238,-0.366549939405356,-0.0275645822460663,-0.0995713005366504,-0.438556657695941,0.36654990060477,1.38220639424601,0.100901848982671,-0.914754630139971,0.366549915123359,-0.439886747759584,1.38220639424603,0.366549876322778,-0.91475463013997,-0.100901848982674,1.38087630418236,0.0995713005366511,-0.027564582246076,1.38087630418238,-0.366549939405355,1.38220639424599
0.85,1.32770309067709,0.351903771849996,-0.878208837672401,-0.0975898716799926,-0.419103673513611,-0.351904381324683,-0.0303905794910677,0.0975904811546827,1.32878343484768,0.0986703085311312,-0.0303909772320229,-0.351904076910409,-0.420184017684212,-0.0986709180058189,-0.878208439931444,1.3287834348477,-0.351904686385105,-0.0303909772320297,-0.0986703085311292,-0.420184017684212,0.351904076910409,1.3277030906771,0.0975898716799925,-0.878208837672405,0.351904381324683,-0.419103673513612,1.32770309067707,0.351903771849993,-0.878208837672399,-0.097589871679992,1.32878343484768,0.0986703085311306,-0.0303909772320191,1.32878343484769,-0.351904686385102,1.3277030906771
0.86,1.28147962190245,0.337328686657935,-0.84704906976363,-0.0971023748186158,-0.40091178223112,-0.33732817732018,-0.0335187699076804,0.0971018654808624,1.27971707332202,0.095339537963138,-0.0335182298354929,-0.337328434860822,-0.399149233650714,-0.0953390286253829,-0.847049609835815,1.27971707332204,-0.337327925523068,-0.0335182298354938,-0.0953395379631378,-0.399149233650714,0.337328434860823,1.28147962190245,0.0971023748186168,-0.847049069763634,0.33732817732018,-0.40091178223112,1.28147962190243,0.337328686657935,-0.847049069763634,-0.0971023748186167,1.27971707332201,0.0953395379631372,-0.0335182298354943,1.27971707332202,-0.337327925523068,1.28147962190244
0.87,1.23578248438352,0.325996521078897,-0.817512500104954,-0.0922720638503088,-0.384794182869766,-0.325997920428256,-0.0334758014088029,0.0922734631996717,1.23845108236824,0.0949432798047479,-0.0334791049233805,-0.325997206623772,-0.387462780854504,-0.0949446791541088,-0.817509196590377,1.23845108236825,-0.325998605973137,-0.0334791049233869,-0.0949432798047487,-0.387462780854503,0.325997206623772,1.23578248438355,0.0922720638503089,-0.817512500104952,0.325997920428257,-0.384794182869767,1.23578248438353,0.325996521078895,-0.817512500104955,-0.0922720638503086,1.23845108236828,0.0949432798047468,-0.0334791049233746,1.23845108236828,-0.325998605973136,1.23578248438353
0.88,1.19548534890491,0.315216882836942,-0.788860909289285,-0.0914086237440012,-0.374210357760324,-0.315215815871625,-0.0324140818553011,0.0914075567786901,1.19411265398552,0.0900359306800657,-0.0324135499327187,-0.315216349058876,-0.372837662840914,-0.0900348637147534,-0.788861441211869,1.19411265398553,-0.315215282093569,-0.0324135499327186,-0.0900359306800646,-0.372837662840914,0.315216349058876,1.19548534890494,0.0914086237440019,-0.788860909289294,0.315215815871625,-0.374210357760324,1.19548534890492,0.315216882836941,-0.788860909289284,-0.0914086237439999,1.19411265398552,0.0900359306800651,-0.032413549932715,1.19411265398555,-0.315215282093568,1.19548534890495
0.89,1.14565462505437,0.304115815021659,-0.750982377971276,-0.090557750447856,-0.360731377032612,-0.304114496635239,-0.0339408700504808,0.0905564320614365,1.14308094428481,0.0879841839656659,-0.0339403261610397,-0.30411515684483,-0.358157696263048,-0.0879828655792492,-0.750982921860723,1.1430809442848,-0.304113838458417,-0.0339403261610347,-0.0879841839656655,-0.358157696263048,0.30411515684483,1.14565462505438,0.0905577504478538,-0.750982377971284,0.304114496635239,-0.360731377032611,1.14565462505438,0.304115815021655,-0.750982377971277,-0.0905577504478527,1.14308094428481,0.0879841839656677,-0.0339403261610301,1.14308094428484,-0.304113838458418,1.14565462505438
0.9,1.08777813942671,0.287667020353755,-0.714596384104601,-0.0855135063535628,-0.33698382311171,-0.287668248968534,-0.0361979322103837,0.0855147349683473,1.08817882509581,0.085912998273576,-0.0361973554183007,-0.287667637310739,-0.337384508780799,-0.0859142268883583,-0.714596960896678,1.08817882509581,-0.28766886592553,-0.0361973554183056,-0.0859129982735752,-0.337384508780799,0.287667637310739,1.08777813942673,0.0855135063535632,-0.714596384104599,0.287668248968534,-0.336983823111711,1.08777813942671,0.287667020353757,-0.71459638410459,-0.0855135063535612,1.0881788250958,0.0859129982735775,-0.0361973554183022,1.08817882509582,-0.287668865925525,1.08777813942671
0.91,1.03330733279252,0.27349860943912,-0.67769691734321,-0.0821122281002796,-0.320619281366309,-0.27349818734902,-0.0349911340829917,0.0821118060101794,1.03299686724652,0.0818008265313845,-0.034989986837167,-0.273498398216197,-0.320308815820317,-0.081800404441286,-0.677698064589028,1.03299686724653,-0.273497976126103,-0.0349899868371695,-0.0818008265313859,-0.320308815820317,0.273498398216197,1.03330733279253,0.0821122281002788,-0.677696917343214,0.27349818734902,-0.320619281366309,1.03330733279251,0.27349860943912,-0.677696917343206,-0.0821122281002771,1.03299686724651,0.0818008265313856,-0.0349899868371775,1.03299686724653,-0.273497976126098,1.03330733279249
0.92,0.989892848595525,0.26291102711228,-0.646495867632553,-0.0804881504033119,-0.309131915156272,-0.262908830559623,-0.0342650658066539,0.0804859538506553,0.986513086898159,0.0771082977203796,-0.0342638766170916,-0.262909928908288,-0.305752153458926,-0.0771061011677252,-0.646497056822129,0.986513086898187,-0.262907732355635,-0.0342638766170826,-0.0771082977203775,-0.305752153458926,0.262909928908288,0.989892848595504,0.0804881504033098,-0.646495867632552,0.262908830559623,-0.309131915156272,0.98989284859553,0.262911027112284,-0.646495867632556,-0.080488150403309,0.986513086898175,0.0771082977203776,-0.0342638766170935,0.986513086898147,-0.262907732355634,0.989892848595477
0.93,0.943875372940091,0.250952105410085,-0.616843715932403,-0.0760791021506721,-0.293086463733928,-0.250952554856979,-0.0339451932737265,0.0760795515975645,0.94361773201316,0.0758201778612739,-0.0339441342703871,-0.250952329769244,-0.292828822807019,-0.0758206273081646,-0.616844774935738,0.943617732013166,-0.250952779216141,-0.0339441342703869,-0.075820177861273,-0.292828822807019,0.250952329769244,0.943875372940091,0.0760791021506711,-0.616843715932411,0.250952554856979,-0.293086463733929,0.943875372940082,0.250952105410087,-0.616843715932406,-0.076079102150671,0.943617732013161,0.0758201778612738,-0.033944134270392,0.943617732013174,-0.250952779216141,0.943875372940062
0.94,0.904619131827884,0.24564031913794,-0.582749195251395,-0.0762298306027054,-0.284428752352495,-0.245640105973765,-0.0374411842239668,0.0762296174385333,0.904826594889586,0.0764374576219198,-0.0374412404211596,-0.245640211377611,-0.284636215414198,-0.0764372444577464,-0.58274913905422,0.904826594889594,-0.245639998213438,-0.0374412404211499,-0.0764374576219196,-0.284636215414197,0.245640211377612,0.90461913182789,0.0762298306027053,-0.582749195251398,0.245640105973765,-0.284428752352495,0.904619131827919,0.245640319137938,-0.582749195251397,-0.076229830602706,0.904826594889591,0.0764374576219197,-0.0374412404211599,0.904826594889602,-0.245639998213441,0.904619131827881
0.95,0.851082775264644,0.231339597486791,-0.549501557558442,-0.0702373809071747,-0.265672523873315,-0.231343836799017,-0.0359086938328747,0.0702416202194026,0.855392515319546,0.0745464581512791,-0.03591014957807,-0.23134171604278,-0.269982263928219,-0.0745506974635076,-0.549500101813256,0.855392515319579,-0.231345955355012,-0.0359101495780642,-0.0745464581512781,-0.269982263928218,0.23134171604278,0.85108277526465,0.0702373809071734,-0.54950155755845,0.231343836799017,-0.265672523873315,0.851082775264669,0.231339597486786,-0.549501557558445,-0.0702373809071739,0.855392515319527,0.0745464581512793,-0.0359101495780698,0.855392515319553,-0.231345955355012,0.851082775264629
