0,0.470904997056037,0.170013810951306,-0.281914448423577,-7.97498432687782e-07,-0.278713490592067,-0.204792711092551,0.0928959221838078,7.974984340825e-07,0.470904997056038,7.97498434838839e-07,0.092895922183804,-0.204792711092551,-0.278713490592071,-7.97498433888211e-07,-0.281914448423574,0.470904997056033,-0.170013810951304,0.0928959221838076,-7.97498433527388e-07,-0.27871349059207,0.204792711092551,0.470904997056036,7.97498433055543e-07,-0.281914448423574,0.20479271109255,-0.27871349059207,0.470904997056037,0.170013810951306,-0.281914448423577,-7.97498435255173e-07,0.470904997056035,7.97498434336637e-07,0.0928959221838051,0.470904997056036,-0.170013810951307,0.470904997056041
0.05,0.469046851836549,0.169051100505539,-0.280985542526129,-3.45737428055354e-05,-0.276865939293265,-0.20382933503556,0.0919776655768712,3.45737428073586e-05,0.469046851838235,3.4573744805734e-05,0.0919776655768711,-0.203829335035562,-0.276865939295369,-3.45737448060185e-05,-0.280985542526126,0.469046851838235,-0.169051100505537,0.0919776655768736,-3.45737448051719e-05,-0.276865939295366,0.20382933503556,0.469046851836552,3.45737428071521e-05,-0.280985542526126,0.203829335035563,-0.276865939293266,0.469046851836554,0.169051100505537,-0.280985542526127,-3.45737428081166e-05,0.469046851838236,3.45737448058251e-05,0.09197766557687,0.469046851838235,-0.169051100505539,0.469046851836556
0.1,0.46079751086889,0.164803357473081,-0.276571183602927,-0.000449591702229579,-0.268690416996984,-0.199576732623372,0.0876374706965364,0.000449591702230058,0.460797520453461,0.000449601414690817,0.0876374706965365,-0.199576732623374,-0.268690426706343,-0.00044960141469215,-0.276571183602925,0.460797520453458,-0.164803357473082,0.0876374706965361,-0.000449601414691511,-0.26869042670634,0.199576732623373,0.460797510868893,0.000449591702230755,-0.276571183602923,0.199576732623374,-0.268690416996984,0.460797510868893,0.164803357473083,-0.276571183602925,-0.000449591702230363,0.46079752045346,0.00044960141469367,0.0876374706965325,0.460797520453461,-0.164803357473083,0.460797510868892
0.15,0.448272652558801,0.158099433651097,-0.269929799917862,-0.00127760179258983,-0.256410311489262,-0.192856563709334,0.0812419630238295,0.00127760179259233,0.448272933777813,0.00127788327411951,0.0812419630238308,-0.192856563709334,-0.256410592911797,-0.00127788327412201,-0.269929799917862,0.448272933777807,-0.158099433651097,0.0812419630238303,-0.00127788327412191,-0.2564105929118,0.192856563709335,0.448272652558799,0.00127760179259127,-0.269929799917862,0.192856563709334,-0.256410311489265,0.448272652558802,0.158099433651097,-0.269929799917861,-0.00127760179259243,0.448272933777806,0.00127788327412094,0.0812419630238278,0.448272933777809,-0.158099433651098,0.448272652558798
0.2,0.43291640550879,0.150100043407368,-0.261794723230595,-0.00207328678698928,-0.241617572450126,-0.184819660758078,0.0736729766025995,0.00207328678698924,0.432916559961478,0.00207344200824692,0.0736729766025998,-0.184819660758079,-0.241617727667366,-0.00207344200824671,-0.261794723230594,0.432916559961472,-0.150100043407368,0.0736729766025993,-0.00207344200824762,-0.241617727667366,0.18481966075808,0.432916405508788,0.00207328678698953,-0.261794723230595,0.18481966075808,-0.241617572450127,0.43291640550879,0.150100043407368,-0.261794723230595,-0.00207328678699105,0.432916559961473,0.00207344200824694,0.0736729766025971,0.432916559961474,-0.150100043407369,0.432916405508788
0.25,0.41460766349301,0.140407236967914,-0.252105533576394,-0.00318059982833515,-0.224440430458116,-0.175053174384408,0.0651209481612783,0.00318059982833574,0.414608283702806,0.00318122218338544,0.0651209481612772,-0.175053174384409,-0.224441052549502,-0.00318122218338655,-0.252105533576393,0.414608283702804,-0.140407236967915,0.0651209481612789,-0.00318122218338618,-0.224441052549502,0.17505317438441,0.414607663493005,0.00318059982833381,-0.252105533576394,0.175053174384409,-0.224440430458117,0.414607663493009,0.140407236967913,-0.252105533576395,-0.00318059982833383,0.414608283702808,0.00318122218338501,0.0651209481612791,0.414608283702805,-0.140407236967914,0.41460766349301
0.3,0.394200422654287,0.129691977858639,-0.241078861354711,-0.00457127406090726,-0.205944418890605,-0.164215884964359,0.0560155681351124,0.00457127406090841,0.394200789612674,0.00457164291025471,0.0560155681351116,-0.16421588496436,-0.205944787410398,-0.00457164291025485,-0.241078861354709,0.394200789612673,-0.129691977858637,0.0560155681351101,-0.00457164291025451,-0.205944787410397,0.164215884964359,0.394200422654285,0.00457127406090913,-0.241078861354709,0.164215884964361,-0.205944418890604,0.394200422654286,0.129691977858637,-0.241078861354708,-0.00457127406090933,0.394200789612672,0.00457164291025451,0.0560155681351103,0.394200789612675,-0.129691977858639,0.394200422654288
0.35,0.373055741170238,0.118874036227056,-0.229258983175045,-0.00614267080774122,-0.187702296964329,-0.153223523332669,0.0471161506641284,0.0061426708077431,0.373056604719051,0.00614353903989864,0.0471161506641266,-0.153223523332669,-0.187703163639458,-0.00614353903989869,-0.229258983175042,0.373056604719047,-0.118874036227055,0.0471161506641291,-0.00614353903989945,-0.187703163639459,0.15322352333267,0.373055741170235,0.00614267080774135,-0.229258983175043,0.153223523332669,-0.187702296964333,0.373055741170236,0.118874036227054,-0.229258983175044,-0.00614267080774408,0.373056604719047,0.00614353903989895,0.0471161506641275,0.373056604719048,-0.118874036227056,0.373055741170238
0.4,0.350070405228689,0.107129836236011,-0.216434254322631,-0.00783157457938835,-0.168851146719118,-0.141240129729745,0.0384541798089434,0.00783157457938972,0.350070970892424,0.0078321446140836,0.0384541798089444,-0.141240129729744,-0.168851715741383,-0.00783214461408398,-0.216434254322632,0.350070970892421,-0.107129836236013,0.0384541798089445,-0.0078321446140855,-0.168851715741386,0.141240129729747,0.350070405228684,0.00783157457938629,-0.216434254322631,0.141240129729743,-0.168851146719118,0.350070405228683,0.107129836236011,-0.216434254322634,-0.00783157457938707,0.350070970892418,0.00783214461408356,0.0384541798089438,0.350070970892419,-0.10712983623601,0.350070405228682
0.45,0.326428052388181,0.0953319289415463,-0.202960999030521,-0.00958180986724102,-0.150637396582415,-0.129154165499036,0.0304547318810692,0.0095818098672432,0.326428791930246,0.00958254981476346,0.0304547318810675,-0.129154165499037,-0.150638129167518,-0.00958254981476479,-0.20296099903052,0.326428791930241,-0.0953319289415458,0.0304547318810658,-0.00958254981476505,-0.150638129167517,0.129154165499037,0.326428052388179,0.00958180986724297,-0.202960999030521,0.129154165499037,-0.150637396582416,0.326428052388178,0.0953319289415459,-0.202960999030522,-0.00958180986724259,0.326428791930244,0.00958254981476374,0.0304547318810666,0.326428791930249,-0.0953319289415479,0.326428052388178
0.5,0.302374321030244,0.0840184607819763,-0.188826006370043,-0.0111070315834434,-0.133435570123226,-0.117510859002869,0.0232404970857762,0.0111070315834448,0.302375082846877,0.0111077979521627,0.0232404970857747,-0.117510859002869,-0.133436331552187,-0.0111077979521628,-0.188826006370042,0.302375082846879,-0.0840184607819753,0.0232404970857727,-0.0111077979521631,-0.133436331552186,0.117510859002867,0.302374321030245,0.0111070315834448,-0.188826006370041,0.117510859002871,-0.133435570123226,0.302374321030245,0.0840184607819748,-0.188826006370041,-0.0111070315834455,0.302375082846879,0.0111077979521647,0.0232404970857731,0.302375082846882,-0.0840184607819769,0.302374321030247
0.55,0.2776368985255,0.0726732203265263,-0.17436209552765,-0.0123018040511676,-0.116919864123437,-0.105817931322965,0.0170999033695639,0.0123018040511674,0.277637591639814,0.0123024893358626,0.017099903369562,-0.105817931322966,-0.116920533578711,-0.0123024893358629,-0.174362095527646,0.277637591639809,-0.0726732203265238,0.0170999033695611,-0.0123024893358617,-0.116920533578711,0.105817931322964,0.277636898525498,0.0123018040511685,-0.174362095527646,0.105817931322966,-0.116919864123438,0.277636898525501,0.0726732203265245,-0.174362095527648,-0.01230180405117,0.277637591639812,0.0123024893358626,0.0170999033695587,0.277637591639814,-0.0726732203265271,0.277636898525501
0.6,0.252212808480703,0.0616261234082232,-0.159297150000033,-0.013092768236308,-0.101193746523417,-0.0944167862816582,0.0118809549437075,0.0130927682363096,0.252213508899315,0.0130934557929749,0.011880954943705,-0.0944167862816599,-0.101194413422381,-0.0130934557929742,-0.159297150000032,0.252213508899312,-0.0616261234082237,0.0118809549437061,-0.0130934557929746,-0.101194413422379,0.094416786281661,0.2522128084807,0.0130927682363083,-0.159297150000033,0.0944167862816593,-0.101193746523416,0.252212808480701,0.0616261234082226,-0.159297150000036,-0.0130927682363093,0.252213508899314,0.0130934557929742,0.0118809549437064,0.252213508899317,-0.0616261234082248,0.252212808480705
0.65,0.226926554539881,0.0514437427380496,-0.143913344531559,-0.0134117566939791,-0.086896423379412,-0.0839370638476283,0.00770531001894585,0.0134117566939765,0.226927295061451,0.0134124757956766,0.00770531001894426,-0.0839370638476289,-0.0868971142709317,-0.0134124757956761,-0.143913344531556,0.226927295061443,-0.0514437427380504,0.00770531001894458,-0.013412475795677,-0.0868971142709341,0.0839370638476298,0.226926554539875,0.0134117566939778,-0.143913344531556,0.0839370638476302,-0.0868964233794158,0.22692655453988,0.0514437427380497,-0.143913344531559,-0.0134117566939802,0.22692729506145,0.0134124757956763,0.00770531001894263,0.226927295061446,-0.0514437427380514,0.226926554539877
0.7,0.200947393043816,0.0416296248365062,-0.127971800934203,-0.0131397135626935,-0.0734409007179684,-0.0738928442063052,0.00461459479881716,0.0131397135626931,0.200948094950559,0.0131403779422328,0.00461459479881417,-0.0738928442063072,-0.0734415238491749,-0.0131403779422327,-0.127971800934203,0.200948094950551,-0.0416296248365056,0.00461459479881304,-0.0131403779422324,-0.0734415238491776,0.0738928442063078,0.200947393043805,0.013139713562692,-0.127971800934203,0.0738928442063056,-0.0734409007179701,0.200947393043809,0.0416296248365058,-0.127971800934204,-0.0131397135626939,0.200948094950556,0.0131403779422319,0.004614594798816,0.200948094950561,-0.0416296248365073,0.200947393043811
0.75,0.174825698351526,0.0323836969133872,-0.111678279787885,-0.0123345920150345,-0.0611009374213321,-0.0645872073334677,0.00260826821971592,0.0123345920150354,0.17482635393691,0.0123351931944719,0.00260826821971235,-0.064587207333469,-0.0611014852181586,-0.0123351931944736,-0.111678279787883,0.1748263539369,-0.0323836969133864,0.00260826821971263,-0.0123351931944716,-0.0611014852181582,0.0645872073334689,0.17482569835152,0.0123345920150336,-0.111678279787882,0.0645872073334675,-0.061100937421334,0.174825698351526,0.0323836969133879,-0.111678279787884,-0.0123345920150367,0.174826353936907,0.0123351931944734,0.00260826821971397,0.174826353936905,-0.0323836969133901,0.174825698351526
0.8,0.148824162097165,0.0240540979016637,-0.0945156674350449,-0.0112446148620287,-0.050227080594248,-0.0565609660446444,0.00143128336972791,0.0112446148620297,0.148824903682074,0.0112452808659308,0.0014312833697255,-0.0565609660446459,-0.050227674584597,-0.0112452808659292,-0.0945156674350432,0.148824903682069,-0.0240540979016634,0.0014312833697252,-0.0112452808659299,-0.0502276745845948,0.0565609660446471,0.148824162097157,0.0112446148620286,-0.0945156674350454,0.0565609660446442,-0.0502270805942472,0.148824162097155,0.0240540979016613,-0.0945156674350473,-0.0112446148620277,0.14882490368207,0.0112452808659277,0.00143128336972471,0.148824903682074,-0.0240540979016636,0.148824162097161
0.85,0.123227795502132,0.0161949066123453,-0.0769543209807446,-0.00978906417011715,-0.0405538426244431,-0.0496864376898333,0.00136784865418393,0.00978906417011668,0.123228447872731,0.00978962186405698,0.00136784865418424,-0.0496864376898341,-0.0405543139432581,-0.00978962186405824,-0.0769543209807451,0.123228447872728,-0.0161949066123445,0.00136784865418326,-0.00978962186405832,-0.0405543139432638,0.0496864376898328,0.123227795502125,0.00978906417011718,-0.0769543209807451,0.0496864376898336,-0.0405538426244463,0.123227795502131,0.0161949066123455,-0.0769543209807439,-0.00978906417011907,0.123228447872731,0.00978962186405741,0.00136784865418396,0.123228447872733,-0.0161949066123458,0.123227795502128
0.9,0.0982580344081667,0.00830910193452435,-0.0583272530795701,-0.00822593023584987,-0.0317413744826331,-0.0444353539509786,0.0024758502472569,0.00822593023585065,0.0982586781225087,0.00822641856578525,0.00247585024725723,-0.0444353539509765,-0.0317417290146205,-0.00822641856578587,-0.0583272530795703,0.0982586781225119,-0.00830910193452323,0.00247585024725577,-0.00822641856578375,-0.0317417290146203,0.0444353539509783,0.0982580344081653,0.00822593023584812,-0.0583272530795702,0.0444353539509764,-0.0317413744826302,0.0982580344081674,0.00830910193452462,-0.0583272530795692,-0.00822593023584906,0.0982586781225085,0.0082264185657863,0.00247585024725784,0.0982586781225091,-0.00830910193452559,0.0982580344081654
0.95,0.0762753025403028,-0.000987349453821373,-0.0372871761859424,-0.0068098493357895,-0.0226956187484971,-0.0427348376487515,0.00631657263153457,0.00680984933579154,0.0762760259543683,0.0068103211908314,0.00631657263153421,-0.0427348376487527,-0.0226958678348892,-0.00681032119083008,-0.0372871761859423,0.0762760259543705,0.000987349453821259,0.00631657263153319,-0.0068103211908286,-0.0226958678348849,0.0427348376487547,0.0762753025403009,0.00680984933579118,-0.0372871761859417,0.0427348376487546,-0.0226956187484943,0.0762753025403034,-0.000987349453823847,-0.0372871761859416,-0.00680984933578739,0.076276025954371,0.00681032119082966,0.00631657263153259,0.0762760259543722,0.000987349453821933,0.0762753025403057
