-1.38066866216792,1.61665534017899,0.38418006229423,0.100165317543761,0.605142855753183,-0.194240834728255,-0.0407390327169287,-0.792192287082427
-1.38066866216792,1.61665534017899,0.38418006229423,-1.15292297992797,0.603241307912174,0.50557270964274,0.294861933375631,-0.792192287082427
-1.38066866216792,1.61665534017899,0.439643978891087,-0.710656745153396,0.639625490036022,0.327889720749516,0.485864664015346,-0.792192287082427
-1.38066866216792,1.61665534017899,0.439643978891087,-0.858078725949186,0.678069922730679,0.277533915006302,-0.0409742441550977,-0.792192287082427
-1.38066866216792,1.61665534017899,0.495107895487944,-1.00550070674498,0.952130572686349,-0.63157889336717,0.243409934285078,-0.792192287082427
-1.38066866216792,1.61665534017899,0.38418006229423,-0.833508397045073,0.899745585326498,-0.372605746851579,-0.369287156109643,-0.792192287082427
-1.38066866216792,1.61665534017899,0.606035728681658,-0.710656745153396,0.875695704129752,0.146456054392812,0.012213319495447,-0.792192287082427
-1.38066866216792,1.61665534017899,0.106860479309945,-0.833508397045073,0.900708653807689,-0.163338270538192,0.105952586721535,-0.792192287082427
-1.38066866216792,1.61665534017899,-0.891490019433482,-0.784367736779809,0.925155923151967,0.44627335057115,0.178649928033345,-0.792192287082427
-1.38066866216792,1.61665534017899,-0.503242603255483,-0.735227076514545,0.977740520439657,0.414116115804504,-0.298058907840907,-0.792192287082427
-1.38066866216792,1.61665534017899,-0.503242603255483,-0.636945171209605,1.01238456810152,0.252175136820632,0.744551739219708,-0.792192287082427
-1.38066866216792,1.61665534017899,-1.61252093519262,-0.464952859052665,1.04032677270892,0.128458538256682,-0.000311241226021583,-0.792192287082427
-1.38066866216792,1.61665534017899,-1.66798485178948,-0.686086416249281,1.11853888453128,-0.131058916437561,-0.211548361063639,-0.792192287082427
-1.38066866216792,1.61665534017899,-1.72344876838634,-0.759797405418659,0.988083497963975,-0.108033446087293,0.766461467534339,-0.792192287082427
-1.38066866216792,1.61665534017899,-1.16880960241777,-0.808938065683922,0.966335980119034,0.53999359263406,1.80037834454951,-0.792192287082427
-1.38066866216792,1.61665534017899,-0.447778686658626,-0.563234179583192,0.905967487894385,-0.899255641554305,0.235620754103572,-0.792192287082427
-1.38066866216792,1.61665534017899,-0.0595312704806264,-0.833508397045073,0.855253520253469,-2.21294022178344,-1.52636478192023,-0.792192287082427
-1.38066866216792,1.61665534017899,-0.891490019433482,-0.784367736779809,0.938373948007631,-0.825232870407375,0.127702138617211,-0.792192287082427
-1.38066866216792,1.61665534017899,-0.558706519852339,-0.833508397045073,0.83566169381384,-0.175051015054769,0.227023061989401,-0.792192287082427
-1.38066866216792,1.61665534017899,0.162324395906802,-0.784367736779809,0.751029613821221,0.508972236362376,-1.39771467576056,-0.792192287082427
-1.38066866216792,1.61665534017899,0.273252229100516,-0.980930375383828,0.85810921535537,-0.0591575285522414,-0.927496507903583,-0.792192287082427
-1.38066866216792,1.61665534017899,0.106860479309945,-0.587804510944341,0.878075496994568,0.437276884226248,-1.01212308137804,-0.792192287082427
-1.38066866216792,1.61665534017899,0.273252229100516,-0.735227076514545,0.899329939665251,-0.073621070652958,-0.413406655939968,-0.792192287082427
-1.38066866216792,1.61665534017899,-0.336850853464911,-0.735227076514545,0.859604038755433,0.376704131306181,1.05358354459331,-0.792192287082427
-1.38066866216792,1.61665534017899,-0.0040673538837693,-0.833508397045073,0.886478997233365,-0.941025428039338,1.36400074729512,-0.792192287082427
-1.38066866216792,1.61665534017899,-0.0595312704806264,-0.686086416249281,0.887736372830642,-0.298653044741558,0.680625311387194,-0.792192287082427
-1.38066866216792,1.61665534017899,-0.891490019433482,-0.612374839848456,0.88424740289692,0.430213550175779,-1.64659067417589,-0.792192287082427
-1.38066866216792,1.61665534017899,-0.114995187077483,-0.514093519317929,0.826608647877159,-0.435351428194137,-0.871666203990704,-0.792192287082427
-1.38066866216792,1.61665534017899,-0.780562186239768,-0.759797405418659,0.82383038292197,-1.03461790520662,-0.94928618128043,-0.792192287082427
-1.38066866216792,1.61665534017899,0.550571812084801,-0.587804510944341,0.909763754831557,0.961895347130806,0.581942819842146,-0.792192287082427
-1.38066866216792,1.61665534017899,0.106860479309945,-0.415812198787402,0.884922250944863,1.36920683016041,0.512583907689501,-0.792192287082427
-1.38066866216792,1.61665534017899,-0.558706519852339,-0.686086416249281,0.926048454551783,-0.798672884994242,-1.45257822933443,-0.792192287082427
-1.38066866216792,1.61665534017899,0.772427478472229,-0.415812198787402,0.773312844671552,-1.85018618181364,-2.87188392231497,-0.792192287082427
-1.38066866216792,1.61665534017899,0.0513965627130878,-0.514093519317929,0.822487653717403,-1.18772957671797,-3.7704502880735,-0.792192287082427
-0.679821625534459,1.61665534017899,0.716963561875372,-0.612374839848456,0.66977139321497,-0.514519961950548,-0.934707429040524,-0.858132819965544
-0.679821625534459,1.61665534017899,0.661499645278515,-0.120968239652855,0.775804544733203,0.362238060865873,0.726711395226351,-0.858132819965544
-0.679821625534459,1.61665534017899,0.328716145697373,-0.391241869883287,0.901782525898192,-2.04171656761534,-2.27705492908874,-0.858132819965544
-0.679821625534459,1.61665534017899,0.661499645278515,-0.342101209618024,0.956026515471186,0.640166388633316,0.380707520256767,-0.858132819965544
-0.679821625534459,1.61665534017899,0.38418006229423,-0.292960549352761,0.940777729563628,-0.663218931146525,1.03637131739102,-0.858132819965544
-0.679821625534459,1.61665534017899,0.38418006229423,-0.120968239652855,0.968903162018558,-0.259648222252349,-0.886222621641346,-0.858132819965544
-0.679821625534459,1.61665534017899,0.162324395906802,0.149305977809026,1.03854171085984,0.0313390592627963,-1.15259903783128,-0.858132819965544
-0.679821625534459,1.61665534017899,-0.780562186239768,0.0510246572784983,1.03322921985981,-1.9079522704156,-2.9683450316186,-0.858132819965544
-0.679821625534459,1.61665534017899,-0.336850853464911,-0.194679228822232,1.02492319272953,-0.344847078562656,-1.07324757072635,-0.858132819965544
-0.679821625534459,1.61665534017899,0.217788312503659,0.026454325917349,1.0457014410277,0.466256993105893,0.313530434718338,-0.858132819965544
-0.679821625534459,1.61665534017899,0.273252229100516,0.00188399701323416,1.05833612973358,-0.0167874860669375,-0.463397214181288,-0.858132819965544
-0.679821625534459,1.61665534017899,0.273252229100516,0.0510246572784983,0.952971844457706,0.482341683422667,0.046377054321064,-0.858132819965544
-0.679821625534459,1.61665534017899,-0.225923020271197,-0.047257248026442,0.937271663687212,-0.911664636558665,-3.44135083561554,-0.858132819965544
-0.679821625534459,1.61665534017899,0.273252229100516,-0.047257248026442,0.987310956913823,-1.03524307239719,-1.55735039764455,-0.858132819965544
-0.679821625534459,1.61665534017899,0.273252229100516,-0.170108899918118,1.04794559116741,0.575254191439345,-1.43811355405084,-0.858132819965544
-0.679821625534459,1.61665534017899,0.328716145697373,-0.0963979082917061,1.0240713036414,-1.76251257022792,-0.0561410334360077,-0.858132819965544
-0.679821625534459,1.61665534017899,-0.725098269642911,-0.243819889087496,1.02248740523426,0.729765244412977,-0.254865288689245,-0.858132819965544
-0.679821625534459,1.61665534017899,0.495107895487944,0.00188399701323416,1.00595855570628,1.01969696142971,2.01480524534639,-0.858132819965544
-0.679821625534459,1.61665534017899,0.550571812084801,-0.0226863343479151,1.01400576478856,-0.574089401394448,-0.297516002498231,-0.858132819965544
-0.679821625534459,1.61665534017899,0.661499645278515,0.0755949861826121,0.942180553116985,-1.2794522204734,-0.135158851376607,-0.858132819965544
-0.679821625534459,1.61665534017899,0.38418006229423,-0.145538568556969,0.907695796574821,0.545693072248495,-1.35877666501356,-0.858132819965544
-0.679821625534459,1.61665534017899,0.217788312503659,0.468720268304721,0.970464015629789,-0.612799375886075,-0.630606243203558,-0.858132819965544
-0.679821625534459,1.61665534017899,-0.891490019433482,0.0755949861826121,1.03886539849854,1.29104712251123,-0.208426944604428,-0.858132819965544
-0.679821625534459,1.61665534017899,-0.614170436449197,-0.219249560183383,1.05060812518352,-0.12930444682772,0.500241546483326,-0.858132819965544
-0.679821625534459,1.61665534017899,-0.780562186239768,0.0755949861826121,1.08491705802207,-0.50884549056573,-1.03750020536873,-0.858132819965544
-0.679821625534459,1.61665534017899,0.217788312503659,0.272157627243667,1.09068557559402,0.324152669999575,1.48502170114936,-0.858132819965544
-0.679821625534459,1.61665534017899,-0.503242603255483,0.100165317543761,1.11582892952088,-0.105597487930343,0.0749171783313748,-0.858132819965544
-0.679821625534459,1.61665534017899,-0.725098269642911,-0.219249560183383,1.1392638149453,-0.791815343430008,-1.14187118370708,-0.858132819965544
-0.679821625534459,1.61665534017899,0.439643978891087,-0.145538568556969,1.15401414747171,0.212961723656525,-0.718506441398223,-0.858132819965544
0.0210254110990039,1.61665534017899,-0.0040673538837693,0.517860928569984,1.07824813216663,0.0163728082784721,1.02477734551163,-0.528413230361849
0.0210254110990039,1.61665534017899,-0.336850853464911,-0.0963979082917061,1.07084137963159,0.494859793162578,-0.495306504797043,-0.528413230361849
0.0210254110990039,1.61665534017899,0.550571812084801,0.493290597208835,1.03867639606513,-0.100359353191595,0.830152592020884,-0.528413230361849
0.0210254110990039,1.61665534017899,0.495107895487944,0.272157627243667,1.03643213027527,-0.99207844668772,0.856997017100928,-0.528413230361849
0.0210254110990039,1.61665534017899,-0.17045910367434,0.370438947774194,0.977796469126904,0.135742477247678,-0.202667339554633,-0.528413230361849
0.0210254110990039,1.61665534017899,-0.614170436449197,-0.120968239652855,0.977601652184556,0.00879447724177651,2.9448151189463,-0.528413230361849
0.0210254110990039,1.61665534017899,-0.946953936030339,0.100165317543761,1.01429191651009,-1.01526492654184,2.09192647774987,-0.528413230361849
0.0210254110990039,1.61665534017899,-1.44612918540205,-0.0963979082917061,0.977697664932779,0.132243824196114,0.931306822657536,-0.528413230361849
0.0210254110990039,1.61665534017899,-0.946953936030339,-0.145538568556969,1.02878375322464,0.00578696678423859,0.284239130364888,-0.528413230361849
0.0210254110990039,1.61665534017899,-1.3906652688052,-0.0963979082917061,1.01294659008848,0.336581305496818,-0.0716371720865588,-0.528413230361849
0.0210254110990039,1.61665534017899,-1.27973743561148,-0.0963979082917061,0.97559881826568,0.13817065630721,0.329563835572577,-0.528413230361849
0.0210254110990039,1.61665534017899,-1.44612918540205,-0.145538568556969,0.964079657881045,0.592071165735649,-0.207143487434812,-0.528413230361849
0.0210254110990039,1.61665534017899,-1.50159310199891,-0.342101209618024,0.936711421128194,-0.92692623668885,-0.581466560429623,-0.528413230361849
0.0210254110990039,1.61665534017899,-1.66798485178948,-0.243819889087496,0.925498180084492,-1.40994595089502,-2.50202626187237,-0.528413230361849
0.0210254110990039,1.61665534017899,-1.72344876838634,-0.219249560183383,1.04021646908844,-0.798603867438205,-2.0171298950507,-0.528413230361849
0.0210254110990039,1.61665534017899,-1.66798485178948,-0.415812198787402,0.938300516504199,0.553364598254733,-0.00983657517104361,-0.528413230361849
0.0210254110990039,1.61665534017899,-1.72344876838634,-0.366671538522137,0.8833642803491,-0.419377871828392,-1.10572247337644,-0.528413230361849
0.0210254110990039,1.61665534017899,-1.72344876838634,-0.0963979082917061,0.868468638646787,0.330379820201532,-1.29219782871483,-0.528413230361849
0.0210254110990039,0.142053327245889,-1.05788176922405,-0.489523190413815,0.934348912414798,-1.04211953928779,-1.88895068422315,-0.528413230361849
0.0210254110990039,-3.24953130250024,-1.0024178526272,-0.0718275793875913,0.948829013649966,-1.32490954239742,1.57665256963592,-0.528413230361849
0.0210254110990039,0.58443393112582,-0.780562186239768,-0.0226863343479151,0.919019153663974,-0.158838426911789,0.0610590642303056,-0.528413230361849
0.0210254110990039,-0.447787477927351,-0.669634353046054,-0.268390220448646,0.95914081443069,-0.266999122363343,0.419875089366974,-0.528413230361849
0.0210254110990039,-0.595247679220661,-1.66798485178948,-0.415812198787402,0.946873260111938,-0.563704953713627,-0.0800895202104748,-0.528413230361849
0.0210254110990039,-0.595247679220661,-1.33520135220834,-0.366671538522137,1.01035256975153,-0.661612042393558,0.860191259811333,-0.528413230361849
0.0210254110990039,-0.595247679220661,-1.66798485178948,-0.489523190413815,0.986781823292563,0.567783052962043,1.01642872453203,-0.528413230361849
0.0210254110990039,-0.595247679220661,-1.66798485178948,-0.31753088071391,0.986533631433123,-0.514105189302823,0.612769687444419,-0.528413230361849
0.0210254110990039,-0.595247679220661,-1.72344876838634,-0.391241869883287,0.940313521615462,0.92753615190346,1.36559997085497,-0.528413230361849
0.0210254110990039,-0.595247679220661,-1.72344876838634,-0.243819889087496,0.912298508748001,-1.27804719477878,-1.25645284799206,-0.528413230361849
0.0210254110990039,-0.595247679220661,-1.50159310199891,-0.268390220448646,0.941351806731325,1.18646710758294,-0.887366919470522,-0.528413230361849
0.0210254110990039,-0.595247679220661,-1.72344876838634,-0.415812198787402,0.923268708957922,0.585062932739019,2.59904102540263,-0.528413230361849
0.0210254110990039,-0.595247679220661,-1.50159310199891,-0.440382530148551,0.920027781964278,0.315509000079071,2.78788036166184,-0.528413230361849
0.721872447732466,-0.595247679220661,-1.72344876838634,-0.243819889087496,0.924824152994135,-0.676330671626705,-1.6242781830241,0.4606947628849
0.721872447732466,-0.595247679220661,-1.72344876838634,-0.686086416249281,0.935982369284331,-0.259494228824399,-2.75156098684772,0.4606947628849
0.721872447732466,-0.595247679220661,-1.72344876838634,0.124735646447875,0.955758360179219,-0.409434530342774,-2.55869254125928,0.4606947628849
0.721872447732466,-0.595247679220661,-1.72344876838634,0.468720268304721,1.01428236729367,-0.887173072206302,0.3149884431838,0.4606947628849
0.721872447732466,-0.595247679220661,-1.55705701859577,0.616142833874924,0.947725129238535,-0.740742531418579,-0.50460639834515,0.4606947628849
0.721872447732466,-0.595247679220661,-1.0024178526272,0.29672795614778,0.978561003068156,-0.143784820598209,1.38474502656635,0.4606947628849
0.721872447732466,-0.595247679220661,-1.66798485178948,0.591572502513775,0.983487763455003,0.285215753766772,2.28892865454673,0.4606947628849
0.721872447732466,-0.595247679220661,-1.33520135220834,0.665283494140188,0.95573847469172,0.874477467390821,0.519400090285512,0.4606947628849
0.721872447732466,-0.595247679220661,-1.72344876838634,0.542431257474099,1.03741776415877,0.0756147386818045,2.30739212896034,0.4606947628849
0.721872447732466,-0.595247679220661,-1.72344876838634,0.689853823044302,1.0450605602187,0.157523087298011,0.148894882252298,0.4606947628849
0.721872447732466,-0.595247679220661,-1.50159310199891,0.32129828750893,0.974572049686053,-0.780178114116115,-0.956204650303878,0.4606947628849
0.721872447732466,-0.595247679220661,-0.946953936030339,1.03383844490115,0.962409112486118,0.735760340363734,-0.169032774078218,0.4606947628849
0.721872447732466,-0.595247679220661,-1.16880960241777,0.100165317543761,1.02810879776464,0.417612482450128,1.39477925450285,0.4606947628849
0.721872447732466,-0.595247679220661,-0.669634353046054,0.738994483309565,0.967440444682274,0.387039154068839,0.519034906809421,0.4606947628849
0.721872447732466,-0.595247679220661,-0.946953936030339,0.788135143574829,0.966681451808668,0.175587849025575,0.148311269702519,0.4606947628849
0.721872447732466,-0.595247679220661,-1.66798485178948,0.444149936943572,0.969604730002141,-0.550203686761073,-2.45421775082399,0.4606947628849
0.721872447732466,-0.595247679220661,-1.50159310199891,0.689853823044302,1.07237089965862,0.45516206338962,1.54397148400564,0.4606947628849
0.721872447732466,-0.595247679220661,-1.55705701859577,0.861846135201243,1.00190825832015,0.344371931983617,0.361176733962567,0.4606947628849
0.721872447732466,-0.595247679220661,-1.72344876838634,0.837275803840094,1.0128954163263,-0.390521602404409,0.404074698138069,0.4606947628849
0.721872447732466,-0.595247679220661,-1.72344876838634,0.640713162779039,1.01359536013829,0.81273879366519,0.49357061547297,0.4606947628849
0.721872447732466,-0.595247679220661,-1.66798485178948,0.714424154405452,0.980054749179221,-1.29304794390668,-0.404471135588906,0.4606947628849
0.721872447732466,-0.595247679220661,-1.72344876838634,0.616142833874924,1.00547463622111,-1.27954632335879,-0.0018557468554917,0.4606947628849
0.721872447732466,-0.595247679220661,-1.72344876838634,1.15669009433579,1.01120244494293,-1.20979449071245,0.582847895078635,0.4606947628849
0.721872447732466,-0.595247679220661,-1.72344876838634,0.886416464105357,1.00522353568137,-1.15333252153274,-0.62467853580476,0.4606947628849
0.721872447732466,-0.595247679220661,-1.72344876838634,0.886416464105357,1.01454641494606,-0.303380756635263,-1.18956180486739,0.4606947628849
0.721872447732466,-0.595247679220661,-1.72344876838634,0.345868616413044,1.05118886411627,-0.740886711911269,-0.125230479367817,0.4606947628849
0.721872447732466,-0.595247679220661,-1.72344876838634,0.960127453274735,0.96426532135226,-0.290925174780577,0.133212753013857,0.4606947628849
0.721872447732466,-0.595247679220661,-1.66798485178948,0.738994483309565,1.04769621967652,-0.934892533592935,-0.454250983024633,0.4606947628849
0.721872447732466,-0.595247679220661,-1.72344876838634,0.616142833874924,0.991408117955603,-0.938054302010273,-2.23149772496501,0.4606947628849
0.721872447732466,-0.595247679220661,-1.72344876838634,1.13211976543167,1.05966749892567,-0.50038998121961,-0.940155564017185,0.4606947628849
1.42271948436593,-0.595247679220661,-0.946953936030339,0.960127453274735,1.03945530199216,0.681428421519311,0.276766649065201,1.77959004648779
1.42271948436593,-0.595247679220661,-0.281386936868055,1.15669009433579,1.09529433579438,0.394193027135904,0.593102616288359,1.77959004648779
1.42271948436593,-0.595247679220661,-0.725098269642911,1.82009017623716,1.25670123651136,0.683119469950443,1.62901089490265,1.77959004648779
1.42271948436593,-0.595247679220661,0.217788312503659,2.13950446673285,1.12649357825238,0.130243870358789,1.81906926940849,1.77959004648779
1.42271948436593,-0.595247679220661,0.439643978891087,0.812705474935979,1.12673617549657,0.203631335699977,0.682887109214742,1.77959004648779
1.42271948436593,-0.595247679220661,0.38418006229423,1.40239398043652,1.10242576146122,0.974897875836114,1.58717055949989,1.77959004648779
1.42271948436593,-0.595247679220661,0.162324395906802,1.32868299126714,1.04350785915039,1.02792701918643,-0.953566466681283,1.77959004648779
1.42271948436593,-0.595247679220661,-0.225923020271197,1.40239398043652,1.06493499061371,-0.66267261837476,0.52689302280974,1.77959004648779
1.42271948436593,-0.595247679220661,0.38418006229423,1.30411265990599,1.06051254279276,0.456577564013773,0.713089251175409,1.77959004648779
1.42271948436593,-0.595247679220661,0.550571812084801,1.40239398043652,1.11324042395305,-0.638772403673949,-0.745120642901304,1.77959004648779
1.42271948436593,-0.595247679220661,0.606035728681658,1.91837149676768,1.04559741610098,-0.219996058422878,-0.219901499932658,1.77959004648779
1.42271948436593,-0.595247679220661,0.550571812084801,1.62352695040169,1.08063785066531,-0.992465450137726,-1.44523222608582,1.77959004648779
1.42271948436593,-0.595247679220661,0.550571812084801,1.10754943407052,1.11612695962101,1.40592720610673,-0.275241092694706,1.77959004648779
1.42271948436593,-0.595247679220661,0.606035728681658,1.52524562987116,1.14811546107016,0.2262771775887,1.34012685239522,1.77959004648779
1.42271948436593,-0.595247679220661,0.606035728681658,1.57438629013642,1.11329513439165,-0.241267286474593,-0.772592304941518,1.77959004648779
1.42271948436593,-0.595247679220661,0.661499645278515,1.40239398043652,1.03783988210895,-0.988990836251867,-0.289002315604661,1.77959004648779
1.42271948436593,-0.595247679220661,0.827891395069086,1.27954233100188,1.04808972926681,-0.0356055547449249,-0.923198396860507,1.77959004648779
1.42271948436593,-0.595247679220661,0.772427478472229,1.25497199964073,0.986788812046511,1.60280241008245,-0.339601453522527,1.77959004648779
1.42271948436593,-0.595247679220661,0.716963561875372,1.62352695040169,0.99881009112969,2.1550249988447,1.69536981123412,1.77959004648779
1.42271948436593,-0.595247679220661,0.827891395069086,1.18126042569694,0.988203056130642,2.00751122140016,1.2205952137843,1.77959004648779
1.42271948436593,-0.595247679220661,0.883355311665943,1.62352695040169,1.07500535762235,-0.590947691843665,-2.121464484855,1.77959004648779
1.42271948436593,-0.595247679220661,0.827891395069086,0.960127453274735,0.975461196497319,0.310369777654021,0.333188612180045,1.77959004648779
1.42271948436593,-0.595247679220661,0.827891395069086,1.64809728176284,1.03856637127239,0.868391473510907,1.06431953230951,1.77959004648779
1.42271948436593,-0.595247679220661,0.772427478472229,1.37782365153241,1.02160874646509,-1.46038975269288,0.430502921473233,1.77959004648779
1.42271948436593,-0.595247679220661,0.827891395069086,1.10754943407052,0.97916549020316,0.47347246620275,1.21201448536621,1.77959004648779
1.42271948436593,-0.595247679220661,0.827891395069086,1.23040167073661,0.948355615476101,-0.456541484847079,-1.45324085526921,1.77959004648779
1.42271948436593,-0.595247679220661,0.827891395069086,1.72180827093221,0.935855407290602,0.301464984223545,-0.723668912025102,1.77959004648779
1.42271948436593,-0.595247679220661,0.994283144859657,1.23040167073661,0.987413348163462,-0.312679919199066,0.561148095608088,1.77959004648779
1.42271948436593,-0.595247679220661,0.9388192282628,1.42696431179767,0.987413348163462,-0.312679919199066,0.561148095608088,1.77959004648779
1.42271948436593,-0.595247679220661,0.217788312503659,0.395009276678307,-0.383805464819779,0.600129239240011,3.05899626741565,1.77959004648779
1.42271948436593,-0.595247679220661,0.38418006229423,0.468720268304721,-0.876297702158955,1.93653407057814,1.54364663662785,1.77959004648779
1.42271948436593,-0.595247679220661,0.606035728681658,1.23040167073661,-0.941530570231991,-1.82729028820278,-0.0879653749132047,1.77959004648779
1.42271948436593,-0.595247679220661,0.273252229100516,1.00926811354,-1.10027754872498,-0.0186097037457964,-0.477367890498756,1.77959004648779
1.42271948436593,-0.595247679220661,0.273252229100516,1.08297910516641,-0.926867089061434,-0.348758806738466,0.427658190220037,1.77959004648779
1.42271948436593,-0.595247679220661,0.716963561875372,1.23040167073661,-0.548173294030159,-0.0371682852892251,2.13853203590721,1.77959004648779
1.42271948436593,-0.595247679220661,0.38418006229423,0.960127453274735,-0.977417666498013,0.290829372191646,0.698957131601727,1.77959004648779
1.42271948436593,-0.595247679220661,0.606035728681658,1.45153464070178,-1.12224776501893,1.043990685203,-0.347296435659891,1.77959004648779
1.42271948436593,-0.595247679220661,0.550571812084801,0.960127453274735,-1.06034893022542,-0.0412017379952035,-0.165486996945385,1.77959004648779
1.42271948436593,-0.595247679220661,0.217788312503659,1.62352695040169,-1.09646928522427,-0.170991462759128,-0.295244348180015,1.77959004648779
1.42271948436593,-0.595247679220661,0.273252229100516,1.6972379420281,-1.07597307847325,-0.896244654962155,-0.170372713807998,1.77959004648779
1.42271948436593,-0.595247679220661,0.328716145697373,1.10754943407052,-1.09014607313164,-0.28212598538909,-1.19526073089651,1.77959004648779
1.42271948436593,-0.595247679220661,0.439643978891087,1.57438629013642,-0.980250453049377,0.550719812806456,0.0246675478963247,1.77959004648779
1.42271948436593,-0.595247679220661,0.273252229100516,0.788135143574829,-1.01977116684285,-0.0603423029016667,0.187628855196869,1.77959004648779
1.42271948436593,-0.595247679220661,0.217788312503659,0.517860928569984,-1.03464502037518,-2.44484745043577,0.416227668664512,1.77959004648779
1.42271948436593,-0.595247679220661,0.38418006229423,1.03383844490115,-0.946902530119488,-1.35971847899031,1.26563563524642,1.77959004648779
1.42271948436593,-0.595247679220661,0.439643978891087,1.47610497206293,-1.11375768116229,-0.318266090118218,-0.457512237948413,1.77959004648779
1.42271948436593,-0.595247679220661,0.217788312503659,1.67266761066695,-1.04695153389998,0.632704351912682,0.257563650204823,1.77959004648779
1.42271948436593,-0.595247679220661,0.106860479309945,1.40239398043652,-1.10505033504703,0.361906408379192,-0.142852589032664,1.77959004648779
1.42271948436593,-0.595247679220661,0.495107895487944,1.25497199964073,-1.01097450523158,1.080278692481,0.410412137469349,1.77959004648779
1.42271948436593,-0.595247679220661,0.217788312503659,1.45153464070178,-1.07194888570063,0.0294062473310551,0.237008738760575,1.77959004648779
1.42271948436593,-0.595247679220661,0.162324395906802,1.8446605075983,-1.02536169567714,-0.284553680581318,-0.364343491626837,1.77959004648779
1.42271948436593,-0.595247679220661,0.328716145697373,1.42696431179767,-1.02628681253434,0.3761043791128,0.370030119540981,1.77959004648779
1.42271948436593,-0.595247679220661,-0.0040673538837693,1.62352695040169,-1.04280900409946,0.748247713895426,0.247499353016594,1.77959004648779
1.42271948436593,-0.595247679220661,0.439643978891087,1.23040167073661,-1.00811497181235,0.0275940180558185,0.84675510187709,1.77959004648779
1.42271948436593,-0.595247679220661,0.273252229100516,1.37782365153241,-1.03612810005777,-0.0976460978612618,-0.442592748713911,1.77959004648779
1.42271948436593,-0.595247679220661,0.162324395906802,1.67266761066695,-1.12683757317102,0.136551895524331,0.082523143043785,1.77959004648779
1.42271948436593,-0.595247679220661,0.273252229100516,1.54981596123231,-0.98742676713081,1.09343348119953,0.00534626916072098,1.77959004648779
1.42271948436593,-0.595247679220661,0.106860479309945,1.32868299126714,-1.00165026319632,1.41673106571245,0.0678720230980932,1.77959004648779
1.42271948436593,-0.595247679220661,0.0513965627130878,1.77094893119748,-1.04118532838033,2.7623770513688,0.866792886874872,1.77959004648779
0.721872447732466,-0.595247679220661,0.38418006229423,1.15669009433579,-1.10699778268689,-1.05793137364179,0.48050024114792,0.4606947628849
0.721872447732466,-0.595247679220661,0.217788312503659,0.444149936943572,-1.02900103582711,-1.21910952917517,0.481010763646277,0.4606947628849
0.721872447732466,-0.595247679220661,0.217788312503659,1.37782365153241,-1.01249403910646,-0.166093315254295,0.570834182258819,0.4606947628849
0.721872447732466,-0.595247679220661,-0.0595312704806264,1.13211976543167,-1.01741721085354,0.545127630766572,-0.818830787812463,0.4606947628849
0.721872447732466,-0.595247679220661,-1.05788176922405,0.665283494140188,-1.08207104432839,-0.118047005492066,-0.544326909626712,0.4606947628849
0.721872447732466,-0.595247679220661,-0.392314770061768,1.57438629013642,-1.00392592530661,0.457250373523452,0.209856835386758,0.4606947628849
0.721872447732466,-0.595247679220661,0.0513965627130878,0.591572502513775,-0.963520392235151,-0.21661355346374,0.217708582921659,0.4606947628849
0.721872447732466,-0.595247679220661,-0.891490019433482,0.223016966978403,-1.021368806388,1.74252006037288,0.33065110585317,0.4606947628849
0.721872447732466,-0.595247679220661,-1.61252093519262,0.444149936943572,-0.985816643390418,0.571195798298343,0.434378565143389,0.4606947628849
0.721872447732466,-0.595247679220661,-1.05788176922405,0.763564814670716,-1.01033472262367,1.04454198553005,0.877313814310888,0.4606947628849
0.721872447732466,-0.595247679220661,-1.22427351901462,0.345868616413044,-1.05292647905488,1.62096288847262,0.254145283614654,0.4606947628849
0.721872447732466,-0.595247679220661,-0.946953936030339,0.689853823044302,-1.03884536922676,-1.74314451324769,-0.329213530585071,0.4606947628849
0.721872447732466,-0.595247679220661,-1.3906652688052,0.738994483309565,-1.05425638059913,-1.45206388655145,0.022404527446623,0.4606947628849
0.721872447732466,-0.595247679220661,-1.50159310199891,0.517860928569984,-1.03752950919404,-1.08064949387363,-0.661852747915276,0.4606947628849
0.721872447732466,-0.595247679220661,-1.72344876838634,0.591572502513775,-0.993146881791244,-0.0509356074761908,0.200074286779185,0.4606947628849
0.721872447732466,-0.595247679220661,-1.72344876838634,0.542431257474099,-1.04159850704977,-0.239776960557455,-0.460552265330162,0.4606947628849
0.721872447732466,-0.595247679220661,-0.836026102836625,0.419579608039458,-1.05614100359629,0.193623835270944,-0.580975973478523,0.4606947628849
0.721872447732466,-0.595247679220661,-1.66798485178948,0.665283494140188,-1.03853747115941,0.562062578292137,-0.305366045516021,0.4606947628849
0.721872447732466,-0.595247679220661,-1.66798485178948,0.837275803840094,-1.03507496894897,0.491125112564841,1.25239998585505,0.4606947628849
0.721872447732466,-0.595247679220661,-1.3906652688052,-0.145538568556969,-1.01739433493853,1.11571262611332,0.384542457216617,0.4606947628849
0.721872447732466,-0.595247679220661,0.0513965627130878,0.689853823044302,-1.06473554202785,0.187562333850006,0.0174006176485957,0.4606947628849
0.721872447732466,-0.595247679220661,0.217788312503659,0.517860928569984,-1.02886474704546,1.18324685768716,0.479854634053906,0.4606947628849
0.721872447732466,-0.595247679220661,-0.725098269642911,0.640713162779039,-1.00816243304655,-0.0893735023196161,0.0790188371948015,0.4606947628849
0.721872447732466,-0.595247679220661,-1.55705701859577,0.689853823044302,-1.03654657772168,-1.31511318623968,0.38927769467849,0.4606947628849
0.721872447732466,-0.595247679220661,-0.447778686658626,0.689853823044302,-1.04225001246308,0.135421270445807,0.887131328123592,0.4606947628849
0.721872447732466,-0.595247679220661,-0.0595312704806264,0.272157627243667,-1.09224847611983,-1.03885311462649,0.554023359148632,0.4606947628849
0.721872447732466,-0.595247679220661,-0.503242603255483,0.395009276678307,-1.03163204044591,-1.01382792705532,0.693985865964253,0.4606947628849
0.721872447732466,-0.595247679220661,0.0513965627130878,0.493290597208835,-0.999649535694279,0.982190879363216,0.363741242304606,0.4606947628849
0.721872447732466,-0.595247679220661,0.716963561875372,0.124735646447875,-1.04743249559316,-0.851787739322565,0.797253281004474,0.4606947628849
0.0210254110990039,-0.595247679220661,0.994283144859657,0.32129828750893,-1.02989648161052,0.25047557950321,0.633398041667325,-0.528413230361849
0.0210254110990039,-0.595247679220661,0.9388192282628,0.0755949861826121,-1.06386092309242,0.284316862576756,0.802659232287626,-0.528413230361849
0.0210254110990039,-0.595247679220661,0.994283144859657,0.29672795614778,-1.05362802834433,-0.997066463239038,0.0976602699512887,-0.528413230361849
0.0210254110990039,-0.595247679220661,0.9388192282628,-0.0718275793875913,-1.03229417236463,-1.03724818394093,0.0850766010873386,-0.528413230361849
0.0210254110990039,-0.595247679220661,0.772427478472229,-0.120968239652855,-1.07811622516503,-1.9664924190898,-0.496328717271229,-0.528413230361849
0.0210254110990039,-0.595247679220661,0.827891395069086,-0.170108899918118,-1.06649777105348,1.16814550935654,1.04661499972863,-0.528413230361849
0.0210254110990039,-0.595247679220661,1.04974706145651,0.026454325917349,-1.08658806418195,-1.55053664934182,0.0671283106363928,-0.528413230361849
0.0210254110990039,-0.595247679220661,1.04974706145651,0.00188399701323416,-1.02916462532992,0.986073530304419,0.265391645783126,-0.528413230361849
0.0210254110990039,-0.595247679220661,0.772427478472229,0.198446638074289,-1.03778264105723,-0.968804842803551,0.118007186092867,-0.528413230361849
0.0210254110990039,-0.595247679220661,0.772427478472229,0.419579608039458,-1.02763097833547,1.1176465520033,0.525061512466989,-0.528413230361849
0.0210254110990039,-0.595247679220661,0.661499645278515,0.0755949861826121,-1.04579758628458,-1.74958147176864,-0.880154401125038,-0.528413230361849
0.0210254110990039,-0.595247679220661,1.10521097805337,-0.0226863343479151,-1.0581855070536,0.478547863340135,-0.0438677590755197,-0.528413230361849
0.0210254110990039,-0.595247679220661,1.27160272784394,-0.145538568556969,-1.04499507378711,-1.03809643655661,-0.578544353880894,-0.528413230361849
0.0210254110990039,-0.595247679220661,1.16067489465023,0.149305977809026,-1.02924269804783,-0.594663082885246,-0.633003966210544,-0.528413230361849
0.0210254110990039,-0.595247679220661,1.38253056103766,-0.31753088071391,-1.05005280906921,3.11122015760181,0.423806004401515,-0.528413230361849
0.0210254110990039,-0.595247679220661,1.3270666444408,-0.047257248026442,-1.11110336337589,0.637113013138491,-0.493911628545353,-0.528413230361849
0.0210254110990039,-0.595247679220661,1.27160272784394,-0.0963979082917061,-1.02504344676363,0.888805876253978,-1.79595148394825,-0.528413230361849
0.0210254110990039,-0.595247679220661,1.54892231082823,0.026454325917349,-1.07735425802324,1.15469502454335,-0.195853015980199,-0.528413230361849
0.0210254110990039,-0.595247679220661,1.49345839423137,-0.268390220448646,-1.05290598901815,-0.550268318937346,-0.026319493602863,-0.528413230361849
0.0210254110990039,-0.595247679220661,1.49345839423137,-0.145538568556969,-1.06474772014627,0.113494658753867,-0.0321142640677552,-0.528413230361849
0.0210254110990039,-0.595247679220661,1.88170581040937,0.124735646447875,-1.02284394328218,0.903875218889369,0.569312042020147,-0.528413230361849
0.0210254110990039,-0.595247679220661,1.54892231082823,-0.268390220448646,-1.08750349874586,-1.61711620806725,-0.35964413646091,-0.528413230361849
0.0210254110990039,-0.595247679220661,1.21613881124709,-0.145538568556969,-1.07998000990763,0.31014898793999,-1.27058961064849,-0.528413230361849
0.0210254110990039,-0.595247679220661,1.10521097805337,-0.292960549352761,-1.06344232851097,-0.833650009342189,0.0942837452569686,-0.528413230361849
0.0210254110990039,-0.595247679220661,1.27160272784394,0.0755949861826121,-1.09696454064135,-1.09521259831857,-0.157173692407759,-0.528413230361849
0.0210254110990039,-0.595247679220661,1.27160272784394,0.0510246572784983,-1.01680409558422,-0.229092828864628,0.0859838145463995,-0.528413230361849
0.0210254110990039,-0.595247679220661,1.27160272784394,-0.31753088071391,-1.02583447662778,0.194774802715802,-0.560986552849674,-0.528413230361849
0.0210254110990039,-0.595247679220661,1.3270666444408,0.0510246572784983,-1.0903918230304,0.00681434468292023,-0.145559803859466,-0.528413230361849
0.0210254110990039,-0.595247679220661,1.3270666444408,-0.145538568556969,-1.05780860609116,2.4620594257642,0.0938770880130327,-0.528413230361849
-0.679821625534459,-0.595247679220661,1.21613881124709,-0.366671538522137,-1.03560700016078,-0.583325792810068,-0.709702887732765,-0.858132819965544
-0.679821625534459,-0.595247679220661,1.16067489465023,-0.735227076514545,-1.11953036911006,-0.435520656795618,0.249543447096883,-0.858132819965544
-0.679821625534459,-0.595247679220661,1.16067489465023,-0.710656745153396,-1.09621230712251,-1.06013268008405,0.443601249183389,-0.858132819965544
-0.679821625534459,-0.595247679220661,1.16067489465023,-0.907219386214451,-1.06441272477529,1.13763083260482,0.00393961330972441,-0.858132819965544
-0.679821625534459,-0.595247679220661,1.21613881124709,-0.759797405418659,-1.03624128986221,0.706822286731013,0.967610695215591,-0.858132819965544
-0.679821625534459,-0.595247679220661,1.43799447763451,-0.907219386214451,-1.01886398843171,-0.177901787067923,1.1096497807996,-0.858132819965544
-0.679821625534459,-0.595247679220661,1.38253056103766,-0.735227076514545,-0.977660105000506,1.21773727799308,1.86531713929512,-0.858132819965544
-0.679821625534459,-0.595247679220661,1.27160272784394,-1.1037820272755,-1.02958145759331,-0.152735161361891,0.425910433220831,-0.858132819965544
-0.679821625534459,-0.595247679220661,1.16067489465023,-0.858078725949186,-1.08815895464129,-1.37028596543035,0.361115082706389,-0.858132819965544
-0.679821625534459,-0.595247679220661,1.10521097805337,-1.15292297992797,-1.07954903727559,-0.917218791148134,0.0634264472301519,-0.858132819965544
-0.679821625534459,-0.595247679220661,1.21613881124709,-0.686086416249281,-1.03513817507871,0.23973860923498,-1.17404096189671,-0.858132819965544
-0.679821625534459,-0.595247679220661,1.04974706145651,-0.784367736779809,-1.03384728565442,2.14609365784851,0.407691375432665,-0.858132819965544
-0.679821625534459,-0.595247679220661,0.994283144859657,-0.9317897175756,-1.06012850580674,-2.68179727028818,-0.956238219007231,-0.858132819965544
-0.679821625534459,-0.595247679220661,1.3270666444408,-0.808938065683922,-0.998217183649495,0.713449623108385,0.29741873885034,-0.858132819965544
-0.679821625534459,-0.595247679220661,1.16067489465023,-0.735227076514545,-1.01219053986357,-1.662696465519,-0.426504511194346,-0.858132819965544
-0.679821625534459,-0.595247679220661,1.21613881124709,-1.2512043004585,-1.01511555756193,-2.47594910741095,-1.06546135494402,-0.858132819965544
-0.679821625534459,-0.595247679220661,1.04974706145651,-0.882649057310336,-1.04640293018119,-1.13643229813273,-0.623825349725576,-0.858132819965544
-0.679821625534459,-0.595247679220661,1.10521097805337,-1.07921169591436,-1.04153702933517,-0.338689132019545,-0.128254701588569,-0.858132819965544
-0.679821625534459,-0.595247679220661,0.994283144859657,-0.833508397045073,-0.953527454105817,-0.0231929652977383,-0.40331096503408,-0.858132819965544
-0.679821625534459,-0.595247679220661,0.883355311665943,-1.05464136701024,-1.02980679413296,2.22487428289768,0.370019838287231,-0.858132819965544
-0.679821625534459,-0.595247679220661,0.772427478472229,-1.76718181678966,-0.989392257777129,1.25624536815746,-1.04761253456741,-0.858132819965544
-0.679821625534459,-0.595247679220661,0.772427478472229,-1.1037820272755,-1.09817557855349,1.53519658342867,-0.0708646661527716,-0.858132819965544
-0.679821625534459,-0.595247679220661,0.827891395069086,-1.64432987251078,-0.989637422137636,0.217311398267703,-1.20116553238728,-0.858132819965544
-0.679821625534459,-0.595247679220661,0.827891395069086,-1.27577462936262,-0.979546564458553,0.699018203681814,-0.533536796661252,-0.858132819965544
-0.679821625534459,-0.595247679220661,0.827891395069086,-0.464952859052665,-0.931094798201906,-1.38023168238539,-1.26377489460291,-0.858132819965544
-0.679821625534459,-0.595247679220661,1.10521097805337,-0.268390220448646,-1.01418191713081,-0.919923318256724,-0.858643407601889,-0.858132819965544
-0.679821625534459,-0.595247679220661,1.21613881124709,-1.34948562098903,-0.987575992252225,1.26447098204497,0.435564194655918,-0.858132819965544
-0.679821625534459,-0.595247679220661,1.27160272784394,-2.28315904073362,-1.05114715186861,3.68590420955334,0.750286280266946,-0.858132819965544
-0.679821625534459,-0.595247679220661,0.883355311665943,-1.20206364019324,-1.07360732109983,0.34599570159067,0.211007582659577,-0.858132819965544
-1.38066866216792,-0.595247679220661,0.9388192282628,-1.47233756281088,-1.02227202576207,1.42802723371335,-0.0778382654497105,-0.792192287082427
-1.38066866216792,-0.595247679220661,0.606035728681658,-1.79175214569378,-1.0947899795687,-0.595278147351892,0.0881985699869536,-0.792192287082427
-1.38066866216792,-0.595247679220661,0.495107895487944,-1.74261148542851,-1.00699346992361,-0.706966947953846,0.176429163312996,-0.792192287082427
-1.38066866216792,-0.595247679220661,0.162324395906802,-1.47233756281088,-1.04226747373349,0.270640278802254,0.652107903010923,-0.792192287082427
-1.38066866216792,-0.595247679220661,-0.392314770061768,-1.34948562098903,-0.996500617419134,2.02329707846063,0.389225819928354,-0.792192287082427
-1.38066866216792,-0.595247679220661,0.217788312503659,-2.28315904073362,-1.10305903572483,1.23986552676139,0.621639133041676,-0.792192287082427
-1.38066866216792,-0.595247679220661,0.273252229100516,-2.30772936963774,-0.992851335159112,-0.542938720951458,0.220636743605502,-0.792192287082427
-1.38066866216792,-0.595247679220661,0.273252229100516,-2.08659639967257,-1.07702385855724,-0.812906988917531,-0.066736118544336,-0.792192287082427
-1.38066866216792,-0.595247679220661,-0.114995187077483,-2.16030739129898,-1.02468160661823,0.605785233274503,0.03829901984388,-0.792192287082427
-1.38066866216792,-0.595247679220661,0.38418006229423,-1.64432987251078,-1.04717957601927,0.301853196012504,-0.440909133423894,-0.792192287082427
-1.38066866216792,-0.595247679220661,0.106860479309945,-1.69347053277605,-1.02780149068748,0.00756107289904393,0.212598688028198,-0.792192287082427
-1.38066866216792,-0.595247679220661,0.106860479309945,-1.71804086413719,-0.95512021701716,2.56562581446209,0.0854358314219129,-0.792192287082427
-1.38066866216792,-0.595247679220661,-0.447778686658626,-2.16030739129898,-0.961351472988345,0.600646133145585,-0.486364166874334,-0.792192287082427
-1.38066866216792,-0.595247679220661,0.106860479309945,-1.74261148542851,-0.91302644978228,-2.09838606269602,0.431322962618548,-0.792192287082427
-1.38066866216792,-0.595247679220661,0.38418006229423,-1.81632247705493,-0.800870385564213,2.37145085457174,1.08299293358001,-0.792192287082427
-1.38066866216792,-0.595247679220661,0.439643978891087,-2.30772936963774,-0.847519710448595,0.227373668753436,0.969559799354252,-0.792192287082427
-1.38066866216792,-0.595247679220661,0.550571812084801,-1.89003346622431,-0.812478632996214,0.5730666207137,0.263244712338196,-0.792192287082427
-1.38066866216792,-0.595247679220661,0.606035728681658,-2.06202607076845,-0.870999758362596,-1.37250197266521,0.0298013422956632,-0.792192287082427
-1.38066866216792,-0.595247679220661,0.883355311665943,-2.0374557394073,-0.821476704558491,1.55041463683084,-0.757097247822227,-0.792192287082427
-1.38066866216792,-0.595247679220661,0.9388192282628,-1.59518921224552,-0.794683824095596,1.00088439076042,-0.232860846653188,-0.792192287082427
-1.38066866216792,-0.595247679220661,0.661499645278515,-1.71804086413719,-0.79346797957343,1.21227461686176,0.445598297895891,-0.792192287082427
-1.38066866216792,-0.595247679220661,0.827891395069086,-1.49690789417203,-0.758331824396306,2.06198723832032,-0.299421874200854,-0.792192287082427
-1.38066866216792,-0.595247679220661,0.495107895487944,-1.93917412648957,-0.746981447314841,0.0123406064492317,-0.362758499368985,-0.792192287082427
-1.38066866216792,-0.595247679220661,0.328716145697373,-2.06202607076845,-0.888757707186457,0.222597851942205,0.57842674134904,-0.792192287082427
-1.38066866216792,-0.595247679220661,1.16067489465023,-1.49690789417203,-1.09359857619909,0.499469961192789,0.589757098305336,-0.792192287082427
-1.38066866216792,-0.595247679220661,1.3270666444408,-1.93917412648957,-1.04263651967489,-1.42808350141912,0.263588224948386,-0.792192287082427
-1.38066866216792,-0.595247679220661,1.60438622742508,-1.64432987251078,-1.09513858902096,0.0308800127568005,-0.201159293004661,-0.792192287082427
-1.38066866216792,-0.595247679220661,1.7153140606188,-1.66890020387193,-1.01432806595844,1.30043354868219,0.26546785920939,-0.792192287082427
-1.38066866216792,-0.595247679220661,1.60438622742508,-1.69347053277605,-1.02073972189353,1.7591014644042,0.273477587808797,-0.792192287082427
-1.38066866216792,-0.595247679220661,1.54892231082823,-1.34948562098903,-1.05060444567338,-1.33670579257372,-0.470692691488837,-0.792192287082427
