id,Time,Latitude,Longitude,SpeedOverGround (m/s),CourseOverGround (deg),Temperature (C),Humidity (%),Pressure (hPa),Device1_MAC,Device1_WindSpeed (m/s),Device1_WindAngle (deg),Device1_TrueWindAngle (deg),Device1_TrueWindSpeed (m/s),Device1_CrossWindSpeed (m/s),Device1_TrueWindDirection (deg),Device1_VelocityMadeGood (m/s),Device2_MAC,Device2_WindSpeed (m/s),Device2_WindAngle (deg),Device2_TrueWindAngle (deg),Device2_TrueWindSpeed (m/s),Device2_CrossWindSpeed (m/s),Device2_TrueWindDirection (deg),Device2_VelocityMadeGood (m/s),Device3_MAC,Device3_WindSpeed (m/s),Device3_WindAngle (deg),Device3_TrueWindAngle (deg),Device3_TrueWindSpeed (m/s),Device3_CrossWindSpeed (m/s),Device3_TrueWindDirection (deg),Device3_VelocityMadeGood (m/s)
1,2025-05-16 10:36:15.674944,39.86771,0.0076634,4.307537078857422,145.0128937403213,23.670000000000016,49.0,1011.0,,7.1,328.0,294.4869822625666,4.134282924291271,,79.49987600288785,1.7854159096662217,,,,,,,,,,,,,,,,
2,2025-05-16 10:36:20.674936,39.8676395,0.0074312,4.481348037719727,132.50930355888582,23.670000000000016,49.0,1011.0,,7.2,327.0,291.65666002007003,4.219227950492248,,64.16596357895583,1.6538138529564768,,,,,,,,,,,,,,,,
3,2025-05-16 10:36:25.675437,39.8675841,0.0071685,4.307199478149414,127.88015650928801,23.670000000000016,49.0,1011.0,,8.0,328.0,300.29906064762156,4.910047888687196,,68.17921715690954,2.173040148487572,,,,,,,,,,,,,,,,
4,2025-05-16 10:36:30.675657,39.8675338,0.0069162,4.4823503494262695,127.88814783061693,23.670000000000016,49.0,1011.0,,7.8,329.0,298.74550509191556,4.581956778258301,,66.63365292253252,2.155651873551715,,,,,,,,,,,,,,,,
5,2025-05-16 10:36:35.675203,39.8674604,0.0066624,4.17943000793457,127.62209830206659,23.670000000000016,49.0,1011.0,,8.5,328.0,303.9193236082749,5.428034169937477,,71.54142191034151,2.3322264622975672,,,,,,,,,,,,,,,,
6,2025-05-16 10:36:40.675262,39.867391,0.0064118,4.93503999710083,127.77911069070684,23.670000000000016,49.0,1011.0,,8.0,327.0,292.15737617154616,4.704535579390802,,59.93648686225299,1.8612597262500437,,,,,,,,,,,,,,,,
7,2025-05-16 10:36:45.674602,39.8673139,0.0061124,4.622824668884277,127.91892466301701,23.670000000000016,49.0,1011.0,,7.9,326.0,293.56252103961094,4.819448258689242,,61.48144570262798,1.847971967585425,,,,,,,,,,,,,,,,
8,2025-05-16 10:36:50.675034,39.8672322,0.005769,4.759698867797852,127.84556843133107,23.670000000000016,49.0,1011.0,,8.2,329.0,298.2479522951696,4.794273493367597,,66.09352072650069,2.252709236191726,,,,,,,,,,,,,,,,
9,2025-05-16 10:36:55.675102,39.8671797,0.0055459,4.720556735992432,127.75648910417576,23.670000000000016,49.0,1011.0,,8.0,329.0,297.41116372667125,4.6414163672843065,,65.16765283084703,2.173215739701614,,,,,,,,,,,,,,,,
10,2025-05-16 10:37:00.674946,39.8671073,0.0053188,4.311858654022217,127.75803272692819,23.670000000000016,49.0,1011.0,,7.8,331.0,303.57626352155773,4.538814252889312,,71.33429624848594,2.384658075809391,,,,,,,,,,,,,,,,
11,2025-05-16 10:37:05.674904,39.867035,0.0051103,4.6376848220825195,127.65633121018669,23.670000000000016,49.0,1011.0,,8.2,329.0,299.5169742057719,4.8532116489565835,,67.17330541595857,2.2849009878052393,,,,,,,,,,,,,,,,
12,2025-05-16 10:37:10.677618,39.8669505,0.0048557,4.739390850067139,128.10018422321082,23.670000000000016,49.0,1011.0,,7.0,340.0,307.52060763428346,3.0185819694193037,,75.62079185749428,2.8865105272508034,,,,,,,,,,,,,,,,
13,2025-05-16 10:37:15.674974,39.866871,0.0045977,3.994847297668457,127.87437816925018,23.670000000000016,49.0,1011.0,,7.0,337.0,311.8373366300292,3.671094709131928,,79.71171479927938,2.6646355181504893,,,,,,,,,,,,,,,,
14,2025-05-16 10:37:20.675333,39.8667737,0.0042616,5.143871784210205,128.0307348597301,23.670000000000016,49.0,1011.0,,7.2,331.0,288.28483069484935,3.676248279217151,,56.31556555457945,1.6138438913714863,,,,,,,,,,,,,,,,
15,2025-05-16 10:37:25.674485,39.8667186,0.0040888,4.3647308349609375,127.76262261405043,23.670000000000016,49.0,1011.0,,6.5,326.0,285.73403560813824,3.776246698789791,,53.49665822218867,1.1835939652837277,,,,,,,,,,,,,,,,
16,2025-05-16 10:37:30.675224,39.8666517,0.003853,4.687687397003174,127.67663053239997,23.670000000000016,49.0,1011.0,,7.6,334.0,302.75215188428473,3.961411008376106,,70.42878241668473,2.536067281103811,,,,,,,,,,,,,,,,
17,2025-05-16 10:37:35.674886,39.8665614,0.0035822,5.177216529846191,127.94985175957882,23.670000000000016,49.0,1011.0,,7.3,330.0,287.4132672263124,3.8253099057613222,,55.36311898589122,1.549342853257348,,,,,,,,,,,,,,,,
18,2025-05-16 10:37:40.674889,39.8665205,0.0033304,4.90100622177124,127.63982947315195,23.670000000000016,49.0,1011.0,,7.2,322.0,279.88783591611394,4.499600566256086,,47.527665389265906,0.8416005650707394,,,,,,,,,,,,,,,,
19,2025-05-16 10:37:45.674936,39.8664468,0.0030274,4.670674800872803,127.89855703891203,23.670000000000016,49.0,1011.0,,7.2,322.0,282.74964155037884,4.544821089108488,,50.64819858929087,1.0307774485270722,,,,,,,,,,,,,,,,
20,2025-05-16 10:37:50.678094,39.8663913,0.0027693,4.581071376800537,127.66253302195307,23.670000000000016,49.0,1011.0,,8.5,322.0,292.0254205591665,5.645116945116549,,59.68795358111959,1.7179838704135453,,,,,,,,,,,,,,,,
21,2025-05-16 10:37:55.675158,39.8663312,0.0025536,4.5499267578125,127.98474036585925,23.670000000000016,49.0,1011.0,,8.5,320.0,289.74799512100265,5.805105480635795,,57.732735486861884,1.5373464717198557,,,,,,,,,,,,,,,,
22,2025-05-16 10:38:00.677749,39.8662631,0.0023444,4.450296878814697,127.79790737130271,23.670000000000016,49.0,1011.0,,8.5,313.0,282.22318104342895,6.360701562418951,,50.02108841473165,0.942217867528353,,,,,,,,,,,,,,,,
23,2025-05-16 10:38:05.676809,39.866194,0.002107,4.5796709060668945,127.89642601989098,23.670000000000016,49.0,1011.0,,8.5,313.0,281.07945336415094,6.334572503278737,,48.975879384041946,0.8800756157624096,,,,,,,,,,,,,,,,
24,2025-05-16 10:38:10.674868,39.8661347,0.0019108,4.739269256591797,127.49492017972095,23.670000000000016,49.0,1011.0,,8.6,318.0,286.015577122239,5.986894201812422,,53.51049730195996,1.307558159712337,,,,,,,,,,,,,,,,
25,2025-05-16 10:38:15.674796,39.866043,0.001662,4.640337944030762,127.91615160621399,23.670000000000016,49.0,1011.0,,8.6,317.0,285.7061062664445,6.092668456609312,,53.62225787265851,1.2561536010072596,,,,,,,,,,,,,,,,
26,2025-05-16 10:38:20.674903,39.8659498,0.0013697,4.560170650482178,127.7893696348402,23.670000000000016,49.0,1011.0,,8.4,313.0,280.77034421979965,6.253532661911035,,48.55971385463988,0.8521721610098456,,,,,,,,,,,,,,,,
27,2025-05-16 10:38:25.675036,39.8658849,0.0011253,4.60963249206543,127.86851786694231,23.670000000000016,49.0,1011.0,,8.7,311.0,279.4941763841108,6.657160657555005,,47.362694251053085,0.7603466994677069,,,,,,,,,,,,,,,,
28,2025-05-16 10:38:30.674858,39.8658421,0.0008131,4.540402412414551,127.79525725790475,23.670000000000016,49.0,1011.0,,8.4,310.0,277.60377432893586,6.4918573549217795,,45.39903158684058,0.6007937012644171,,,,,,,,,,,,,,,,
29,2025-05-16 10:38:35.677802,39.8657666,0.0006501,4.470216274261475,127.7385530274153,23.670000000000016,49.0,1011.0,,8.8,316.0,286.92320359516935,6.389694409906487,,54.661756622584676,1.301233732207625,,,,,,,,,,,,,,,,
30,2025-05-16 10:38:40.677598,39.8656833,0.0003725,4.539764881134033,127.57876758197203,23.670000000000016,49.0,1011.0,,8.9,315.0,285.569407719718,6.532971092734371,,53.14817530169006,1.2184979314561417,,,,,,,,,,,,,,,,
31,2025-05-16 10:38:45.674863,39.8656051,0.0001432,4.649693012237549,127.86395530057675,23.670000000000016,49.0,1011.0,,8.7,318.0,287.3223504547815,6.098013352843956,,55.18630575535826,1.3844335083828239,,,,,,,,,,,,,,,,
32,2025-05-16 10:38:50.675021,39.8655419,-0.0001061,4.639981746673584,127.74004200865437,23.670000000000016,49.0,1011.0,,8.6,312.0,279.8923914040591,6.487500694069903,,47.63243341271345,0.7971408885114034,,,,,,,,,,,,,,,,
33,2025-05-16 10:38:55.675132,39.8654833,-0.0003768,4.739522933959961,127.51646259636317,23.670000000000016,49.0,1011.0,,8.8,314.0,282.2418028710807,6.477478702992192,,49.75826546744389,1.0049583030459133,,,,,,,,,,,,,,,,
34,2025-05-16 10:39:00.675223,39.8654235,-0.0006517,4.504419326782227,127.709333478146,23.670000000000016,49.0,1011.0,,8.9,316.0,287.0638592716367,6.467154653035559,,54.77319274978271,1.3217649908995615,,,,,,,,,,,,,,,,
35,2025-05-16 10:39:05.675917,39.8653793,-0.0008606,4.022179126739502,127.71142351603201,23.670000000000016,49.0,1011.0,,8.6,313.0,286.33177336800577,6.554103169204687,,54.0431968840378,1.131032449222273,,,,,,,,,,,,,,,,
36,2025-05-16 10:39:10.678221,39.8653187,-0.0010951,4.717343330383301,127.82110269372409,23.670000000000016,49.0,1011.0,,8.7,316.0,284.30389022502123,6.236877521086467,,52.124992918745306,1.1654895130698342,,,,,,,,,,,,,,,,
37,2025-05-16 10:39:15.675018,39.8652076,-0.0014046,4.500444412231445,127.44033330787421,23.670000000000016,49.0,1011.0,,8.7,314.0,283.8510024143343,6.445686764439807,,51.29133572220849,1.0773966168946585,,,,,,,,,,,,,,,,
38,2025-05-16 10:39:20.674964,39.8651278,-0.0016362,4.529855728149414,127.74159929178514,23.670000000000016,49.0,1011.0,,8.7,313.0,282.43935772854616,6.5157371203940935,,50.18095702033128,0.9757588915205694,,,,,,,,,,,,,,,,
39,2025-05-16 10:39:25.674505,39.8650773,-0.0018298,4.254245758056641,127.71360917656642,23.670000000000016,49.0,1011.0,,8.7,314.0,285.95562738556515,6.509016958082845,,53.66923656213157,1.1694616381773182,,,,,,,,,,,,,,,,
40,2025-05-16 10:39:30.675005,39.8650247,-0.002094,4.529284954071045,128.02147312321557,23.670000000000016,49.0,1011.0,,8.4,317.0,285.7351880285788,5.951828767037077,,53.75666115179439,1.2283041654081617,,,,,,,,,,,,,,,,
41,2025-05-16 10:39:35.678009,39.8649719,-0.0023527,4.380385875701904,127.85511703579074,23.670000000000016,49.0,1011.0,,8.7,314.0,284.8824602128437,6.475477788514626,,52.73757724863441,1.125044936162708,,,,,,,,,,,,,,,,
42,2025-05-16 10:39:40.675870,39.8649077,-0.0025567,4.708578586578369,127.36756447245689,23.670000000000016,49.0,1011.0,,8.5,319.0,287.01451760496013,5.831753856354188,,54.38208207741701,1.377796032612395,,,,,,,,,,,,,,,,
43,2025-05-16 10:39:45.677834,39.864798,-0.0028763,4.43044900894165,127.37521428432731,23.670000000000016,49.0,1011.0,,8.5,321.0,292.12939303348094,5.774606825598719,,59.50460731780822,1.6689480488499042,,,,,,,,,,,,,,,,
44,2025-05-16 10:39:50.675055,39.8647369,-0.0030793,4.748409748077393,128.14511320757114,23.670000000000016,49.0,1011.0,,8.5,319.0,286.63956902664313,5.820223326023142,,54.7846822342143,1.3597077305274508,,,,,,,,,,,,,,,,
45,2025-05-16 10:39:55.674949,39.8646366,-0.0033782,4.666450500488281,128.08070452369793,23.670000000000016,49.0,1011.0,,8.6,316.0,284.27390292239113,6.164367513942577,,52.35460744608906,1.1505489287796997,,,,,,,,,,,,,,,,
46,2025-05-16 10:40:00.674445,39.8645734,-0.0036185,4.5305585861206055,127.91016836050105,23.670000000000016,49.0,1011.0,,8.5,319.0,288.67170543609507,5.886306960588555,,56.58187379659614,1.450436528181694,,,,,,,,,,,,,,,,
47,2025-05-16 10:40:05.675397,39.8645147,-0.0038694,4.13204288482666,127.71675106358462,23.670000000000016,49.0,1011.0,,8.5,319.0,292.26391757315525,6.025728871585268,,59.98066863673989,1.565521247816575,,,,,,,,,,,,,,,,
48,2025-05-16 10:40:10.674949,39.8644535,-0.0040819,4.538969039916992,127.78844072911308,23.670000000000016,49.0,1011.0,,8.4,320.0,289.3468294263511,5.722566397048713,,57.135270155464184,1.5036954306829542,,,,,,,,,,,,,,,,
49,2025-05-16 10:40:15.677987,39.8643681,-0.0043225,4.440249919891357,127.81098035337412,23.670000000000016,49.0,1011.0,,8.5,317.0,287.0356066922318,6.06301366447744,,54.84658704560593,1.300842025615341,,,,,,,,,,,,,,,,
50,2025-05-16 10:40:20.674897,39.8643048,-0.0045212,4.519617080688477,127.75653008531079,23.670000000000016,49.0,1011.0,,8.3,316.0,284.1249409590488,5.945419002233535,,51.88147104435956,1.1029545879695308,,,,,,,,,,,,,,,,
51,2025-05-16 10:40:25.674948,39.8641904,-0.0048743,4.470391750335693,127.68537317453759,23.670000000000016,49.0,1011.0,,8.1,317.0,284.7420097140508,5.712224962471042,,52.4273828885884,1.1375675557279983,,,,,,,,,,,,,,,,
52,2025-05-16 10:40:30.674842,39.8641371,-0.0051562,4.679137706756592,127.86105930036865,23.670000000000016,49.0,1011.0,,7.9,318.0,282.70438551560216,5.4187963130319545,,50.56544481597081,1.0290400482722715,,,,,,,,,,,,,,,,
53,2025-05-16 10:40:35.674444,39.8640773,-0.0054128,4.5206685066223145,127.72703732847467,23.670000000000016,49.0,1011.0,,7.6,320.0,284.9155720438206,5.055525919112249,,52.64260937229528,1.1635994081188894,,,,,,,,,,,,,,,,
54,2025-05-16 10:40:40.674980,39.8640159,-0.0056115,4.639222621917725,127.65454170062415,23.670000000000016,49.0,1011.0,,7.6,320.0,283.60957616781934,5.02631631963726,,51.26411786844346,1.0916302338913342,,,,,,,,,,,,,,,,
55,2025-05-16 10:40:45.675165,39.8639544,-0.005848,4.58010196685791,127.8156112216314,23.670000000000016,49.0,1011.0,,8.2,319.0,286.6465774772168,5.615008991011907,,54.462188698848195,1.3120495468150981,,,,,,,,,,,,,,,,
56,2025-05-16 10:40:50.678270,39.8638824,-0.0060685,4.5101165771484375,128.00692482028344,23.670000000000016,49.0,1011.0,,8.0,318.0,285.0069701041286,5.542060518773349,,53.01389492441206,1.167834023368765,,,,,,,,,,,,,,,,
57,2025-05-16 10:40:55.675136,39.8638098,-0.0062996,4.499972343444824,128.02513410461071,23.670000000000016,49.0,1011.0,,8.1,316.0,283.2669822785025,5.781020838688171,,51.29211638311324,1.032693645642892,,,,,,,,,,,,,,,,
58,2025-05-16 10:41:00.674987,39.8637461,-0.0065472,4.430285453796387,127.53411180517848,23.670000000000016,49.0,1011.0,,8.0,315.0,282.233994204987,5.788304674995532,,49.768106010165525,0.938798179910372,,,,,,,,,,,,,,,,
59,2025-05-16 10:41:05.675121,39.8636893,-0.0068105,4.618941307067871,127.79906850346163,23.670000000000016,49.0,1011.0,,7.6,312.0,274.7212541339939,5.6671296822656565,,42.520322637455536,0.380176792118422,,,,,,,,,,,,,,,,
60,2025-05-16 10:41:10.674795,39.8636292,-0.0070872,4.525853633880615,127.71901868638908,23.670000000000016,49.0,1011.0,,7.9,317.0,283.0804607477952,5.531306730505264,,50.79947943418426,1.0242873239396095,,,,,,,,,,,,,,,,
61,2025-05-16 10:41:15.675083,39.8635644,-0.007343,4.370406627655029,127.51661286052492,23.670000000000016,49.0,1011.0,,8.5,316.0,286.45503393543316,6.156762766676782,,53.971646795958065,1.2379734871642236,,,,,,,,,,,,,,,,
62,2025-05-16 10:41:20.677748,39.8634969,-0.0075908,4.539434432983398,127.75512306634177,23.670000000000016,49.0,1011.0,,8.3,317.0,285.132619878628,5.863922821179057,,52.88774294496977,1.18503812206602,,,,,,,,,,,,,,,,
63,2025-05-16 10:41:25.674990,39.8634358,-0.0078467,4.510084629058838,127.8082072965711,23.670000000000016,49.0,1011.0,,8.1,318.0,285.56183494792293,5.626206295325424,,53.370042244494016,1.2099573537216166,,,,,,,,,,,,,,,,
64,2025-05-16 10:41:30.674873,39.8633721,-0.0081133,4.480195999145508,127.79014827640559,23.670000000000016,49.0,1011.0,,8.6,316.0,285.9387581715963,6.21291264288351,,53.72890644800191,1.2303054283766366,,,,,,,,,,,,,,,,
65,2025-05-16 10:41:35.675581,39.8633267,-0.0083212,3.8827271461486816,127.93020813552587,23.670000000000016,49.0,1011.0,,8.6,312.0,286.32414226948396,6.659510724807809,,54.25435040500986,1.0913224270803576,,,,,,,,,,,,,,,,
66,2025-05-16 10:41:40.675077,39.863258,-0.0086099,4.477790355682373,127.88443220770844,23.670000000000016,49.0,1011.0,,8.1,317.0,284.67021818979674,5.710346743574746,,52.554650397505156,1.13402339475059,,,,,,,,,,,,,,,,
67,2025-05-16 10:41:45.675226,39.8631824,-0.0088768,4.470123291015625,127.5269127857933,23.670000000000016,49.0,1011.0,,8.0,314.0,280.69786916577465,5.856506233197123,,48.224781951567934,0.8297893075354018,,,,,,,,,,,,,,,,
68,2025-05-16 10:41:50.675186,39.8631084,-0.0091193,4.559780597686768,127.81453205174253,23.670000000000016,49.0,1011.0,,8.1,316.0,282.688688442659,5.76758928239921,,50.50322049440149,1.0015722518392576,,,,,,,,,,,,,,,,
69,2025-05-16 10:41:55.677444,39.8630434,-0.0093177,4.569943904876709,127.94828081606973,23.670000000000016,49.0,1011.0,,8.0,314.0,279.7353151024384,5.838800451882979,,47.683595918508104,0.7727633495730405,,,,,,,,,,,,,,,,
70,2025-05-16 10:42:00.678400,39.8629527,-0.0096117,4.899360656738281,127.86783484802531,23.670000000000016,49.0,1011.0,,8.3,311.0,274.980868861537,6.2878339868010515,,42.8487037095623,0.425377715192838,,,,,,,,,,,,,,,,
71,2025-05-16 10:42:05.677744,39.862894,-0.0098619,4.481037139892578,127.72725589452811,23.670000000000016,49.0,1011.0,,7.9,311.0,276.7135640290124,6.003370788663411,,44.440819923540516,0.5238594737979325,,,,,,,,,,,,,,,,
72,2025-05-16 10:42:10.675056,39.8628438,-0.010104,4.4401164054870605,127.78074993610765,23.670000000000016,49.0,1011.0,,8.1,312.0,279.24543846026825,6.098700321741861,,47.026188396375915,0.7133668021275344,,,,,,,,,,,,,,,,
73,2025-05-16 10:42:15.674494,39.8628024,-0.0102941,4.668766498565674,127.71817174293199,23.670000000000016,49.0,1011.0,,7.7,314.0,277.00009709823905,5.580513919680019,,44.71826884117104,0.5689873607996004,,,,,,,,,,,,,,,,
74,2025-05-16 10:42:20.675597,39.8627508,-0.0105467,4.192160129547119,127.76139317999983,23.670000000000016,49.0,1011.0,,8.0,318.0,288.1324255255214,5.632769552026355,,55.8938187055212,1.3046602107761374,,,,,,,,,,,,,,,,
75,2025-05-16 10:42:25.674979,39.8626965,-0.0107763,4.15014123916626,127.85514435654743,23.670000000000016,49.0,1011.0,,8.1,314.0,284.2205316951779,6.010840259811515,,52.07567605172534,1.0195019777804593,,,,,,,,,,,,,,,,
76,2025-05-16 10:42:30.675064,39.8626125,-0.0110496,4.629071235656738,127.80670465495369,23.670000000000016,49.0,1011.0,,8.0,313.0,278.0445070333986,5.908975938646098,,45.85121168835229,0.6478028452990272,,,,,,,,,,,,,,,,
77,2025-05-16 10:42:35.675155,39.8625497,-0.0112604,4.809123516082764,127.79681454103552,23.670000000000016,49.0,1011.0,,7.7,316.0,277.769389889336,5.398425896967727,,45.566204430371556,0.6501273682343874,,,,,,,,,,,,,,,,
78,2025-05-16 10:42:40.675141,39.8624596,-0.0115754,4.590489864349365,127.68912977858109,23.670000000000016,49.0,1011.0,,7.9,318.0,283.6154032937968,5.438979346067728,,51.30453307237792,1.0806169439541053,,,,,,,,,,,,,,,,
79,2025-05-16 10:42:45.674665,39.8624177,-0.0118116,4.679342269897461,127.95384059005411,23.670000000000016,49.0,1011.0,,8.1,318.0,283.8883133055643,5.583179593005735,,51.84215389561837,1.1231827083895727,,,,,,,,,,,,,,,,
80,2025-05-16 10:42:50.674394,39.8623983,-0.0120557,4.241217136383057,127.90413047327476,23.670000000000016,49.0,1011.0,,7.7,315.0,282.46427974589875,5.57614781678043,,50.368410219173484,0.915385770149821,,,,,,,,,,,,,,,,
81,2025-05-16 10:42:55.675125,39.8623794,-0.0122771,4.319746017456055,127.72955083808924,23.670000000000016,49.0,1011.0,,7.7,312.0,278.278221079099,5.782465033779909,,46.00777191718828,0.621957282557349,,,,,,,,,,,,,,,,
82,2025-05-16 10:43:00.678358,39.8623271,-0.0125599,4.556899070739746,127.57649995916759,23.670000000000016,49.0,1011.0,,7.7,314.0,278.1371639132981,5.595249115578806,,45.713663872465645,0.644998823520582,,,,,,,,,,,,,,,,
83,2025-05-16 10:43:05.674972,39.8622313,-0.0128234,4.316736221313477,127.82678541111353,23.670000000000016,49.0,1011.0,,8.1,320.0,289.93373726195034,5.538398733342389,,57.76052267306386,1.4717185102591503,,,,,,,,,,,,,,,,
84,2025-05-16 10:43:10.674891,39.8621594,-0.0130118,4.6883015632629395,127.52949459729956,23.670000000000016,49.0,1011.0,,8.0,318.0,283.2133068989675,5.498616080054221,,50.74280149626708,1.0716377979929095,,,,,,,,,,,,,,,,
85,2025-05-16 10:43:15.678156,39.8620705,-0.0133423,4.510315418243408,127.71501619553544,23.670000000000016,49.0,1011.0,,8.2,317.0,284.88819183683995,5.786649876721931,,52.60320803237539,1.1588516946689167,,,,,,,,,,,,,,,,
86,2025-05-16 10:43:20.675200,39.8620063,-0.0135706,4.898255348205566,127.86482956479051,23.670000000000016,49.0,1011.0,,7.8,315.0,276.3848428554927,5.549856585724837,,44.24967242028322,0.5447155551022698,,,,,,,,,,,,,,,,
87,2025-05-16 10:43:25.675558,39.8619144,-0.0138085,4.361887454986572,127.8681763574838,23.670000000000016,49.0,1011.0,,7.9,314.0,281.2067141413052,5.793247827478666,,49.074890498789046,0.847729782321368,,,,,,,,,,,,,,,,
88,2025-05-16 10:43:30.675336,39.8618319,-0.0140759,4.5994391441345215,127.52434463466537,23.670000000000016,49.0,1011.0,,8.1,318.0,284.68154864414487,5.602895694156429,,52.20589327881021,1.1657114564376256,,,,,,,,,,,,,,,,
89,2025-05-16 10:43:35.675032,39.8617853,-0.0143426,4.5011138916015625,127.64668698307864,23.670000000000016,49.0,1011.0,,8.2,318.0,286.1864242926018,5.71334949984223,,53.833111275680494,1.2547465569785203,,,,,,,,,,,,,,,,
90,2025-05-16 10:43:40.675075,39.8616979,-0.0145902,4.485604286193848,128.04999599318955,23.670000000000016,49.0,1011.0,,8.2,313.0,280.4564469898391,6.098375163296769,,48.50644298302865,0.8140836115760353,,,,,,,,,,,,,,,,
91,2025-05-16 10:43:45.674990,39.8616352,-0.0148262,4.579635143280029,127.7035004965948,23.670000000000016,49.0,1011.0,,8.2,316.0,283.0370483000026,5.846906125488445,,50.74054879659741,1.0330789014635426,,,,,,,,,,,,,,,,
92,2025-05-16 10:43:50.674924,39.8615975,-0.0150258,4.610901355743408,127.78610480441694,23.670000000000016,49.0,1011.0,,8.1,314.0,279.8896726720389,5.914540684949632,,47.675777476455835,0.7919293883223092,,,,,,,,,,,,,,,,
93,2025-05-16 10:43:55.674932,39.8615564,-0.015336,4.310673713684082,127.68314653286816,23.670000000000016,49.0,1011.0,,8.4,316.0,286.5301119587876,6.0866912057866385,,54.21325849165578,1.2264695049223453,,,,,,,,,,,,,,,,
94,2025-05-16 10:44:00.674996,39.8614753,-0.015571,4.39976692199707,127.82099341069737,23.670000000000016,49.0,1011.0,,8.6,313.0,283.1153246396867,6.458099346557066,,50.9363180503841,0.9983590504049855,,,,,,,,,,,,,,,,
95,2025-05-16 10:44:05.675513,39.8614015,-0.0158082,4.499728202819824,127.83558269476451,23.670000000000016,49.0,1011.0,,8.2,312.0,279.2015075894436,6.1732242614443225,,47.03709028420815,0.7195387647058002,,,,,,,,,,,,,,,,
96,2025-05-16 10:44:10.674957,39.8613467,-0.0160026,4.798576831817627,127.75331989640088,23.670000000000016,49.0,1011.0,,8.2,312.0,276.4442540641528,6.132535834274777,,44.197573960553655,0.5385752981303255,,,,,,,,,,,,,,,,
97,2025-05-16 10:44:15.674957,39.8612665,-0.0163037,4.532322406768799,127.54315497563958,23.670000000000016,49.0,1011.0,,7.8,314.0,278.9735146210514,5.680375121257204,,46.516669596690974,0.7069420514895585,,,,,,,,,,,,,,,,
98,2025-05-16 10:44:20.677885,39.861198,-0.0165486,4.5299482345581055,127.72093113935668,23.670000000000016,49.0,1011.0,,7.5,317.0,280.57792696686386,5.203413770349872,,48.298858106220564,0.8315746650852385,,,,,,,,,,,,,,,,
99,2025-05-16 10:44:25.674948,39.8611383,-0.016747,4.500144958496094,127.71080879900671,23.670000000000016,49.0,1011.0,,7.8,312.0,277.0715554152053,5.840960789193016,,44.78236421421201,0.5540075207837566,,,,,,,,,,,,,,,,
100,2025-05-16 10:44:30.674505,39.8610597,-0.0169863,4.320627212524414,127.91445771929982,23.670000000000016,49.0,1011.0,,7.8,312.0,278.811982250057,5.865767005870637,,46.72643996935682,0.6618876879580755,,,,,,,,,,,,,,,,
101,2025-05-16 10:44:35.675607,39.8609956,-0.0172391,5.006323337554932,127.57667754408601,23.670000000000016,49.0,1011.0,,7.7,311.0,270.4469308302597,5.811440569631216,,38.02360837434571,0.03905100121552543,,,,,,,,,,,,,,,,
102,2025-05-16 10:44:40.674926,39.8609638,-0.0174702,4.202875137329102,127.8718236785006,23.670000000000016,49.0,1011.0,,7.5,310.0,276.1397615834671,5.778478906248402,,44.011585261967696,0.4495146728359304,,,,,,,,,,,,,,,,
103,2025-05-16 10:44:45.675079,39.8608509,-0.0178228,4.529565811157227,128.01583138696114,23.670000000000016,49.0,1011.0,,7.9,312.0,277.3431415716556,5.919392095221012,,45.35897295861673,0.5789302917578317,,,,,,,,,,,,,,,,
104,2025-05-16 10:44:50.674960,39.8607817,-0.0180221,4.569835662841797,127.56786660005669,23.670000000000016,49.0,1011.0,,7.9,308.0,272.7028744225069,6.232218231073199,,40.270741022563584,0.21549774376527212,,,,,,,,,,,,,,,,
105,2025-05-16 10:44:55.675048,39.8607071,-0.0183079,4.648332595825195,127.68964887295802,23.670000000000016,49.0,1011.0,,8.2,311.0,276.7397753162056,6.231683126238222,,44.429424189163626,0.5455291415668555,,,,,,,,,,,,,,,,
106,2025-05-16 10:45:00.675304,39.8606408,-0.0185192,4.350658893585205,127.9095399830974,23.670000000000016,49.0,1011.0,,8.2,311.0,279.4405999409788,6.273586884832591,,47.35013992407619,0.7136168634064755,,,,,,,,,,,,,,,,
107,2025-05-16 10:45:05.675264,39.8605801,-0.0187592,4.847806930541992,127.36020152853162,23.670000000000016,49.0,1011.0,,8.5,311.0,276.4805515869821,6.456285650965953,,43.84075311551368,0.5471523364415488,,,,,,,,,,,,,,,,
108,2025-05-16 10:45:10.675546,39.8605206,-0.0190282,4.438680171966553,127.66794253177572,23.670000000000016,49.0,1011.0,,8.3,310.0,278.0254009850909,6.421054945399977,,45.69334351686666,0.6196934761356191,,,,,,,,,,,,,,,,
109,2025-05-16 10:45:15.677867,39.8604499,-0.0192961,4.683537483215332,127.95692783555896,23.670000000000016,49.0,1011.0,,8.5,310.0,276.8322933295766,6.557948282317956,,44.78922116513559,0.5571705246184838,,,,,,,,,,,,,,,,
110,2025-05-16 10:45:20.674666,39.8603704,-0.0195702,4.470674991607666,127.41489768340509,23.670000000000016,49.0,1011.0,,8.5,311.0,279.7805582567432,6.509645234868,,47.195455940148236,0.7594564433874772,,,,,,,,,,,,,,,,
111,2025-05-16 10:45:25.674924,39.8603205,-0.019745,4.995966911315918,127.89654896329604,23.670000000000016,49.0,1011.0,,7.9,311.0,271.79548355969,5.965134366282026,,39.69203252298604,0.15653349099675065,,,,,,,,,,,,,,,,
112,2025-05-16 10:45:30.674967,39.8602307,-0.0200503,4.8701887130737305,127.95925009987675,23.670000000000016,49.0,1011.0,,8.7,309.0,275.1124455042011,6.788175039215213,,43.07169560407783,0.43398568112835956,,,,,,,,,,,,,,,,
113,2025-05-16 10:45:35.674619,39.8601692,-0.0202607,4.5407304763793945,128.07207116458704,23.670000000000016,49.0,1011.0,,8.7,306.0,274.65419504557553,7.061733395462973,,42.72626621016258,0.36844269677651253,,,,,,,,,,,,,,,,
114,2025-05-16 10:45:40.675027,39.860144,-0.0204164,4.1317138671875,127.27378597515262,23.670000000000016,49.0,1011.0,,8.4,308.0,278.9277883750811,6.700468413080866,,46.20157435023373,0.6411987218849681,,,,,,,,,,,,,,,,
115,2025-05-16 10:45:45.675132,39.8600741,-0.0206944,4.140462875366211,127.852917714878,23.670000000000016,49.0,1011.0,,9.0,307.0,280.0655720181934,7.300079665367292,,47.9184897330714,0.7236499148857986,,,,,,,,,,,,,,,,
116,2025-05-16 10:45:50.674870,39.8599858,-0.0210057,4.578616619110107,127.76988993532733,23.670000000000016,49.0,1011.0,,8.8,305.0,273.72137675320647,7.223769508905354,,41.49126668853381,0.29717337548804273,,,,,,,,,,,,,,,,
117,2025-05-16 10:45:55.674917,39.8598999,-0.0213293,4.590240955352783,127.88952752882928,23.670000000000016,49.0,1011.0,,8.7,307.0,275.3081047245322,6.978053468234923,,43.19763225336146,0.4246497818649999,,,,,,,,,,,,,,,,
118,2025-05-16 10:46:00.674990,39.8598346,-0.0215213,4.440237998962402,127.63267143490177,23.670000000000016,49.0,1011.0,,8.2,307.0,274.31946632581673,6.567465399028196,,41.95213776071853,0.3344277037064933,,,,,,,,,,,,,,,,
119,2025-05-16 10:46:05.675089,39.8597914,-0.0217287,4.808216571807861,127.64711045480718,23.670000000000016,49.0,1011.0,,8.5,308.0,273.62980119671477,6.711555226664768,,41.276911651521914,0.3044063335564329,,,,,,,,,,,,,,,,
120,2025-05-16 10:46:10.674855,39.8596986,-0.0220154,4.38099479675293,127.76152978378323,23.670000000000016,49.0,1011.0,,8.4,309.0,277.8953328596964,6.590499691476717,,45.6568626434796,0.6017903633109611,,,,,,,,,,,,,,,,
121,2025-05-16 10:46:15.674962,39.8596422,-0.022197,4.121135234832764,127.4884861415228,23.670000000000016,49.0,1011.0,,8.7,310.0,282.44765791823284,6.825020177375278,,49.936144059755634,0.8883009602546905,,,,,,,,,,,,,,,,
122,2025-05-16 10:46:20.675010,39.8595705,-0.0224593,4.189640045166016,127.7034321947031,23.670000000000016,49.0,1011.0,,8.6,309.0,280.3657588358861,6.794344562122931,,48.069191030589195,0.7538474218837046,,,,,,,,,,,,,,,,
123,2025-05-16 10:46:25.678209,39.8595311,-0.0226476,4.508285045623779,127.93065892801108,23.670000000000016,49.0,1011.0,,8.6,306.0,274.49261244695157,6.978989503494276,,42.42327137496267,0.3531364716234206,,,,,,,,,,,,,,,,
124,2025-05-16 10:46:30.674936,39.8594687,-0.0229393,4.370254039764404,127.74863438663024,23.670000000000016,49.0,1011.0,,8.6,309.0,278.8606694489189,6.764180119856394,,46.6093038355491,0.6731597010056956,,,,,,,,,,,,,,,,
125,2025-05-16 10:46:35.674980,39.859434,-0.0231829,4.917564392089844,127.57719663846292,23.670000000000016,49.0,1011.0,,9.0,309.0,276.09062598037116,7.034018461589417,,43.667822618834066,0.521760411331839,,,,,,,,,,,,,,,,
126,2025-05-16 10:46:40.674806,39.8593237,-0.0233987,4.610910415649414,127.61739913191762,23.670000000000016,49.0,1011.0,,8.6,309.0,276.8362686538511,6.731312486591412,,44.453667785768744,0.5488481898168323,,,,,,,,,,,,,,,,
127,2025-05-16 10:46:45.675104,39.8592499,-0.0235981,4.4906134605407715,127.29885276940657,23.670000000000016,49.0,1011.0,,8.3,312.0,279.77974315456476,6.259058601972557,,47.07859592397131,0.7627805371621009,,,,,,,,,,,,,,,,
128,2025-05-16 10:46:50.675173,39.859122,-0.023896,4.47538948059082,127.53132508799712,23.670000000000016,49.0,1011.0,,8.3,316.0,284.5375181725665,5.9563666048393165,,52.0688432605636,1.1233850057935588,,,,,,,,,,,,,,,,
129,2025-05-16 10:46:55.674759,39.8590193,-0.0241436,4.6196088790893555,127.7837688797208,23.670000000000016,49.0,1011.0,,8.4,317.0,284.8948633753698,5.927971229069926,,52.67863225509063,1.1874527024118824,,,,,,,,,,,,,,,,
130,2025-05-16 10:47:00.674909,39.858894,-0.0243567,4.709312438964844,127.41700138166945,23.670000000000016,49.0,1011.0,,8.5,316.0,283.3853314673859,6.069472288838213,,50.80233284905535,1.090200420848216,,,,,,,,,,,,,,,,
131,2025-05-16 10:47:05.674557,39.8587807,-0.0245577,4.410677433013916,127.62630569859532,23.670000000000016,49.0,1011.0,,8.6,317.0,287.76332213673595,6.158807743454322,,55.38962783533128,1.3456347763643877,,,,,,,,,,,,,,,,
132,2025-05-16 10:47:10.677961,39.8586816,-0.0247674,4.756077289581299,127.46283195100024,23.670000000000016,49.0,1011.0,,8.7,319.0,287.59363973589427,5.987797402736825,,55.0564716868945,1.4375913145824062,,,,,,,,,,,,,,,,
133,2025-05-16 10:47:15.674317,39.8585611,-0.0250027,4.3013787269592285,127.58200509163862,23.670000000000016,49.0,1011.0,,8.2,318.0,288.0907817834304,5.772216430597646,,55.672786875068994,1.3356791720303383,,,,,,,,,,,,,,,,
134,2025-05-16 10:47:20.674995,39.8584708,-0.0252356,4.180436134338379,127.7319960458121,23.670000000000016,49.0,1011.0,,8.7,318.0,291.4300935170302,6.253798629286383,,59.162089562842255,1.5273881974381445,,,,,,,,,,,,,,,,
135,2025-05-16 10:47:25.677793,39.8584096,-0.0254291,3.9306697845458984,127.22205412237895,23.670000000000016,49.0,1011.0,,8.1,320.0,293.59622499207944,5.6816254247276605,,60.81827911445839,1.5734025249300057,,,,,,,,,,,,,,,,
136,2025-05-16 10:47:30.678982,39.85829,-0.0255801,3.949770212173462,128.1294584139935,23.670000000000016,49.0,1011.0,,8.4,320.0,294.7135678337878,5.9438146630551465,,62.84302624778127,1.6513286193371746,,,,,,,,,,,,,,,,
137,2025-05-16 10:47:35.677567,39.8581187,-0.025801,5.264039039611816,127.62246713228177,23.670000000000016,49.0,1011.0,,8.1,320.0,280.24379782760576,5.2909171005724716,,47.86626495988753,0.9361410352886304,,,,,,,,,,,,,,,,
138,2025-05-16 10:47:40.675318,39.857982,-0.0259686,4.339417457580566,127.48438802802079,23.670000000000016,49.0,1011.0,,8.5,319.0,290.4156277353227,5.950255885101162,,57.900015763343504,1.513708937776018,,,,,,,,,,,,,,,,
139,2025-05-16 10:47:45.675137,39.8578934,-0.0261471,4.035764217376709,127.4879397263892,23.670000000000016,49.0,1011.0,,8.2,323.0,296.9870793382827,5.537912706587559,,64.47501906467187,1.8313876645102272,,,,,,,,,,,,,,,,
140,2025-05-16 10:47:50.674901,39.8577721,-0.0263301,3.9447884559631348,127.80145906967113,23.670000000000016,49.0,1011.0,,8.1,324.0,298.71522591692127,5.42868873494049,,66.5166849865924,1.8952995522090592,,,,,,,,,,,,,,,,
141,2025-05-16 10:47:55.675087,39.8576478,-0.0264841,3.8501884937286377,127.68794132566552,23.670000000000016,49.0,1011.0,,8.8,322.0,299.6523853066086,6.2342384102110024,,67.34032663227413,1.9048293026866743,,,,,,,,,,,,,,,,
142,2025-05-16 10:48:00.675012,39.8575507,-0.0266071,3.6309587955474854,127.55823603332698,23.670000000000016,49.0,1011.0,,9.0,323.0,303.2918229797862,6.479755739331057,,70.8500590131132,1.9930460979312339,,,,,,,,,,,,,,,,
143,2025-05-16 10:48:05.674945,39.8574117,-0.0267744,3.9803433418273926,127.57423233636314,23.670000000000016,49.0,1011.0,,8.7,323.0,299.5457192697346,6.018409724375851,,67.11995160609774,1.9627785704768164,,,,,,,,,,,,,,,,
144,2025-05-16 10:48:10.675067,39.8572856,-0.026938,4.027130603790283,127.71867717693057,23.670000000000016,49.0,1011.0,,8.1,328.0,303.50943975046744,5.1479640390545365,,71.22811692739799,2.2232755686480092,,,,,,,,,,,,,,,,
145,2025-05-16 10:48:15.674932,39.8571568,-0.0271104,3.8808186054229736,127.32837284699936,23.670000000000016,49.0,1011.0,,8.7,327.0,305.78570034665256,5.841102624015478,,73.1140731936519,2.269328994368663,,,,,,,,,,,,,,,,
146,2025-05-16 10:48:20.674966,39.8570328,-0.0272526,3.800227403640747,127.63171520841797,23.670000000000016,49.0,1011.0,,8.3,325.0,302.20664880468246,5.626413168993464,,69.83836401310043,2.025424177697939,,,,,,,,,,,,,,,,
147,2025-05-16 10:48:25.674537,39.8569031,-0.0273828,3.660329818725586,128.13053758388233,23.670000000000016,49.0,1011.0,,8.3,328.0,307.52878549795605,5.546112259611187,,75.65932308183835,2.2297262716850117,,,,,,,,,,,,,,,,
148,2025-05-16 10:48:30.674994,39.8567687,-0.0275047,3.8610432147979736,127.69947068498449,23.670000000000016,49.0,1011.0,,8.6,329.0,308.39963373406454,5.651833585040256,,76.09910441904901,2.398259079339151,,,,,,,,,,,,,,,,
149,2025-05-16 10:48:35.676987,39.8566205,-0.0276196,3.8300600051879883,127.29368914639404,23.670000000000016,49.0,1011.0,,8.8,329.0,309.32526737462996,5.859054615778584,,76.61895652102402,2.4271935688556003,,,,,,,,,,,,,,,,
150,2025-05-16 10:48:40.675008,39.8565018,-0.0277133,3.944945812225342,127.98911168692806,23.670000000000016,49.0,1011.0,,8.6,334.0,315.1114195292621,5.341971915554927,,83.10053121619012,2.7949172200885806,,,,,,,,,,,,,,,,
151,2025-05-16 10:48:45.675081,39.8563289,-0.0278534,3.9500925540924072,127.50422289737051,23.670000000000016,49.0,1011.0,,8.7,333.0,313.905770700605,5.482054164709308,,81.40999359797547,2.7392880521538547,,,,,,,,,,,,,,,,
152,2025-05-16 10:48:50.674953,39.8560982,-0.0280216,3.5914018154144287,127.33815367789082,23.670000000000016,49.0,1011.0,,8.1,335.0,317.60608925452254,5.077256838729157,,84.94424293241337,2.652347207292097,,,,,,,,,,,,,,,,
153,2025-05-16 10:48:55.674486,39.8559346,-0.0281189,3.652284622192383,127.91658873832087,23.670000000000016,49.0,1011.0,,8.4,336.0,319.64940215909235,5.2768846978361355,,87.5659908974132,2.7833946169304857,,,,,,,,,,,,,,,,
154,2025-05-16 10:49:00.674842,39.8557818,-0.0282061,3.743131399154663,127.68171219314246,23.670000000000016,49.0,1011.0,,8.5,334.0,316.28105577403016,5.3914618609474525,,83.96276796717262,2.7053058227036404,,,,,,,,,,,,,,,,
155,2025-05-16 10:49:05.675340,39.8556283,-0.0282967,3.7243826389312744,127.56600878860245,23.670000000000016,49.0,1011.0,,8.6,334.0,316.73306171175545,5.500439567759693,,84.29907050035791,2.7119776658506387,,,,,,,,,,,,,,,,
156,2025-05-16 10:49:10.675097,39.8554852,-0.0283888,3.5827715396881104,127.56348161860954,23.670000000000016,49.0,1011.0,,8.2,331.0,312.07638921741795,5.35591498728773,,79.63987083602751,2.400889745672685,,,,,,,,,,,,,,,,
157,2025-05-16 10:49:15.674972,39.8553664,-0.0284785,3.321556806564331,128.013495462265,23.670000000000016,49.0,1011.0,,8.0,330.0,312.03976740586165,5.385898107620363,,80.0532628681267,2.224268030729919,,,,,,,,,,,,,,,,
158,2025-05-16 10:49:20.674987,39.855276,-0.0285583,3.3596956729888916,127.85047250715513,23.670000000000016,49.0,1011.0,,8.2,331.0,313.7990772482109,5.507892143776313,,81.64954975536602,2.3253513729722695,,,,,,,,,,,,,,,,
159,2025-05-16 10:49:25.675444,39.8551481,-0.0286563,3.395641803741455,127.94997470298388,23.670000000000016,49.0,1011.0,,8.2,328.0,309.31369410011183,5.61638986914956,,77.2636688030957,2.151362542612873,,,,,,,,,,,,,,,,
160,2025-05-16 10:49:30.674397,39.8550219,-0.0287823,3.2583370208740234,128.17778883256048,23.670000000000016,49.0,1011.0,,8.0,328.0,309.7517108170965,5.51408523932907,,77.92949964965703,2.0835825739439335,,,,,,,,,,,,,,,,
161,2025-05-16 10:49:35.675201,39.8549253,-0.0288823,2.9107046127319336,127.84879228061932,23.670000000000016,49.0,1011.0,,7.9,330.0,314.8611107168644,5.5726514308246715,,82.70990299748371,2.0531837467324263,,,,,,,,,,,,,,,,
162,2025-05-16 10:49:40.674748,39.854816,-0.0289693,2.9672322273254395,127.42303926889574,23.670000000000016,49.0,1011.0,,7.8,328.0,311.42718448972323,5.512650822206709,,78.850223758619,1.9633216867597638,,,,,,,,,,,,,,,,
163,2025-05-16 10:49:45.674922,39.8547184,-0.0290627,2.522963047027588,118.60424052203378,23.670000000000016,49.0,1011.0,,7.5,331.0,317.98883280259406,5.432848655810774,,76.59307332462782,1.8745978617131722,,,,,,,,,,,,,,,,
164,2025-05-16 10:49:50.675150,39.8546273,-0.0291441,3.179776191711426,77.26917875954555,23.670000000000016,49.0,1011.0,,8.1,330.0,313.43832575884466,5.57762959252083,,30.707504518390238,2.1863294339198234,,,,,,,,,,,,,,,,
165,2025-05-16 10:49:55.675580,39.854492,-0.0292039,2.9797041416168213,104.76493854651062,23.670000000000016,49.0,1011.0,,7.7,328.0,311.02596272194745,5.408685370373464,,55.79090126845807,1.95588062014399,,,,,,,,,,,,,,,,
166,2025-05-16 10:50:01.285416,39.854492,-0.0292039,2.9797041416168213,104.76493854651062,23.670000000000016,49.0,1011.0,,7.7,331.0,315.16706488461386,5.294768562509887,,59.932003431124485,2.1131036072406912,,,,,,,,,,,,,,,,
167,2025-05-16 10:50:06.285980,39.8542834,-0.0292815,2.426547050476074,-147.19565827451729,23.670000000000016,49.0,1011.0,,7.8,334.0,323.2803036882558,5.7188338262677245,,176.0846454137385,1.9450476928685914,,,,,,,,,,,,,,,,
168,2025-05-16 10:50:11.285385,39.8540887,-0.0294032,2.490259885787964,-147.60679468141703,23.670000000000016,49.0,1011.0,,7.9,335.0,324.32294071443783,5.724610075138234,,176.69213108789904,2.038617675324468,,,,,,,,,,,,,,,,
169,2025-05-16 10:50:16.285312,39.853975,-0.029499,2.5698091983795166,140.2854329478103,23.670000000000016,49.0,1011.0,,8.1,334.0,323.4504587581919,5.962554486258897,,175.8436640767749,2.000530959893806,,,,,,,,,,,,,,,,
170,2025-05-16 10:50:21.285316,39.8538665,-0.0295978,2.7346384525299072,84.57216728428493,23.670000000000016,49.0,1011.0,,8.1,336.0,325.7014064688971,5.846553813062348,,105.98683941670743,2.122950543910897,,,,,,,,,,,,,,,,
171,2025-05-16 10:50:26.285367,39.8537778,-0.0297174,2.9405295848846436,126.71444812364194,23.670000000000016,49.0,1011.0,,8.1,337.0,326.1649342497384,5.684085712284222,,50.73710153402334,2.2715106225037793,,,,,,,,,,,,,,,,
172,2025-05-16 10:50:31.284867,39.8536675,-0.0297977,2.861466646194458,127.09102377334142,23.670000000000016,49.0,1011.0,,7.8,333.0,318.54830868010475,5.349227041568172,,85.2627568037467,2.20396850189233,,,,,,,,,,,,,,,,
173,2025-05-16 10:50:36.284659,39.8535397,-0.0298028,2.779798984527588,126.545838073791,23.670000000000016,49.0,1011.0,,7.5,335.0,321.1545918606477,5.053459093572252,,88.24561563398913,2.228627896776552,,,,,,,,,,,,,,,,
174,2025-05-16 10:50:41.285676,39.8535397,-0.0298028,2.779798984527588,126.545838073791,23.670000000000016,49.0,1011.0,,7.5,331.0,316.1106866364369,5.244833437590936,,82.65652471022793,2.0033467285092423,,,,,,,,,,,,,,,,
175,2025-05-16 10:50:46.285431,39.8532696,-0.0298899,3.307636260986328,127.24501721836853,23.670000000000016,49.0,1011.0,,7.6,332.0,317.18380363427895,5.249747319757126,,83.59776441557534,2.0975613487532034,,,,,,,,,,,,,,,,
176,2025-05-16 10:50:51.285419,39.8531122,-0.0299208,3.0509259700775146,126.68925838598292,23.670000000000016,49.0,1011.0,,7.5,335.0,317.7514217287977,4.714277265365407,,84.99643894716621,2.4484275033914344,,,,,,,,,,,,,,,,
177,2025-05-16 10:50:56.285008,39.8529899,-0.0299786,2.5887374877929688,129.56342930948097,23.670000000000016,49.0,1011.0,,7.6,333.0,317.1594048137021,5.074302525839446,,83.848663199685,2.237086228674366,,,,,,,,,,,,,,,,
178,2025-05-16 10:51:01.285490,39.8529072,-0.0300826,2.7227914333343506,131.07231371978517,23.670000000000016,49.0,1011.0,,7.9,332.0,319.78549111662016,5.744318336681497,,89.34892042610113,1.9768442254612597,,,,,,,,,,,,,,,,
179,2025-05-16 10:51:06.285471,39.8529072,-0.0300826,2.7227914333343506,131.07231371978517,23.670000000000016,49.0,1011.0,,7.7,335.0,322.59683739875453,5.35735122802508,,93.66915111853973,2.162934036217977,,,,,,,,,,,,,,,,
180,2025-05-16 10:51:11.285175,39.8529072,-0.0300826,2.7227914333343506,131.07231371978517,24.390000000000043,42.0,1014.0,,8.1,330.0,316.66177031296957,5.901176753136357,,87.73408403275471,1.9803270361612169,,,,,,,,,,,,,,,,
181,2025-05-16 10:51:16.286874,39.8529072,-0.0300826,2.7227914333343506,131.07231371978517,24.390000000000043,42.0,1014.0,,8.1,330.0,316.66177031296957,5.901176753136357,,87.73408403275471,1.9803270361612169,,,,,,,,,,,,,,,,
182,2025-05-16 10:51:21.284958,39.8529072,-0.0300826,2.7227914333343506,131.07231371978517,24.390000000000043,42.0,1014.0,,8.1,334.0,322.07702601241016,5.777411857397324,,93.14933973219536,2.1478405601973187,,,,,,,,,,,,,,,,
183,2025-05-16 10:51:26.284928,39.8529072,-0.0300826,2.7227914333343506,131.07231371978517,24.390000000000043,42.0,1014.0,,8.0,331.0,317.77867525468736,5.771575214189463,,88.85098897447256,2.01637555552358,,,,,,,,,,,,,,,,
184,2025-05-16 10:51:31.410437,39.8529072,-0.0300826,2.7227914333343506,131.07231371978517,24.390000000000043,42.0,1014.0,,8.0,327.0,312.45719197061237,5.905691541621153,,83.52950569039751,1.8379908663351971,,,,,,,,,,,,,,,,
185,2025-05-16 10:51:36.285294,39.8524656,-0.0303089,2.7699999809265137,115.83559602121242,24.390000000000043,42.0,1014.0,,8.3,328.0,314.14377546666196,6.1292701527487745,,69.9793714878744,1.929197678591819,,,,,,,,,,,,,,,,
186,2025-05-16 10:51:41.285091,39.8524656,-0.0303089,2.7699999809265137,115.83559602121242,24.390000000000043,42.0,1014.0,,7.8,330.0,315.61760923702104,5.575859611188437,,71.45320525823348,1.9796848595044874,,,,,,,,,,,,,,,,
187,2025-05-16 10:51:46.286075,39.8524656,-0.0303089,2.7699999809265137,115.83559602121242,24.390000000000043,42.0,1014.0,,7.4,330.0,314.5205391187644,5.18934703842923,,70.35613513997686,1.9422267648642721,,,,,,,,,,,,,,,,
188,2025-05-16 10:51:51.284968,39.8524656,-0.0303089,2.7699999809265137,115.83559602121242,24.390000000000043,42.0,1014.0,,7.5,330.0,314.809841408789,5.285787038356852,,70.64543743000144,1.952174325322534,,,,,,,,,,,,,,,,
189,2025-05-16 10:51:56.285020,39.8524656,-0.0303089,2.7699999809265137,115.83559602121242,24.390000000000043,42.0,1014.0,,7.0,333.0,317.49127459401626,4.703155018095022,,73.3268706152287,2.041973197516945,,,,,,,,,,,,,,,,
190,2025-05-16 10:52:01.285162,39.8524656,-0.0303089,2.7699999809265137,115.83559602121242,24.390000000000043,42.0,1014.0,,7.2,332.0,316.70196611172344,4.9288828909687865,,72.53756213293588,2.015995712658957,,,,,,,,,,,,,,,,
191,2025-05-16 10:52:06.285341,39.8524656,-0.0303089,2.7699999809265137,115.83559602121242,24.390000000000043,42.0,1014.0,,7.4,330.0,314.5205391187644,5.18934703842923,,70.35613513997686,1.9422267648642721,,,,,,,,,,,,,,,,