0.05,0.443156867983785,-0.180437026908392,0.0937201765632676,-0.00237201409606504,-0.276529217568142,0.180437026908398,-0.26034782697967,0.0023720140961129,0.460795740483766,0.00237201409607711,-0.277986699479349,0.180437026908382,-0.273566621187157,-0.00237201409617541,0.0907575801826202,0.443156867984503,0.180437026908517,-0.260347826979658,-0.00237201409615466,-0.276529217567442,-0.180437026908287,0.460795740483924,0.00237201409605033,0.0907575801825213,-0.180437026908343,-0.273566621186974,0.443156867983872,-0.18043702690847,0.0937201765633089,-0.00237201409611129,0.460795740483716,0.00237201409597031,-0.277986699479357,0.44315686798451,0.180437026908489,0.460795740483986
0.055,0.440863475258009,-0.179429988863962,0.0927258382383556,-0.0025561123409881,-0.274711939443294,0.179429988863928,-0.258877374053042,0.00255611234102294,0.458635708790918,0.00255611234099356,-0.276649607585968,0.17942998886393,-0.271630508319761,-0.00255611234101867,0.0896444071148075,0.44086347525798,0.179429988863966,-0.25887737405304,-0.00255611234102016,-0.274711939443323,-0.179429988863932,0.458635708790924,0.00255611234101961,0.0896444071148107,-0.179429988863934,-0.271630508319762,0.440863475258013,-0.179429988863968,0.0927258382383543,-0.00255611234098898,0.458635708790926,0.00255611234098853,-0.276649607585968,0.440863475257976,0.179429988863964,0.458635708790916
0.06,0.438583260510468,-0.178423016427084,0.0918161076156863,-0.0026865177470481,-0.272925641789812,0.17842301642703,-0.257473726336355,0.00268651774706908,0.456487568951918,0.00268651774704979,-0.275378034777809,0.178423016427033,-0.269725536207264,-0.00268651774707116,0.0886160020331505,0.438583260510483,0.178423016427083,-0.257473726336356,-0.00268651774706759,-0.272925641789797,-0.178423016427031,0.456487568951928,0.00268651774706614,0.0886160020331399,-0.17842301642703,-0.269725536207258,0.438583260510463,-0.178423016427083,0.0918161076156859,-0.00268651774705402,0.456487568951922,0.00268651774704853,-0.275378034777806,0.438583260510478,0.178423016427088,0.456487568951926
0.065,0.436278449794376,-0.177415750477316,0.0909628348873692,-0.00276671128538369,-0.27114529665004,0.17741575047726,-0.256095988031681,0.00276671128540029,0.454316956790888,0.00276671128538207,-0.274134495028203,0.177415750477262,-0.267824326634748,-0.00276671128539974,0.0876418648720702,0.436278449794356,0.177415750477314,-0.256095988031681,-0.00276671128540033,-0.271145296650061,-0.177415750477263,0.454316956790882,0.00276671128540483,0.0876418648720725,-0.177415750477264,-0.267824326634753,0.436278449794368,-0.177415750477314,0.0909628348873676,-0.00276671128538135,0.454316956790884,0.00276671128538572,-0.274134495028205,0.43627844979435,0.177415750477313,0.454316956790879
0.07,0.433909367665196,-0.176398653452579,0.0901345467227408,-0.00280919758720459,-0.269342397762511,0.176398653452524,-0.254701516625445,0.00280919758722849,0.452086344037099,0.00280919758720376,-0.272878492997341,0.176398653452521,-0.265896460714715,-0.00280919758722462,0.0866886096749498,0.433909367665216,0.176398653452582,-0.254701516625443,-0.00280919758723085,-0.269342397762491,-0.176398653452525,0.452086344037106,0.00280919758722274,0.0866886096749493,-0.176398653452517,-0.265896460714714,0.433909367665204,-0.176398653452576,0.0901345467227299,-0.00280919758720366,0.452086344037108,0.00280919758720014,-0.272878492997337,0.433909367665222,0.176398653452579,0.452086344037102
0.075,0.431448162315622,-0.17536072517434,0.0893054929445811,-0.0028297063682735,-0.267495924487164,0.175360725174286,-0.253257730773021,0.0028297063682929,0.449768460123442,0.00282970636827433,-0.271578028580852,0.175360725174288,-0.263919978549715,-0.0028297063682881,0.0857295470071208,0.431448162315604,0.175360725174336,-0.253257730773022,-0.00282970636828558,-0.26749592448718,-0.175360725174291,0.449768460123452,0.00282970636828755,0.0857295470071223,-0.175360725174288,-0.263919978549715,0.431448162315621,-0.175360725174334,0.0893054929445769,-0.00282970636827179,0.44976846012345,0.00282970636827129,-0.271578028580853,0.43144816231561,0.175360725174336,0.449768460123439
0.08,0.428907184396672,-0.174302895318161,0.0884742819836198,-0.00283695662614746,-0.265614133927917,0.174302895318116,-0.251767332452353,0.00283695662616557,0.447373773639424,0.00283695662614822,-0.270233921695129,0.174302895318121,-0.261904375425756,-0.00283695662616896,0.0847645234814435,0.428907184396654,0.174302895318167,-0.251767332452351,-0.00283695662616667,-0.265614133927935,-0.174302895318117,0.447373773639439,0.00283695662617129,0.0847645234814497,-0.174302895318126,-0.26190437542574,0.428907184396659,-0.174302895318171,0.0884742819836259,-0.00283695662615115,0.447373773639423,0.00283695662615202,-0.27023392169513,0.428907184396636,0.174302895318168,0.447373773639438
0.085,0.426423077245137,-0.17326943174585,0.0877225653710981,-0.00280450597081033,-0.263796503087758,0.173269431745828,-0.250349139528473,0.00280450597082104,0.445031121398527,0.00280450597081206,-0.268957183681868,0.173269431745839,-0.259956426206191,-0.00280450597082514,0.0838824884895299,0.426423077245133,0.17326943174585,-0.250349139528468,-0.00280450597081977,-0.263796503087766,-0.173269431745834,0.445031121398539,0.00280450597082755,0.083882488489526,-0.173269431745836,-0.259956426206184,0.426423077245129,-0.173269431745849,0.087722565371106,-0.00280450597081407,0.445031121398528,0.00280450597080983,-0.268957183681874,0.426423077245122,0.17326943174585,0.445031121398526
0.09,0.423606386000311,-0.171967869139516,0.0868897224435078,-0.00283828674558941,-0.261695878328599,0.171967249609922,-0.248800230115233,0.0028389062751526,0.442376369004913,0.00286178366473967,-0.267548302858336,0.171966282481802,-0.257738573814139,-0.00286019700708516,0.082910507667579,0.423654049199541,0.171992944241751,-0.248799321293061,-0.00286116077420028,-0.261744450349964,-0.171993567132258,0.442381118748613,0.00283987164856454,0.0829124884007379,-0.171994529144661,-0.257745304291034,0.423605475423442,-0.171964924639239,0.0868897241981996,-0.00284122949116319,0.442374383820898,0.00285883580345139,-0.267548298407482,0.423654956267004,0.171995890348328,0.442383095030926
0.095,0.420478125143852,-0.170533844607831,0.0859593067385083,-0.00289697879300235,-0.259390130139329,0.1705272578785,-0.247047301743035,0.00290356552230645,0.439416185506309,0.0029371147780556,-0.265949205196281,0.170529865531947,-0.255296545710528,-0.00293313570223205,0.0818295654004841,0.420471256880088,0.170486831937532,-0.247047310164512,-0.00293924545392007,-0.259383253454081,-0.17048470126164,0.439333511522767,0.00289747438897875,0.0818295597179772,-0.170487327533446,-0.255213866044446,0.420474650085451,-0.170527740538656,0.0859627902183897,-0.00289959938229738,0.439415181044416,0.00293972811401214,-0.265948195051892,0.42046776497873,0.170480735121693,0.439332495695882
0.1,0.41715092424569,-0.168976364886848,0.0850236287709873,-0.00297838332237101,-0.256978376980184,0.168977526580503,-0.245196176036483,0.00297722162868762,0.436170146400285,0.00292985884301472,-0.264260316352937,0.168979971204279,-0.252641736286781,-0.00293346516050659,0.0807319062394598,0.417060356002487,0.168932698339181,-0.245197798820319,-0.00293100377995896,-0.256886185953168,-0.168931553402206,0.436167783697472,0.0029747690054077,0.0807274911127237,-0.16892908402216,-0.252634958457283,0.417152539030032,-0.168983241394139,0.0850236367704791,-0.00297149881557606,0.436174544456273,0.00293671859353847,-0.264260299282206,0.417058725219165,0.168925830589156,0.436163351500018
0.105,0.413567226863331,-0.167347197283316,0.0840715279470164,-0.00298063058714013,-0.254399355817457,0.167343886230953,-0.24323939899288,0.00298394163948281,0.432761767246348,0.0029485831195895,-0.262471897525442,0.167341286601273,-0.249894283899605,-0.00294267243761346,0.0796044141787151,0.413482063531339,0.167295466346238,-0.243238014065528,-0.00294528729994905,-0.254315577412834,-0.167298762165859,0.43275391236468,0.00298654849304602,0.0796086609031085,-0.167301384252076,-0.249890675742362,0.413565849159866,-0.167340335696596,0.0840715207231266,-0.00298749939774253,0.432757534604023,0.00294173676552087,-0.262471911607511,0.413483455682575,0.167302319924187,0.432758173171142
0.11,0.409694774229137,-0.165588309402147,0.0830975643713481,-0.00294213018755225,-0.251628003961007,0.165587721271651,-0.241164334639432,0.00294271831800798,0.429137756375796,0.00297932588566811,-0.260573126322974,0.165585304167108,-0.247016764234656,-0.00297632065070763,0.078452134181827,0.409759705294099,0.165617045601605,-0.24116333380686,-0.00297872789841807,-0.251693935858615,-0.165617643588814,0.429135302609143,0.00294513068461173,0.0784556057263699,-0.165620046098592,-0.247017782012529,0.409693768658616,-0.165582430609918,0.0830975691092731,-0.00294800424183919,0.429134276410647,0.00297343723661127,-0.260573117902366,0.409760701388734,0.165622929512725,0.42913876573307
0.115,0.405711072131104,-0.163787345334825,0.0820958026846855,-0.00295555263574384,-0.248838700655229,0.163789656372943,-0.238968174160528,0.00295324159759219,0.425302052864166,0.00295989408370738,-0.25855685695168,0.163785301828757,-0.244009954502411,-0.00295785057771008,0.0772647585899027,0.405710440826005,0.163782984630259,-0.238967562112067,-0.00295517014060517,-0.248838681398663,-0.163787708573329,0.425299620517862,0.00295977893594129,0.0772671713890281,-0.163787210930391,-0.244009934955188,0.405712642876792,-0.163787612972802,0.0820936198905395,-0.00295746779193049,0.425299648737101,0.00295312674040229,-0.258556865623732,0.405713235668626,0.163791934767734,0.425302041989033
0.12,0.401479484091464,-0.161857595123681,0.0810575949892134,-0.00296851298000875,-0.245883703092895,0.161859111315188,-0.236653375987786,0.00296699678847289,0.421249420578207,0.00297117692718084,-0.256422011354878,0.161856232296106,-0.240865361215114,-0.00296981409967791,0.0760379519918069,0.401479176336708,0.16185492637589,-0.236653073033651,-0.00296828574092857,-0.245883698292269,-0.161857817562112,0.421248040741887,0.00297110301116142,0.0760393269535947,-0.161857516406974,-0.240865356340625,0.401480408340932,-0.161857748520639,0.0810563677856082,-0.00296958678665836,0.421247957959039,0.00296692294630748,-0.25642192369749,0.401480706494454,0.161860407560373,0.421249328046278
0.125,0.397040876824675,-0.159786529137485,0.0799796003875644,-0.00302183029533733,-0.242787959820381,0.159786016977743,-0.234232517391946,0.00302234245497211,0.416978382006073,0.00301532790560154,-0.254176247413711,0.159786806686762,-0.237571965031584,-0.00301560545486113,0.0747698304392515,0.397040044292547,0.159792199134865,-0.234232517252115,-0.00301690475203129,-0.242787127427941,-0.1597906222883,0.416989489306944,0.00302104275836924,0.0747698305947198,-0.159791411597863,-0.237583072487932,0.397040366697281,-0.159785229684819,0.0799801103752078,-0.00302261976039424,0.416978463754547,0.00301611745911115,-0.254176329317694,0.397039534444718,0.15979089959367,0.416989571366334
0.13,0.392260524037792,-0.157689584330327,0.0788842367675567,-0.00298893768772662,-0.239562758785609,0.157689415759402,-0.231582002019767,0.00298910625862821,0.412393634213956,0.00298865044580259,-0.2517152451666,0.15768973860151,-0.234147910346768,-0.00298880471706679,0.0734695212994151,0.392260547615313,0.157689871526911,-0.231582025642605,-0.00298896053386782,-0.239562758740243,-0.157689561438821,0.41239377568429,0.00298865899082427,0.0734693797829756,-0.157689592829926,-0.234147910300672,0.392260423234946,-0.157689570029962,0.0788843611932484,-0.00298882756239884,0.412393796531868,0.0029891148043457,-0.251715265968088,0.392260399566789,0.157689282742673,0.41239365496936
0.135,0.38798141274829,-0.155795731985786,0.0777300974134146,-0.00312648708866448,-0.236652316487807,0.1557957331114,-0.229059193673841,0.00312648596297735,0.408267885963081,0.00312652847732455,-0.249345628911114,0.155795728574591,-0.23106160982663,-0.00312652506622852,0.0721393527746675,0.387981478904499,0.155795757264095,-0.229059193163132,-0.00312652960303423,-0.236652383154826,-0.155795756138314,0.408267876674945,0.00312649049979093,0.0721393570197724,-0.155795760675118,-0.231061604783604,0.387981412237571,-0.155795723203877,0.0777300974134187,-0.00312649587057161,0.408267881717957,0.00312651969539721,-0.249345628911108,0.387981479415186,0.155795766046018,0.40826788092005
0.14,0.383905963471372,-0.153819558069487,0.0766728911580444,-0.00331447555983598,-0.233806924787364,0.153819558069395,-0.226771929842072,0.00331447555986969,0.404310381948507,0.00331447555983698,-0.247176348319229,0.153819558069406,-0.228062463088339,-0.00331447555987983,0.0709284294590171,0.383905963471395,0.153819558069489,-0.226771929842073,-0.00331447555987109,-0.233806924787342,-0.153819558069397,0.404310381948557,0.00331447555987586,0.0709284294590053,-0.153819558069404,-0.228062463088287,0.383905963471357,-0.15381955806949,0.0766728911580529,-0.00331447555984514,0.404310381948505,0.003314475559839,-0.24717634831923,0.383905963471378,0.153819558069499,0.404310381948555
0.145,0.379089878867544,-0.15151501378322,0.0759461255593974,-0.00309772239795522,-0.230558861740569,0.151515013783183,-0.224477142686379,0.00309772239797793,0.399642525140025,0.00309772239795224,-0.245029788958857,0.15151501378318,-0.224635008007546,-0.00309772239797657,0.0700222718263785,0.379089878867557,0.151515013783221,-0.22447714268638,-0.00309772239797969,-0.230558861740556,-0.151515013783179,0.399642525140018,0.00309772239797772,0.0700222718263819,-0.151515013783183,-0.224635008007549,0.379089878867536,-0.151515013783222,0.0759461255593912,-0.00309772239795531,0.399642525140022,0.00309772239795794,-0.245029788958854,0.379089878867551,0.151515013783222,0.399642525140027
0.15,0.37424696413806,-0.149217399191298,0.0751999989074478,-0.00289638845964105,-0.22731378655841,0.149217399191286,-0.222133176487094,0.00289638845967539,0.394940294076318,0.00289638845964174,-0.242826506425359,0.14921739919129,-0.221215853352302,-0.00289638845967982,0.069102065701342,0.374246964138053,0.149217399191304,-0.222133176487092,-0.00289638845967942,-0.227313786558416,-0.149217399191289,0.394940294076314,0.00289638845968388,0.0691020657013499,-0.149217399191295,-0.221215853352308,0.374246964138055,-0.149217399191309,0.0751999989074587,-0.00289638845964562,0.39494029407632,0.00289638845964921,-0.242826506425358,0.374246964138041,0.149217399191306,0.394940294076315
0.155,0.369322868990668,-0.146889635800456,0.0744565975839892,-0.00268595516658371,-0.224032188551013,0.146889635800416,-0.219747278023628,0.00268595516660345,0.390149774809826,0.00268595516658845,-0.240574183842789,0.146889635800417,-0.217764061176253,-0.00268595516660286,0.0681884702092315,0.369322868990651,0.146889635800455,-0.219747278023628,-0.00268595516659832,-0.224032188551029,-0.146889635800421,0.390149774809815,0.00268595516660213,0.0681884702092304,-0.146889635800419,-0.217764061176272,0.369322868990667,-0.146889635800457,0.074456597583991,-0.00268595516658663,0.390149774809834,0.00268595516658736,-0.240574183842789,0.369322868990648,0.146889635800455,0.390149774809808
0.16,0.36431517298847,-0.144514997882581,0.07370137636718,-0.00248335593809166,-0.220699730187847,0.144514997882544,-0.217316819167822,0.00248335593809847,0.385265559562441,0.00248335593808868,-0.238267205741801,0.144514997882547,-0.214266518739012,-0.00248335593810475,0.0672681649183372,0.364315172988485,0.144514997882587,-0.217316819167818,-0.00248335593810407,-0.220699730187834,-0.144514997882543,0.385265559562483,0.00248335593810075,0.0672681649183341,-0.144514997882541,-0.214266518738974,0.364315172988477,-0.144514997882578,0.0737013763671824,-0.00248335593809103,0.385265559562438,0.00248335593808472,-0.238267205741804,0.364315172988487,0.144514997882583,0.385265559562478
0.165,0.359243022651744,-0.142079900279841,0.0729270090475151,-0.00230543571176887,-0.217312345039113,0.142079900279807,-0.214857686660146,0.00230543571178323,0.3803031335924,0.00230543571177104,-0.235917797600805,0.142079900279808,-0.210721123193233,-0.00230543571178208,0.0663357872016381,0.359243022651747,0.142079900279836,-0.214857686660147,-0.00230543571178381,-0.21731234503911,-0.142079900279807,0.380303133592405,0.00230543571177967,0.0663357872016302,-0.142079900279806,-0.210721123193233,0.359243022651741,-0.142079900279837,0.0729270090475112,-0.00230543571176886,0.380303133592396,0.00230543571177015,-0.235917797600803,0.359243022651747,0.14207990027984,0.38030313359241
0.17,0.354137053780405,-0.139576569738828,0.0721327766093185,-0.00216447917421675,-0.213873825522356,0.139576569738796,-0.21239600486736,0.00216447917423715,0.375290142078971,0.0021644791742161,-0.233549093165931,0.139576569738797,-0.207133553753416,-0.00216447917423544,0.0653925048403681,0.3541370537804,0.139576569738835,-0.212396004867356,-0.00216447917424136,-0.213873825522362,-0.139576569738798,0.375290142078974,0.00216447917423926,0.0653925048403693,-0.1395765697388,-0.207133553753408,0.354137053780402,-0.139576569738833,0.0721327766093156,-0.00216447917421734,0.375290142078966,0.00216447917421826,-0.23354909316593,0.354137053780391,0.139576569738831,0.375290142078982
0.175,0.349030625298983,-0.137006260029954,0.071322119588226,-0.00206591801885208,-0.210394297637032,0.137006260029924,-0.209958447250195,0.00206591801886244,0.370258557640941,0.00206591801884983,-0.231186379592154,0.137006260029924,-0.203515169784028,-0.00206591801886449,0.0644429917352233,0.349030625298999,0.137006260029957,-0.209958447250194,-0.00206591801886458,-0.210394297637016,-0.137006260029923,0.370258557640959,0.00206591801886184,0.0644429917352216,-0.137006260029922,-0.203515169784012,0.349030625298982,-0.137006260029954,0.0713221195882293,-0.00206591801885484,0.370258557640944,0.00206591801885006,-0.231186379592152,0.349030625298999,0.137006260029959,0.370258557640959
0.18,0.343950018708059,-0.134378726486745,0.0705024041252554,-0.0020055643303884,-0.206886694942358,0.134378753619127,-0.207565727890891,0.00200553719799019,0.365236710228727,0.00200696383481777,-0.228851192163054,0.134378554230782,-0.199880321593818,-0.00200679157895674,0.0634948035282267,0.34395013813686,0.134377446413853,-0.207565727888212,-0.00200657344247725,-0.206886814373951,-0.134377836806182,0.365234393896401,0.00200575531956252,0.0634948035349602,-0.134377637402932,-0.199878005268381,0.343950037438575,-0.134378944616454,0.0705023853920354,-0.00200536493389483,0.365236722502318,0.00200676443969573,-0.228851204443387,0.343950156872747,0.134377664542202,0.365234406183459
0.185,0.338689539913523,-0.131689700079617,0.0696402473375762,-0.00194827284591393,-0.203278220263107,0.131691502701434,-0.205051566987999,0.00194647022408479,0.360025895158037,0.00194671591714452,-0.226387942945928,0.131691236294928,-0.196143601838125,-0.00194825213250855,0.0625056496260205,0.338690089628009,0.131691257891839,-0.205052115819028,-0.00194489031117429,-0.203278221146548,-0.131693083497794,0.360025872879493,0.00194667204176782,0.0625056727923257,-0.131689657087631,-0.196143602725894,0.338690024155729,-0.131693038734668,0.069640311926404,-0.00194486960204027,0.360025917301334,0.00194642634434579,-0.226387988255529,0.338689476208141,0.131691482875804,0.360025941355395
0.19,0.333271669313096,-0.128991951400826,0.0686995902954778,-0.00190685545661341,-0.199598397152934,0.128994509480811,-0.202372862455647,0.00190429737664795,0.35465092042633,0.0019087761246424,-0.223752453646486,0.128989690655142,-0.192338545051607,-0.00190651537906828,0.0614400782717587,0.333270989212283,0.128990029343425,-0.202372183744199,-0.00190654556622986,-0.199598395763544,-0.128992259901842,0.35465124691031,0.00190876392046103,0.061439750395544,-0.128991937807167,-0.192338543659366,0.333270638319786,-0.12899224908988,0.0686999425773229,-0.00190620548572136,0.354651248163499,0.00190428517519895,-0.223752453507462,0.33327131564188,0.12899416801102,0.354650918895099
0.195,0.327634150611591,-0.126248290578427,0.0677787771091561,-0.00179816889052707,-0.195825236578085,0.126250778501546,-0.199587691142648,0.00179568096736825,0.34905035624462,0.00179979189196959,-0.221004484048748,0.126246080303871,-0.188442073917311,-0.00179758161748007,0.0603962017214324,0.327633545278862,0.12624666639683,-0.199587086990078,-0.00179789411351142,-0.195825235397937,-0.126248564175255,0.349050945542607,0.00179979509706093,0.0603956112426598,-0.126248292603297,-0.188442072736509,0.327632962391026,-0.126248568561173,0.0677793611771341,-0.0017973068397876,0.349050902237351,0.00179568417307363,-0.221004439562705,0.327633565363439,0.12625019004774,0.349050310577782
0.2,0.322275024497464,-0.123639558146893,0.0669235678802723,-0.00167116303249101,-0.192234289059634,0.12364172773818,-0.196964303318109,0.00166899344115735,0.343710189073841,0.00167238429814853,-0.218400182907099,0.123637621868575,-0.184742507858228,-0.00167044801990289,0.0594325016914495,0.322274554345641,0.123638336190035,-0.196963833857494,-0.00167094833437511,-0.192234288368426,-0.123639772153757,0.343710922261675,0.00167240316454899,0.0594317678152045,-0.123639576322023,-0.184742507169727,0.322273858890645,-0.123639791708656,0.066924264026489,-0.00167023332450308,0.343710863626676,0.00166901230478928,-0.218400123583695,0.322274327660055,0.123641012037165,0.343710129062
0.205,0.316785303230054,-0.120991237745614,0.0661248637548542,-0.00146133967721326,-0.18857744117768,0.120991320741106,-0.194332725807238,0.00146125668170205,0.338243781191919,0.00147337805788689,-0.215779082392886,0.12099132074111,-0.180995415023553,-0.00147346105341822,0.0585307162245502,0.316797554646013,0.120991450780895,-0.194332725807235,-0.00147346105341929,-0.188589692593617,-0.12099136778534,0.338231789855443,0.00146125668170342,0.05853071622455,-0.120991367785341,-0.180983423687137,0.316785303230055,-0.12099123774562,0.0661248637548507,-0.00146133967721469,0.338243781191919,0.00147337805788421,-0.215779082392887,0.316797554646004,0.120991450780894,0.338231789855444
0.21,0.311223201345482,-0.118276518239457,0.0653014770061017,-0.0012741239697843,-0.184852119215343,0.118276568328883,-0.191672559136231,0.0012740738803481,0.332669949975389,0.00128023868149657,-0.213113142964983,0.118276568328888,-0.177169761671875,-0.00128028877097166,0.0576129546614699,0.311229427527175,0.118276629709448,-0.191672559136229,-0.0012802887709678,-0.184858345397049,-0.118276579619968,0.332663846554762,0.00127407388035278,0.0576129546614722,-0.118276579619971,-0.177163658251247,0.31122320134547,-0.118276518239459,0.0653014770061049,-0.00127412396978767,0.33266994997539,0.00128023868149861,-0.213113142964986,0.311229427527163,0.11827662970945,0.332663846554757
0.215,0.305719797397951,-0.11555604072816,0.0644530519510749,-0.00112087525300267,-0.181129967932242,0.115555882873644,-0.189042881416781,0.00112103310750977,0.327139091925033,0.00112100782379723,-0.210462186899645,0.115555897201574,-0.17335656364581,-0.00112086429725258,0.0566796586204188,0.305719746976712,0.115555908160765,-0.189042830992145,-0.00112136516322897,-0.181129967935639,-0.115555550821327,0.327139291405755,0.00112119634536169,0.0566794591426946,-0.115556229253086,-0.1733565636488,0.305719924539078,-0.115555739339898,0.0644528743853047,-0.00112135420704304,0.327139314224416,0.00112122162944077,-0.210462209721315,0.305719974967114,0.115555871920904,0.327139114749708
0.22,0.300287055623558,-0.112821275125757,0.063583013498199,-0.00100200932469806,-0.177406297948659,0.112821284280834,-0.186463771173097,0.00100200016961623,0.321670903847852,0.0010017109459599,-0.207847831179687,0.112821361722177,-0.169556706362955,-0.00100179754243565,0.0557336336947817,0.300286997220803,0.112821515101768,-0.186463771173075,-0.00100183075006466,-0.177406239545933,-0.112821395297661,0.321671313242941,0.00100196696151666,0.0557336336950826,-0.112821472738537,-0.169557115758335,0.300287099856772,-0.112821241917837,0.0635829692649641,-0.00100208676586548,0.321670909728718,0.00100178838701995,-0.207847837060845,0.300287041454072,0.112821481893963,0.321671319124404
0.225,0.294959536021461,-0.110061244810541,0.0626993412433454,-0.000924440152877899,-0.173685026206756,0.110061244473589,-0.183973851058038,0.000924440489819947,0.31629599477528,0.000924449768256066,-0.205310303246009,0.110061241760983,-0.165768269964932,-0.000924446718738511,0.0547825784356965,0.29495953793946,0.110061237113172,-0.183973851058033,-0.000924445695512533,-0.173685028124773,-0.11006124118591,0.316295981872192,0.000924441513052208,0.0547825784356978,-0.110061238473295,-0.165768257061914,0.29495953433208,-0.110061245833773,0.0626993429327223,-0.000924437440265303,0.316295994553048,0.000924447055640043,-0.205310303023769,0.294959536250066,0.1100612381364,0.316295981649939
0.23,0.28954003332771,-0.107173356436788,0.0618831708588789,-0.000788510123711714,-0.169845037419335,0.107173356436783,-0.181578166767224,0.000788510123694066,0.310815084870254,0.000788510123696837,-0.202853218309774,0.107173356436767,-0.161870048661807,-0.000788510123687473,0.0539081821013079,0.289540033327678,0.107173356436806,-0.181578166767222,-0.000788510123708555,-0.169845037419374,-0.107173356436772,0.310815084870265,0.0007885101237001,0.0539081821013257,-0.107173356436775,-0.161870048661794,0.289540033327734,-0.107173356436795,0.0618831708588694,-0.000788510123690613,0.31081508487025,0.000788510123698135,-0.202853218309777,0.289540033327692,0.107173356436785,0.31081508487027
0.235,0.283831020365422,-0.104151708950025,0.0611949928841476,-0.000482137449281181,-0.165828839283439,0.104151708949989,-0.179197173966133,0.000482137449279563,0.305032683968848,0.000482137449278455,-0.20039883756956,0.10415170894999,-0.157804232225186,-0.000482137449283389,0.0531703858258947,0.283831020365424,0.104151708950027,-0.179197173966134,-0.000482137449279548,-0.165828839283435,-0.104151708949989,0.305032683968852,0.000482137449282665,0.0531703858258975,-0.104151708949991,-0.157804232225182,0.283831020365418,-0.104151708950024,0.0611949928841472,-0.000482137449281363,0.305032683968842,0.000482137449282112,-0.200398837569561,0.283831020365426,0.104151708950027,0.305032683968852
0.24,0.278212112929908,-0.101158224808387,0.0605035395459035,-0.000183188808624703,-0.161844953162913,0.101158224808371,-0.176870699312896,0.00018318880863446,0.299332527572095,0.000183188808623,-0.19799111395508,0.101158224808371,-0.153777582799499,-0.000183188808636649,0.0524361691824867,0.278212112929907,0.101158224808394,-0.176870699312894,-0.000183188808637433,-0.161844953162917,-0.101158224808371,0.299332527572091,0.000183188808638975,0.0524361691824894,-0.101158224808374,-0.153777582799496,0.27821211292991,-0.101158224808389,0.0605035395459033,-0.000183188808623386,0.299332527572085,0.000183188808622136,-0.197991113955082,0.278212112929902,0.101158224808389,0.299332527572093
0.245,0.272651500650973,-0.0981639395710066,0.0597939650721846,9.40930994044605e-05,-0.157863811543777,0.0981639395709724,-0.174581654179369,-9.40930993929228e-05,0.293678033356528,-9.40930994087509e-05,-0.195608186884923,0.0981639395709726,-0.149761060036476,9.40930993929133e-05,0.0516912135648842,0.272651500650963,0.0981639395710119,-0.174581654179367,9.40930993876185e-05,-0.157863811543788,-0.0981639395709728,0.293678033356508,-9.40930993814132e-05,0.0516912135648815,-0.0981639395709801,-0.149761060036483,0.272651500650969,-0.0981639395710163,0.0597939650721856,9.40930994035116e-05,0.293678033356516,-9.40930993985694e-05,-0.195608186884921,0.272651500650952,0.0981639395710115,0.293678033356522
0.25,0.267150469774589,-0.0951476194507646,0.0590561705136154,0.00033182289398087,-0.153871967070399,0.0951476194507356,-0.172334673217802,-0.00033182289395868,0.28806841104918,-0.000331822893975287,-0.193252614492392,0.0951476194507465,-0.14574139124938,0.000331822893957907,0.0509255946925965,0.267150469774591,0.0951476194507644,-0.172334673217798,0.000331822893962307,-0.153871967070398,-0.0951476194507428,0.288068411049179,-0.000331822893961194,0.050925594692597,-0.0951476194507427,-0.145741391249385,0.267150469774579,-0.0951476194507642,0.0590561705136137,0.000331822893972981,0.28806841104918,-0.000331822893980001,-0.193252614492393,0.267150469774576,0.0951476194507683,0.288068411049176
0.255,0.261721870655824,-0.0921109137466055,0.0582814491597899,0.000518451440518786,-0.149873911465817,0.0921109137465034,-0.170129408349717,-0.000518451440460889,0.282517141151465,-0.000518451440458086,-0.190924678845319,0.092110913746553,-0.14172263538848,0.000518451440472277,0.050130173082457,0.261721870655756,0.0921109137465606,-0.170129408349689,0.000518451440497542,-0.149873911465892,-0.0921109137465566,0.282517141151333,-0.000518451440480032,0.0501301730824541,-0.0921109137465222,-0.141722635388574,0.261721870655819,-0.0921109137465808,0.0582814491597672,0.00051845144048066,0.282517141151413,-0.000518451440507776,-0.190924678845326,0.261721870655717,0.0921109137465813,0.282517141151364
0.26,0.25635025157096,-0.0892059464179574,0.0574487622004686,0.000684946204187901,-0.145969762414234,0.0892059464179504,-0.167829251357184,-0.00068494620418035,0.277017400057244,-0.000684946204189655,-0.188496399843488,0.0892059464179491,-0.137799276693137,0.000684946204177802,0.0492782764793593,0.256350251570954,0.0892059464179575,-0.167829251357187,0.000684946204178708,-0.145969762414237,-0.0892059464179476,0.277017400057268,-0.000684946204182366,0.0492782764793639,-0.0892059464179493,-0.13779927669312,0.256350251570953,-0.0892059464179541,0.0574487622004628,0.000684946204190642,0.277017400057248,-0.000684946204187823,-0.18849639984349,0.256350251570954,0.0892059464179557,0.277017400057262
0.265,0.251092319855508,-0.086406505378582,0.0565959978494466,0.000835785908941126,-0.142166717319073,0.0864065053785502,-0.165521600385887,-0.000835785908943789,0.271611156947011,-0.000835785908938994,-0.18604043747737,0.086406505378554,-0.133987423215042,0.000835785908945574,0.0484167037454356,0.251092319855511,0.0864065053785806,-0.165521600385889,0.000835785908951306,-0.142166717319072,-0.0864065053785556,0.271611156946986,-0.000835785908943161,0.0484167037454408,-0.0864065053785574,-0.133987423215083,0.251092319855512,-0.0864065053785834,0.0565959978494499,0.000835785908944023,0.271611156947017,-0.000835785908941379,-0.186040437477373,0.251092319855514,0.0864065053785793,0.271611156946971
0.27,0.245682364742834,-0.0836044074421424,0.0557868034407672,0.00107810505486881,-0.138313105828043,0.083604407442115,-0.163156062355564,-0.00107810505485189,0.266048362285863,-0.00107810505487462,-0.183522059898611,0.0836044074421188,-0.130128020943525,0.00107810505484631,0.0476017185562354,0.245682364742845,0.083604407442149,-0.163156062355561,0.00107810505484675,-0.138313105828034,-0.0836044074421097,0.266048362285898,-0.0010781050548495,0.0476017185562345,-0.0836044074421112,-0.130128020943486,0.245682364742826,-0.0836044074421491,0.0557868034407676,0.00107810505486639,0.266048362285857,-0.0010781050548717,-0.183522059898607,0.245682364742833,0.0836044074421499,0.266048362285902
0.275,0.240278144023585,-0.080805377939209,0.0549931179333898,0.00133902657619827,-0.13445946929638,0.080805424937783,-0.160811792660578,-0.00133907357479345,0.260482102326862,-0.00133900818625224,-0.181015624656623,0.080805485856481,-0.126273746729624,0.00133890026895262,0.0468072690593767,0.240278389590801,0.0808053595688318,-0.160812038208239,0.00134028813897783,-0.134459469315969,-0.0808066395215433,0.260480869317539,-0.00134011490790814,0.0468085020839663,-0.0808042712370901,-0.126273746744862,0.240277409156826,-0.0808055327846465,0.0549940983478145,0.00134016183607266,0.260481004988855,-0.00134018029215236,-0.181015760343215,0.240277163628708,0.080805551260297,0.260482238028703
0.28,0.23492471553053,-0.0780260054513175,0.0541957003419276,0.00159851917312923,-0.130623186620094,0.0780257165068304,-0.158497229252332,-0.00159823022866677,0.254959882693438,-0.00159311952534152,-0.17852915279529,0.07802384942347,-0.122446346756883,0.00159527555313484,0.0460156168587313,0.234925181505835,0.0780210717866179,-0.158497229244574,0.00159551806313183,-0.130623652603202,-0.078023470324384,0.254952236636636,-0.00159798794525353,0.0460156170364718,-0.0780216030144452,-0.122438700877816,0.234923090722804,-0.078026247783558,0.0541973251418712,0.00160038630531689,0.254960102223484,-0.00159498678645204,-0.17852937250308,0.234923556713638,0.078021314247788,0.254952456522173
0.285,0.229677241971922,-0.0752815029600544,0.0533833920550355,0.00182977203899901,-0.126835122976107,0.075278693301813,-0.156225511050898,-0.00182696238078889,0.249527376549972,-0.00183185854157735,-0.176078387231207,0.0752808478603248,-0.118660354518308,0.00183251364129693,0.0452113651995711,0.229670164013813,0.0752761234406927,-0.156225899114661,0.00183466823361396,-0.126827656954112,-0.0752789331326968,0.249525393576908,-0.00182911709496008,0.0452136261677276,-0.075276778384714,-0.118660632513461,0.229677629880004,-0.0752813965842359,0.053383392210695,0.00182966581883324,0.249525115575633,-0.00183196495120498,-0.176078387224992,0.229669775794351,0.0752762296946578,0.249527654538824
0.29,0.224396040390261,-0.0725093132737462,0.0525598008226288,0.0020654464157521,-0.123003667680611,0.0725090319135875,-0.153952173532275,-0.00206516505561583,0.244057983422855,-0.00206110048476064,-0.173611707650943,0.0725073762566705,-0.114853494655801,0.00206303750180712,0.044407218883863,0.22439638369379,0.0725053106487527,-0.15395217352981,0.00206321869316263,-0.123004010986605,-0.0725074288571294,0.244052034288741,-0.00206498401095122,0.0444072190049903,-0.0725057730535222,-0.11484754564276,0.224394565775541,-0.0725094943439759,0.0525612754348785,0.00206710209823541,0.244058182889115,-0.00206275626280856,-0.17361190723833,0.224394909083996,0.072505491814542,0.244052233997247
0.295,0.219164736063732,-0.0697498939899412,0.0516992401787285,0.00226195460330416,-0.119187179565363,0.0697501861858101,-0.151676796677096,-0.00226224679918062,0.238621675491637,-0.00226092129636616,-0.171131185264397,0.0697514115235997,-0.111059206993076,0.00225940376268838,0.0435687167658377,0.21916861500041,0.0697525371893656,-0.151676999107409,0.00226062909489443,-0.119190856071727,-0.0697522449878871,0.23862025036015,-0.00226347209360613,0.0435700143294866,-0.0697510196990397,-0.111059079425238,0.219164938537401,-0.0697498217584897,0.0516992401353745,0.00226188232849315,0.238620377928195,-0.00226099352224404,-0.171131185264608,0.219168412613442,0.0697526094585993,0.238621547924008
0.3,0.21401700830439,-0.067028841420768,0.0507979211988809,0.0024171288386755,-0.115409633780966,0.0670297225101283,-0.149405295722292,-0.00241800992804487,0.233257146932982,-0.00241670296027606,-0.168644809289718,0.0670290406035337,-0.107308678613033,0.00241650377748211,0.0426963409697614,0.214018812109236,0.0670303281236498,-0.149405186945864,0.00241582187207644,-0.115411546362256,-0.0670294470354409,0.23325780937925,-0.00241732803410934,0.042695616342361,-0.0670301289281893,-0.10730861643189,0.214016899515292,-0.067028884142758,0.0507979212115394,0.00241717157331949,0.233257871560437,-0.00241666023947055,-0.16864480928976,0.214018920872998,0.0670302853901916,0.233257084751889
0.305,0.208936676334854,-0.0643402169911861,0.0498618982029744,0.00253718625364596,-0.111664928940515,0.0643402426053402,-0.147133645597321,-0.00253721186780665,0.227954903331093,-0.00253642839799063,-0.166151089123737,0.0643402426053372,-0.103595242733931,0.00253640278381115,0.0417914285265702,0.208937452993239,0.0643402357939132,-0.147133645597322,0.00253640278381249,-0.111665705598886,-0.064340210179727,0.227954113049827,-0.00253721186781191,0.041791428526574,-0.0643402101797223,-0.103594452452667,0.208936676334854,-0.0643402169911853,0.049861898202974,0.00253718625364433,0.227954903331106,-0.00253642839798938,-0.166151089123732,0.208937452993245,0.0643402357939145,0.227954113049819
0.31,0.203915357116451,-0.0616815370165191,0.0488967100988338,0.00262732822942595,-0.107950918885904,0.0616815231739693,-0.144861148329373,-0.00262731438690454,0.222705736281586,-0.00262736776320288,-0.163651646818452,0.0616814572263048,-0.0999141839001719,0.00262744755336779,0.040860094437044,0.203915182959804,0.0616814125119482,-0.144861138211073,0.0026273816056966,-0.107950754847561,-0.0616814263544165,0.222705810891234,-0.00262724843913494,0.0408600238470308,-0.0616814923021896,-0.0999141879198186,0.203915346998258,-0.0616815416588706,0.0488967100987157,0.00262733287167356,0.222705806871601,-0.00262736312084036,-0.163651646818451,0.203915193078209,0.0616814078696916,0.22270574030122
0.315,0.198952631740501,-0.0590543032485475,0.0479066791571978,0.00269228611061187,-0.104268696295121,0.0590542986377313,-0.142590614602564,-0.00269228149981013,0.21751480817908,-0.00269228124207618,-0.161152790783399,0.0590542986377302,-0.096266625295758,0.00269228585285246,0.039904607900073,0.198952624198914,0.0590542908384372,-0.142590614602561,0.00269228585284851,-0.104268688753562,-0.0590542954491963,0.217514800122004,-0.00269228149980034,0.039904607900068,-0.0590542954492003,-0.0962666172386701,0.198952631740501,-0.0590543032485505,0.0479066791571991,0.00269228611060849,0.21751480817906,-0.00269228124207236,-0.161152790783398,0.198952624198906,0.0590542908384326,0.217514800122019
0.32,0.19392853113668,-0.0564148978648232,0.0469249638661423,0.00278562701640268,-0.100554234714513,0.0564148978646728,-0.140299260288306,-0.0027856270163664,0.212263243712702,-0.00278562701637196,-0.158633972864329,0.0564148978646889,-0.0925877003855993,0.00278562701636243,0.0389584295372142,0.193928531136635,0.0564148978648034,-0.140299260288293,0.00278562701640065,-0.100554234714561,-0.0564148978647076,0.212263243712708,-0.00278562701636248,0.0389584295372267,-0.0564148978646875,-0.0925877003855905,0.193928531136714,-0.0564148978648116,0.0469249638661849,0.00278562701636719,0.212263243712708,-0.00278562701637798,-0.158633972864319,0.193928531136662,0.0564148978648105,0.212263243712669
0.325,0.188764663886767,-0.0537287025599947,0.0460555515931287,0.00300623690649721,-0.096778017246604,0.0537287025599752,-0.138042198233234,-0.00300623690649541,0.206847502213712,-0.00300623690649973,-0.156125036560243,0.0537287025599884,-0.088861176049738,0.00300623690648381,0.0381387103962217,0.188764663886719,0.0537287025599974,-0.138042198233233,0.00300623690649329,-0.0967780172466476,-0.0537287025599793,0.206847502213771,-0.00300623690649069,0.0381387103962293,-0.0537287025599828,-0.0888611760497043,0.18876466388674,-0.0537287025599958,0.0460555515931277,0.00300623690649223,0.206847502213726,-0.00300623690649468,-0.156125036560246,0.188764663886698,0.0537287025600058,0.206847502213753
0.33,0.183761133587424,-0.0511828603813387,0.0452078800338388,0.00323466065574567,-0.0931560797594422,0.0511828603813372,-0.135812933861836,-0.00323466065573621,0.201583607318887,-0.0032346606557458,-0.153635407593305,0.0511828603813325,-0.0852937527994712,0.00323466065573792,0.0373455530738778,0.183761133587436,0.0511828603813392,-0.135812933861837,0.00323466065573501,-0.0931560797594259,-0.0511828603813338,0.201583607318904,-0.0032346606557434,0.0373455530738716,-0.0511828603813329,-0.0852937527994627,0.183761133587423,-0.0511828603813368,0.0452078800338388,0.003234660655749,0.201583607318893,-0.00323466065574977,-0.153635407593304,0.183761133587443,0.0511828603813414,0.201583607318904
0.335,0.178839994881173,-0.0487210050060499,0.0443176449137108,0.00342219040294577,-0.0896164595168008,0.0487210050060233,-0.13354118027808,-0.00342219040293916,0.19640331730353,-0.00342219040294407,-0.151104502700449,0.0487210050060273,-0.0818079623253505,0.0034221904029403,0.0365091477222516,0.178839994881167,0.0487210050060461,-0.13354118027808,0.00342219040294269,-0.0896164595168019,-0.0487210050060259,0.196403317303557,-0.0034221904029444,0.0365091477222523,-0.0487210050060249,-0.0818079623253369,0.178839994881174,-0.0487210050060447,0.0443176449137071,0.00342219040294859,0.196403317303538,-0.00342219040294916,-0.151104502700452,0.178839994881176,0.0487210050060475,0.196403317303544
0.34,0.174058939503803,-0.0463424034611716,0.0433793667677836,0.00354480397865793,-0.0861769662503,0.0463424034611646,-0.131261340021272,-0.00354480397865291,0.191363940034547,-0.00354480397866356,-0.148566340552041,0.0463424034611667,-0.0784213896932836,0.00354480397864667,0.0356237902107521,0.174058939503795,0.0463424034611771,-0.131261340021271,0.00354480397864844,-0.0861769662503041,-0.0463424034611623,0.19136394003457,-0.00354480397864246,0.0356237902107509,-0.0463424034611703,-0.0784213896932594,0.174058939503787,-0.0463424034611816,0.0433793667677796,0.00354480397865257,0.191363940034548,-0.00354480397865078,-0.148566340552038,0.174058939503783,0.046342403461182,0.191363940034574
0.345,0.169356161671729,-0.0440288922999457,0.0424015746495885,0.00362524216110408,-0.0828052247884748,0.0440288923000381,-0.128952511532841,-0.00362524216110873,0.186393452243767,-0.0036252421611028,-0.145989802104898,0.0440288923000321,-0.0751073869502099,0.00362524216111378,0.034703736811316,0.16935616167175,0.0440288922999455,-0.128952511532853,0.00362524216111982,-0.0828052247884494,-0.0440288923000365,0.186393452243783,-0.00362524216111893,0.0347037368113376,-0.0440288923000431,-0.0751073869502092,0.169356161671719,-0.0440288922999554,0.0424015746495614,0.00362524216110135,0.186393452243783,-0.0036252421610954,-0.145989802104892,0.169356161671741,0.0440288922999483,0.186393452243779
0.35,0.16454681850139,-0.0417323236726357,0.0414156640517678,0.0037366772004347,-0.0794113105239566,0.0417323236726212,-0.12655117202921,-0.00373667720043452,0.181291509429023,-0.00373667720043404,-0.14329586295684,0.0417323236726197,-0.0717830010017082,0.00373667720043569,0.0337873545295128,0.164546818501401,0.0417323236726386,-0.126551172029209,0.00373667720042907,-0.0794113105239508,-0.0417323236726254,0.181291509429045,-0.00373667720043924,0.0337873545295109,-0.0417323236726168,-0.0717830010016996,0.164546818501401,-0.0417323236726294,0.0414156640517586,0.00373667720044319,0.181291509429032,-0.00373667720044144,-0.143295862956843,0.164546818501408,0.0417323236726335,0.181291509429035
0.355,0.159803719887741,-0.039500664735727,0.0404087779125534,0.00382608648717847,-0.0760833561611063,0.0395006647357288,-0.124129141639195,-0.00382608648718108,0.176252842413373,-0.00382608648718271,-0.140578264164819,0.0395006647357276,-0.0685260323466013,0.00382608648718168,0.0328514540980552,0.159803719887746,0.0395006647357312,-0.124129141639193,0.00382608648718016,-0.0760833561610992,-0.0395006647357267,0.176252842413365,-0.00382608648717714,0.0328514540980532,-0.0395006647357323,-0.0685260323466079,0.159803719887735,-0.0395006647357334,0.0404087779125545,0.00382608648718103,0.176252842413373,-0.00382608648717778,-0.140578264164818,0.159803719887745,0.0395006647357286,0.176252842413364
0.36,0.155124640833664,-0.0373292315748621,0.0393766564448613,0.00388871675638685,-0.072817171263327,0.0373292315748599,-0.121684126015178,-0.00388871675637289,0.171273243812252,-0.0038887167563873,-0.137832728993781,0.0373292315748546,-0.0653332074408596,0.00388871675637602,0.0318926926223865,0.155124640833641,0.0373292315748571,-0.121684126015182,0.00388871675637992,-0.0728171712633398,-0.0373292315748607,0.171273243812258,-0.00388871675638108,0.031892692622386,-0.0373292315748571,-0.0653332074408578,0.155124640833663,-0.0373292315748534,0.0393766564448562,0.00388871675639482,0.171273243812256,-0.00388871675639353,-0.137832728993783,0.155124640833656,0.0373292315748593,0.171273243812251
0.365,0.150494998218608,-0.0352073975616838,0.0383181247150777,0.0039236055249599,-0.069601916751802,0.0352080462905573,-0.119211206181877,-0.00392425425382994,0.166334042143875,-0.00392329717563907,-0.135049829500421,0.0352075098190907,-0.062196599379619,0.00392318491822023,0.0309123867361738,0.150496273398319,0.0352085211572845,-0.119211049416671,0.00392264845158607,-0.0696033486967227,-0.0352078724332291,0.166334632861144,-0.00392371779655607,0.0309119085997915,-0.0352084088856776,-0.0621967119605236,0.150494841439206,-0.0352073392314195,0.0383181247292628,0.00392354720888162,0.166334520278044,-0.00392335551072695,-0.135049829498204,0.15049643014933,0.0352085794781811,0.166334154722543
0.37,0.145920892137955,-0.0331382257314329,0.0372280191775057,0.00392382349705558,-0.0664424214118817,0.0331381645920967,-0.116706489903584,-0.00392376235772591,0.161439167400903,-0.00392166058586862,-0.132223616652319,0.0331372113344347,-0.0591217462910161,0.00392267498283891,0.0299061955424356,0.145920672700073,0.0331358433924161,-0.116706489893529,0.00392306122012701,-0.0664422019840536,-0.0331372440266708,0.161436083811142,-0.00392337623357937,0.0299061956176264,-0.033136290655868,-0.0591186627764467,0.145920324994384,-0.0331386118935259,0.0372285863110273,0.00392477679267335,0.161439523644931,-0.00392261391872152,-0.132223972971552,0.145920105576619,0.0331362295917515,0.161436440205567
0.375,0.141408286434838,-0.0311200751542406,0.0361098691420403,0.00388728359573211,-0.063342660700568,0.031121356521502,-0.114175494876336,-0.00388856496298576,0.156593723642441,-0.0038871415660337,-0.129361773628268,0.0311190915802063,-0.0561100161808722,0.00388812514007948,0.0288780661667043,0.141407922324167,0.0311199331043014,-0.114175130785882,0.00388734206465024,-0.0633426606803068,-0.0311201336029268,0.156594804505095,-0.00388690222746919,0.0288769852850069,-0.0311203144725755,-0.0561100161618461,0.141407320138608,-0.0311203729605236,0.0361104713478244,0.0038881836077882,0.15659520330025,-0.00388832562562396,-0.129362172404373,0.141407684208843,0.0311205149581198,0.15659412239951
0.38,0.136892570552036,-0.0291334250109282,0.0349649873037665,0.0038297548355626,-0.0602686574791252,0.0291346508123176,-0.111588900376683,-0.00383098063697533,0.151733380142755,-0.00382925435400242,-0.126428976555843,0.0291336579408913,-0.0531349819211281,0.00382902142401431,0.0278305783342267,0.136894860224723,0.0291355147903736,-0.111588599788355,0.00382802857711151,-0.0602712477401179,-0.0291342890134642,0.151734503521139,-0.00382998782505589,0.0278297154892808,-0.0291352818008579,-0.0531352424545887,0.136892269904192,-0.0291332950089741,0.0349649873632676,0.00382962489311814,0.151734242978897,-0.00382938438048002,-0.126428976547045,0.13689516075354,0.0291356447573495,0.151733640667404
0.385,0.132405950498685,-0.027217255639342,0.0337868104065666,0.00374280326568177,-0.0572612627802348,0.0272173143606581,-0.108931498125014,-0.00374286198698916,0.14689029959278,-0.00374411826544023,-0.123416545391046,0.0272178724671621,-0.0502278185885493,0.00374350143761425,0.0267540643868201,0.132406131462201,0.0272187516065499,-0.10893149812108,0.0037432264241562,-0.057261443747683,-0.0272178597652703,0.146892159940812,-0.00374313705677482,0.0267540644217247,-0.0272184178154486,-0.0502296789714837,0.132406233531453,-0.0272169805909905,0.033786527369858,0.00374224518061813,0.146890072370257,-0.00374356019383081,-0.123416318203438,0.132406414502834,0.0272184765716458,0.146891932788096
0.39,0.12794941734347,-0.0254020823417788,0.0325951161923805,0.00364693239841997,-0.0543502661357191,0.0254025811412914,-0.106194267400143,-0.00364743119798307,0.14207121726916,-0.00364766121936116,-0.120316599390693,0.0254022790978515,-0.0474216455103879,0.00364746446330198,0.025667027631875,0.127949526687485,0.0254029205055456,-0.106194267401315,0.00364762440024776,-0.054350375478538,-0.0254028836863892,0.142072248654516,-0.00364727124173537,0.0256670276202214,-0.0254025816622336,-0.0474226768840167,0.127949275257459,-0.025402242290387,0.0325952582795762,0.00364723443420976,0.142071343611742,-0.00364796325114293,-0.120316725721612,0.127949384599104,0.0254030804501409,0.142072374973805
0.395,0.123381579469825,-0.0236523523093967,0.0314281008280729,0.00360031589642241,-0.0514801372410375,0.023652368342844,-0.103329543056849,-0.0036003319298746,0.137141978132407,-0.00359996498804166,-0.117089574777607,0.0236523683428374,-0.0446565341466285,0.00359994895459898,0.0246041307918259,0.123381933857318,0.023652355788512,-0.103329543056857,0.00359994895459557,-0.0514804916285452,-0.0236523397550673,0.137141598636248,-0.00360033192987471,0.024604130791827,-0.0236523397550686,-0.0446561546504589,0.123381579469822,-0.023652352309391,0.0314281008280721,0.00360031589643439,0.137141978132398,-0.00359996498803818,-0.117089574777611,0.123381933857322,0.0236523557885087,0.137141598636254
0.4,0.118862177217055,-0.0219716014520715,0.0302542250801907,0.00353485848514737,-0.0486909680471279,0.0219715403873389,-0.100425434250136,-0.00353479742040992,0.132250408468097,-0.00353479417227102,-0.113813662253026,0.0219715403873423,-0.0419753589554923,0.00353485523699367,0.0235386127404216,0.118862061775368,0.0219714216975004,-0.100425434250133,0.00353485523699786,-0.0486908526054102,-0.0219714827622302,0.132250286530111,-0.00353479742041332,0.0235386127404206,-0.0219714827622242,-0.0419752370175062,0.118862177217058,-0.0219716014520677,0.0302542250801906,0.00353485848514149,0.132250408468097,-0.00353479417227673,-0.113813662253027,0.118862061775368,0.0219714216975013,0.132250286530111
0.405,0.11439788377961,-0.0203650573898083,0.0290716959496823,0.00345166361654445,-0.0459850897229152,0.0203650546194789,-0.0974844900063041,-0.00345166084617289,0.127404880949289,-0.00345166414736195,-0.110491485837202,0.0203650592594491,-0.0393829973052109,0.00345166227766339,0.0224696021930786,0.114397884590594,0.0203650579206231,-0.0974844908173562,0.00345166342993542,-0.0459850897229662,-0.0203650572032283,0.127404878896405,-0.00345166486140899,0.0224696042460154,-0.0203650566757181,-0.0393829973052,0.114397885215431,-0.020365056489159,0.0290716953248662,0.0034516620911241,0.127404877985251,-0.0034516615602932,-0.110491484926046,0.114397884404349,0.0203650559583362,0.127404880038184
0.41,0.109923289349179,-0.0187970773856862,0.0278847346591757,0.00336423724477917,-0.043317574799917,0.0187970773856105,-0.0944904492083318,-0.00336423724485449,0.122529578281207,-0.00336423724470853,-0.107096738140208,0.0187970773856441,-0.0368420656607538,0.00336423724489468,0.0214092255201169,0.109923289349058,0.0187970773856165,-0.0944904492083603,0.00336423724494022,-0.0433175748000229,-0.0187970773856332,0.122529578280868,-0.00336423724496518,0.021409225520102,-0.0187970773856253,-0.0368420656610586,0.109923289349171,-0.0187970773856049,0.027884734659194,0.00336423724477195,0.122529578281154,-0.0033642372448315,-0.107096738140242,0.109923289349103,0.0187970773856499,0.122529578280853
0.415,0.105387611489756,-0.0172241170581835,0.0267024582029348,0.00329732361637556,-0.040629251644733,0.0172241170581856,-0.0914608180479397,-0.00329732361637351,0.117558704362075,-0.00329732361637899,-0.103631910920276,0.0172241170581849,-0.0343024433416535,0.00329732361637367,0.0203756498998418,0.10538761148974,0.0172241170581864,-0.0914608180479422,0.00329732361637287,-0.0406292516447436,-0.0172241170581842,0.117558704362099,-0.00329732361637605,0.0203756498998322,-0.0172241170581863,-0.0343024433416336,0.105387611489756,-0.01722411705818,0.0267024582029254,0.00329732361638292,0.117558704362072,-0.00329732361638203,-0.10363191092028,0.105387611489745,0.0172241170581825,0.117558704362092
0.42,0.100968529413215,-0.0157561114629416,0.0255010498448364,0.00318756500718544,-0.0380695963006047,0.0157561114629418,-0.0883999829574595,-0.00318756500718182,0.112699791779481,-0.0031875650071854,-0.10013124532373,0.0157561114629495,-0.0318970239989919,0.00318756500718182,0.0193284775432372,0.100968529413228,0.0157561114629369,-0.0883999829574603,0.00318756500718615,-0.0380695963005887,-0.0157561114629454,0.112699791779495,-0.00318756500718513,0.0193284775432334,-0.0157561114629434,-0.0318970239989956,0.100968529413209,-0.0157561114629391,0.0255010498448388,0.00318756500718092,0.112699791779499,-0.00318756500718625,-0.10013124532373,0.100968529413225,0.0157561114629458,0.112699791779478
0.425,0.0966061931364024,-0.0143687905748972,0.0242753311569003,0.00303954707010368,-0.0356045746616934,0.0143687905749015,-0.0852769496316071,-0.00303954707009876,0.107890741959769,-0.00303954707010392,-0.0965614984549786,0.0143687905748966,-0.0295918431698602,0.00303954707010285,0.018262599665074,0.096606193136401,0.0143687905748961,-0.085276949631608,0.00303954707010206,-0.0356045746616964,-0.0143687905749031,0.107890741959769,-0.00303954707010511,0.0182625996650669,-0.0143687905748964,-0.0295918431698661,0.0966061931364018,-0.0143687905748923,0.0242753311568998,0.00303954707010409,0.107890741959772,-0.00303954707010672,-0.0965614984549759,0.0966061931364048,0.0143687905748954,0.10789074195977
0.43,0.092253979687425,-0.013048392043429,0.0230265165981931,0.00286229702489781,-0.033212611616752,0.0130483920434879,-0.082067884668802,-0.00286229702488539,0.103081842461199,-0.00286229702489628,-0.0928957474425344,0.0130483920434965,-0.0273664477085731,0.00286229702486614,0.0171803526900223,0.0922539796873592,0.0130483920434216,-0.0820678846688139,0.00286229702488168,-0.0332126116167874,-0.0130483920434699,0.103081842461074,-0.00286229702485642,0.0171803526900368,-0.013048392043523,-0.0273664477086602,0.092253979687402,-0.0130483920434557,0.0230265165981934,0.00286229702490382,0.103081842461159,-0.00286229702488183,-0.0928957474425549,0.0922539796873484,0.0130483920434351,0.1030818424611
0.435,0.0877327287680264,-0.0117347016973454,0.021756021064079,0.00269014287833527,-0.0308005798830875,0.0117347016973447,-0.0786881699490058,-0.00269014287833086,0.0980558467557859,-0.0026901428783335,-0.0890112879367792,0.0117347016973539,-0.0251470710594498,0.00269014287833112,0.0161025122404338,0.087732728768011,0.0117347016973396,-0.0786881699490106,0.00269014287833969,-0.030800579883102,-0.0117347016973521,0.0980558467557962,-0.00269014287833978,0.016102512240442,-0.0117347016973471,-0.0251470710594493,0.0877327287680266,-0.011734701697339,0.0217560210640881,0.00269014287833175,0.0980558467557994,-0.00269014287833825,-0.0890112879367801,0.087732728768014,0.0117347016973489,0.0980558467557817
0.44,0.0831927991213889,-0.0104858318071899,0.020484307516819,0.00250840169800012,-0.0284617376260039,0.0104858318071799,-0.0752153690122033,-0.0025084016979988,0.0929944521933636,-0.00250840169800188,-0.0850170220841802,0.01048583180718,-0.0230122106785594,0.00250840169800104,0.0150347805693685,0.0831927991213789,0.0104858318071914,-0.0752153690122014,0.00250840169799891,-0.0284617376260107,-0.0104858318071807,0.0929944521933663,-0.00250840169799885,0.0150347805693739,-0.0104858318071815,-0.0230122106785507,0.0831927991213961,-0.0104858318071908,0.0204843075168238,0.00250840169800378,0.0929944521933581,-0.00250840169800308,-0.085017022084181,0.0831927991213893,0.0104858318071906,0.0929944521933696
0.445,0.0786102014874447,-0.00930053118896214,0.0192031995316675,0.00231063093663249,-0.026193099784003,0.00930053118896376,-0.0716203012351162,-0.00231063093662813,0.0878733328575135,-0.00231063093662807,-0.0808834326051848,0.00930053118896348,-0.0209587857839259,0.00231063093662487,0.0139688855315947,0.0786102014874543,0.00930053118896128,-0.0716203012351164,0.00231063093662565,-0.0261930997839915,-0.00930053118896302,0.0878733328575229,-0.00231063093663255,0.013968885531592,-0.00930053118896046,-0.0209587857839198,0.0786102014874396,-0.00930053118895271,0.0192031995316646,0.00231063093663347,0.0878733328575092,-0.00231063093663641,-0.0808834326051906,0.0786102014874532,0.00930053118895948,0.0878733328575226
0.45,0.0739222302659397,-0.00819397367765712,0.0179121341314894,0.00210749034192991,-0.0239986174672261,0.00819397367765302,-0.0678357469302022,-0.00210749034191875,0.0826530614370524,-0.00210749034193596,-0.0765665781013185,0.00819397367766186,-0.018980203325231,0.00210749034191911,0.0128937199895025,0.073922230265948,0.00819397367766229,-0.0678357469301978,0.00210749034192168,-0.0239986174672209,-0.008193973677659,0.0826530614370625,-0.00210749034191379,0.0128937199894786,-0.0081939736776688,-0.0189802033252212,0.0739222302659247,-0.00819397367766615,0.0179121341314817,0.00210749034193091,0.0826530614370468,-0.00210749034193232,-0.0765665781013212,0.0739222302659347,0.0081939736776666,0.0826530614370599
0.455,0.069210832523293,-0.00715200593070048,0.0166143497792581,0.0018790737781147,-0.0218872819318202,0.00715177650669628,-0.0639379003707097,-0.00187884435410089,0.0773520259639889,-0.00187876629895804,-0.07207913751821,0.00715165474473963,-0.0171146551506014,0.00187911748493218,0.0118417667048332,0.0692104486080776,0.00715134950209889,-0.0639378654049686,0.00187899570621032,-0.0218869329823914,-0.0071515789093579,0.0773517644341291,-0.00187872258618044,0.0118419915788572,-0.00715170069404301,-0.0171146184947867,0.0692107975635617,-0.00715165927795307,0.0166143497732546,0.0018787271194011,0.0773518010892453,-0.00187911293493899,-0.0720791375174871,0.0692104835798209,0.00715169614403899,0.0773519893074252
0.46,0.064367046939819,-0.00619318768493091,0.0152964721273266,0.0016459444821159,-0.0198437153301363,0.00619404089354112,-0.0598198037369933,-0.00164679769072196,0.0719087509839108,-0.00164708921367326,-0.067361388136357,0.00619445206123095,-0.0153285531077083,0.0016458248373652,0.0107811902601558,0.0643683580379289,0.00619554035323018,-0.0598199068983787,0.00164623576031696,-0.0198449232668939,-0.0061946868998804,0.0719097197160276,-0.00164720877356366,0.0107803398150759,-0.00619427606177954,-0.015328671394751,0.0643671501860541,-0.0061944490529568,0.015296472042475,0.00164720576529322,0.0719096014179076,-0.00164582760090387,-0.0673613881252501,0.0643682549614011,0.00619427882531701,0.0719088692598228
0.465,0.0594020296073986,-0.00528563386429368,0.0139551583547574,0.0014044935346225,-0.0178362986844335,0.00528561158098013,-0.0555208892777346,-0.00140447125131153,0.066329434664705,-0.00140265423500317,-0.0624469931689593,0.00528509573072087,-0.0135921003788857,0.00140319236856998,0.00970965888317721,0.0594034586478628,0.0052853323979626,-0.0555207804848737,0.00140267701560186,-0.0178378365177043,-0.00528535517856147,0.0663283699988806,-0.00140395556801355,0.0097108627731472,-0.00528587036457273,-0.013592239603115,0.059401920647548,-0.00528391462135581,0.0139551585217064,0.00140277445864197,0.0663282307980142,-0.00140437397522828,-0.0624469931922631,0.0594035672737564,0.00528705197124237,0.0663295739121979
0.47,0.0541076223383782,-0.00439069847027281,0.0125984451888373,0.00118509936503189,-0.0158040442940628,0.00439242862293356,-0.0509020232331334,-0.00118682951769484,0.0603565755781597,-0.00118621077948559,-0.0571507477660996,0.00439203859153126,-0.0118712621012351,0.00118487065821561,0.00866543428917812,0.0541077381478953,0.00439192572226107,-0.0509020232051383,0.00118703125418355,-0.0158041601316141,-0.00439274619695771,0.0603580054132199,-0.00118466807513126,0.0086654340910223,-0.00439235701215877,-0.0118726917381454,0.0541093937215506,-0.00439285926439535,0.0125966737776625,0.00118548874799511,0.0603566685324854,-0.00118660061272088,-0.0571508405222753,0.0541095095870737,0.0043940869666646,0.0603580979712427
0.475,0.0485433353654178,-0.00355478153837763,0.0112059142403093,0.000965219556818766,-0.0137954762218693,0.00355526475201503,-0.0459537733838529,-0.000965702770449435,0.0540748588474719,-0.000963648078668641,-0.0514838765187881,0.00355463040735021,-0.0102072168035213,0.000963799209695551,0.00761623447484311,0.0485432871265201,0.00355320996986481,-0.0459537252353264,0.000965351293773696,-0.0137954761315099,-0.00355491318497667,0.0540736376816819,-0.000963448806964223,0.00761745555167736,-0.00355498071972149,-0.0102072167145814,0.0485449068357192,-0.00355511254562217,0.0112042946214807,0.000963930945238532,0.0540736919817506,-0.000965503500162767,-0.0514839307298996,0.0485449548938804,0.00355668501018668,0.054074912969636
