0.05,0.109942893576471,-0.015788412444292,0.0540912736007617,-2.2036281919056e-05,0.0280805311902887,-0.0159086582660525,0.0558019745310036,0.000663983577050482,0.112196497931806,2.2036281967434e-05,0.0538686273003339,-0.0159086582660378,0.0279469311091381,-0.000663983577017254,0.0539046165571883,0.109942893576452,0.0157884124443205,0.0558019745310007,-0.000663983577003051,0.0280805311902739,0.0159086582660838,0.112196497931813,0.000663983577059596,0.0539046165571977,0.0159086582660825,0.0279469311091629,0.109942893576481,-0.0157884124442874,0.0540912736007435,-2.20362819307433e-05,0.112196497931784,2.2036281971188e-05,0.0538686273003305,0.109942893576467,0.0157884124443296,0.11219649793182
0.055,0.110058338527919,-0.0159620344160659,0.0540174238036428,-6.82432236141324e-05,0.0277410699774042,-0.0157957789199908,0.0556667126272759,0.000718767072391569,0.112320853042583,6.82432236122485e-05,0.0537158675164967,-0.0157957789199914,0.0276273375893408,-0.000718767072393635,0.0538194867878147,0.110058338527921,0.0159620344160649,0.0556667126272762,-0.000718767072394356,0.0277410699774061,0.0157957789199899,0.112320853042582,0.000718767072392413,0.0538194867878138,0.0157957789199899,0.0276273375893402,0.11005833852792,-0.015962034416066,0.0540174238036426,-6.82432236140877e-05,0.112320853042583,6.82432236122188e-05,0.0537158675164968,0.110058338527922,0.015962034416065,0.112320853042581
0.06,0.110168743106677,-0.0161340537737641,0.0539277528564675,-0.0001231385028503,0.0273872576781049,-0.0156710120080793,0.0555347138752905,0.000783053359906187,0.11244006550172,0.000123138502851302,0.0535659192126338,-0.0156710120080789,0.0272937050510376,-0.000783053359905729,0.0537187777511429,0.110168743106679,0.0161340537737658,0.05553471387529,-0.000783053359905917,0.0273872576781068,0.0156710120080803,0.112440065501721,0.000783053359906752,0.0537187777511422,0.0156710120080804,0.0272937050510384,0.110168743106676,-0.0161340537737643,0.0539277528564669,-0.000123138502850622,0.112440065501721,0.000123138502851035,0.0535659192126339,0.110168743106678,0.0161340537737651,0.112440065501721
0.065,0.110276264056073,-0.0163064535688492,0.0538250622071609,-0.000186409796800119,0.0270182749434582,-0.0155370121605536,0.0554043760212203,0.000856556857369873,0.112556566431053,0.00018640979679852,0.0534169389705683,-0.0155370121605536,0.0269455197633268,-0.000856556857371217,0.0536049520629579,0.110276264056073,0.0163064535688483,0.0554043760212205,-0.000856556857371295,0.0270182749434577,0.0155370121605525,0.112556566431053,0.000856556857370275,0.0536049520629579,0.0155370121605524,0.0269455197633265,0.110276264056073,-0.0163064535688491,0.0538250622071609,-0.000186409796799731,0.112556566431053,0.000186409796798818,0.0534169389705688,0.110276264056072,0.0163064535688478,0.112556566431053
0.07,0.110383580424644,-0.0164813172548312,0.0537128831613958,-0.000256974023424355,0.0266326749168343,-0.0153949726063209,0.0552736927289449,0.000938215761132378,0.112673235995028,0.000256974023425386,0.0532667512898247,-0.0153949726063213,0.0265815376667575,-0.000938215761130528,0.053481306280204,0.110383580424645,0.0164813172548323,0.0552736927289454,-0.00093821576113194,0.0266326749168355,0.0153949726063213,0.112673235995027,0.000938215761131828,0.0534813062802039,0.0153949726063226,0.026581537666757,0.110383580424644,-0.0164813172548312,0.053712883161396,-0.000256974023424505,0.112673235995027,0.000256974023425385,0.053266751289824,0.110383580424645,0.0164813172548321,0.112673235995026
0.075,0.110492657841882,-0.0166598875600049,0.0535946285079454,-0.000333237306551375,0.0262297140330109,-0.0152451314910411,0.0551410068797954,0.00102642121978662,0.112792136268335,0.000333237306550842,0.053113653500458,-0.0152451314910408,0.0262010527189783,-0.00102642121978669,0.0533511647748583,0.110492657841881,0.016659887560004,0.0551410068797954,-0.00102642121978728,0.0262297140330111,0.0152451314910396,0.112792136268334,0.00102642121978627,0.0533511647748584,0.0152451314910407,0.0262010527189776,0.110492657841881,-0.0166598875600045,0.0535946285079459,-0.000333237306551626,0.112792136268334,0.000333237306550502,0.0531136535004574,0.110492657841881,0.0166598875600039,0.112792136268334
0.08,0.110602261648886,-0.016840631987786,0.0534717311078035,-0.000413668117534388,0.0258120478197297,-0.0150875708624764,0.0550066630512302,0.00111952263029878,0.112911930815902,0.000413668117533726,0.0529581946822466,-0.0150875708624756,0.0258064539666842,-0.00111952263029985,0.0532161241628119,0.110602261648887,0.0168406319877865,0.055006663051231,-0.00111952263029951,0.025812047819731,0.0150875708624763,0.112911930815902,0.00111952263029999,0.0532161241628118,0.015087570862475,0.0258064539666836,0.110602261648886,-0.0168406319877862,0.0534717311078033,-0.000413668117533647,0.112911930815903,0.000413668117533724,0.0529581946822472,0.110602261648887,0.0168406319877859,0.112911930815902
0.085,0.110701313435461,-0.0170143455889129,0.0533372675148589,-0.000498812196428264,0.0253930200587911,-0.0149230007266021,0.0548787381979598,0.00121767646784551,0.113020892671507,0.000498812196428057,0.0528092885992022,-0.0149230007266007,0.0254100833103385,-0.00121767646784659,0.0530700746260182,0.110701313435462,0.0170143455889134,0.0548787381979596,-0.00121767646784609,0.0253930200587918,0.0149230007266021,0.113020892671508,0.00121767646784642,0.0530700746260178,0.0149230007266014,0.0254100833103404,0.110701313435461,-0.0170143455889125,0.0533372675148588,-0.000498812196428281,0.113020892671507,0.000498812196427625,0.0528092885992021,0.110701313435462,0.0170143455889125,0.113020892671509
0.09,0.110836074676307,-0.0172236691780556,0.0531907996101581,-0.000594156649181368,0.0249242503472629,-0.0147158297783172,0.0547541500037759,0.00132817343030323,0.113161968720722,0.000590478391142632,0.0526617341132257,-0.014715968408937,0.0249674033284617,-0.00132418515440607,0.0529139818411293,0.110825124118366,0.0172180709346119,0.0547540250300302,-0.0013242038829223,0.0249298349999702,0.0147202450522557,0.113158475389625,0.00132819542051009,0.0529106123720704,0.014720109146025,0.0249691489054416,0.110835075158274,-0.0172228275161478,0.0531907995528688,-0.000593990551856542,0.113158405256182,0.000590649360735036,0.052661734523755,0.110826125649424,0.0172189093842406,0.113162039155789
0.095,0.110986243162681,-0.0174511934078317,0.0530350295548864,-0.000700684586169401,0.0244064647627554,-0.014485771989285,0.0546217725468421,0.001451945580623,0.113316056897283,0.00069386889482039,0.0525039350133492,-0.0144853951331199,0.0244780995669879,-0.00144496995797868,0.0527410395439106,0.110984185253367,0.0174586012495363,0.054621772828747,-0.00144478200833333,0.0244029398509999,0.014478035982536,0.113330720619191,0.00145211974481539,0.0527410394984805,0.014477652029267,0.0244672784437185,0.11097941170806,-0.0174497228499352,0.0530286305260709,-0.00070082976433064,0.113314402913718,0.000694004105133997,0.0525036894562582,0.110977356695882,0.0174571221102607,0.113329073484968
0.1,0.111125446264801,-0.0176923359139909,0.0528551298730516,-0.000810591721237748,0.0238473036252517,-0.0142269319354439,0.0544853287767137,0.00158018316303942,0.113485143303191,0.000818058303384485,0.0523399611433413,-0.0142265474544854,0.0239397104505575,-0.0015882585609106,0.0525476326348647,0.11114607920437,0.0177022840460505,0.0544854124737183,-0.00158847161806088,0.0238367335153895,0.0142188097317218,0.113491717300285,0.00158040848932927,0.0525552244948408,0.0142192027209583,0.0239372181571163,0.11112758722428,-0.0176937738742802,0.0528551306222309,-0.000810768099023212,0.113493153242243,0.000817898570403629,0.0523399614229694,0.111143947739645,0.0177008341525353,0.11348370775269
0.105,0.11128263732464,-0.0179448761896088,0.0526612187893467,-0.00093866371065533,0.0232436248067983,-0.0139439147974169,0.0543434378552701,0.00172893431503481,0.113660074993273,0.000945501694560481,0.0521688758751085,-0.0139443404554341,0.023366227187267,-0.00173643414786541,0.0523479113959635,0.111297017864772,0.0179510935371492,0.0543434521805912,-0.00173610299160219,0.0232340900721573,0.0139374943661792,0.113650128513437,0.00172859290175178,0.052340283704668,0.0139370624344098,0.023364314427581,0.111280554897547,-0.0179436322995859,0.0526612178089308,-0.000938607317022205,0.113652001937089,0.000945545227241353,0.0521688762541701,0.111299091959695,0.017952347432855,0.113658201939494
0.11,0.111448437583516,-0.0182073639198061,0.0524503728063908,-0.00108188917196686,0.0225914495405748,-0.0136309237306954,0.0541945188950935,0.00189457275228553,0.113822403281818,0.0010763670746938,0.0519893095634488,-0.0136313371494551,0.0227521605250386,-0.00188858052695025,0.0521228553200938,0.111434131661594,0.0182007620839434,0.0541946092248672,-0.00188819916617685,0.0225988522217507,0.0136365886075462,0.113817148403344,0.001894197725863,0.0521161458509676,0.0136361785363687,0.0227534166576752,0.111446684489828,-0.0182064183392584,0.0524503736035946,-0.00108195979208378,0.113815259142032,0.00107630359228216,0.0519893089342377,0.111435889922053,0.0182017014233989,0.113824291711395
0.115,0.111585494860038,-0.0184639937595634,0.0522194905826317,-0.00122381874790043,0.0219107318665294,-0.0132992093798523,0.0540376077604615,0.00205933587836342,0.113982087730001,0.00122396268573433,0.0518004263452405,-0.0132999726044726,0.0221005353125557,-0.00205950201084223,0.0518800481993907,0.111584211645307,0.0184633683215264,0.0540377246465381,-0.00205900039650744,0.0219107288519532,0.0132995570704661,0.113976518337855,0.00205916648400342,0.0518748568347833,0.0132996192824252,0.0221005322504059,0.111589953785199,-0.0184640349069006,0.0522247868386575,-0.00122413851080714,0.113977630567602,0.00122399423614462,0.0518004021359275,0.111591245040796,0.0184646663581762,0.113983207632796
0.12,0.111725535694558,-0.0187271555924773,0.0519732144259535,-0.00137504056054012,0.0211854316577961,-0.012934359368479,0.0538722079279511,0.00223446035652286,0.114134543816723,0.00137520414430974,0.0516019672851038,-0.0129349202155617,0.0214079599115082,-0.00223463424603945,0.0516184998423037,0.111724746214165,0.018726791800311,0.0538723021028427,-0.0022342269632038,0.0211854309005827,0.0129346207242899,0.114130817979709,0.00223440085557526,0.0516150640739059,0.0129346575027861,0.0214079591416708,0.111728580749357,-0.0187271800358774,0.0519767187193675,-0.00137533415834543,0.11413149866322,0.0013751705024799,0.0516019294905435,0.111729372242016,0.0187275452542422,0.114135226419331
0.125,0.111857907030387,-0.0189940062191982,0.0517069466403252,-0.00153081056371822,0.0204194794192007,-0.0125340580620141,0.0536983505306519,0.00241460787933235,0.114277714042036,0.00153174645204752,0.0513942439339894,-0.0125338791345691,0.0206742961551869,-0.00241556781633968,0.0513351642218215,0.111858614533669,0.0189932583376869,0.0536983504641673,-0.0024156994671864,0.0204197326012629,0.0125349613871165,0.114276361532527,0.00241447632688618,0.051335164258728,0.0125347825041607,0.0206755812000286,0.111855881684381,-0.0189938197644696,0.051705115506472,-0.0015307462859385,0.114277395326769,0.00153168235441531,0.0513942648456626,0.111856589280802,0.0189930720718035,0.114276042721317
0.13,0.111997088997884,-0.019268958616704,0.0514306659306664,-0.00170411172711178,0.0196114235725944,-0.0121173768626123,0.0535247298277361,0.00261498614405486,0.114431381235014,0.00170405289447272,0.0511841951853471,-0.0121172370449535,0.0199019588760165,-0.00261492699794301,0.0510452491192769,0.111997179197025,0.0192690177256758,0.0535247263135673,-0.00261500430056325,0.019611423567701,0.0121173086129435,0.114432011917466,0.00261494515410328,0.0510458143359656,0.0121173052881981,0.0199019588710894,0.111996535928697,-0.0192689523338389,0.0514300905845709,-0.00170405071494988,0.114431932897282,0.00170410954653724,0.0511841942038608,0.111996445748034,0.0192688932327021,0.114431302232399
0.135,0.112065329737029,-0.0194781774165002,0.0511871539928882,-0.00182737738000773,0.0188901193654283,-0.0117404267357197,0.0533234987296668,0.00275934747724673,0.114513109007052,0.00182737987772573,0.050952851015743,-0.0117404333257843,0.0192087409995711,-0.00275934536846025,0.0507914396090871,0.112065335202674,0.0194781717062403,0.0533234973229793,-0.00275934561788116,0.0188901165448205,0.0117404359493554,0.114513069726615,0.00275934772668725,0.0507914019669627,0.0117404293593073,0.0192087415476014,0.11206532632294,-0.0194781726957293,0.0511871539928929,-0.0018273836206204,0.114513065339528,0.00182737363713213,0.0509528510157452,0.112065338616773,0.0194781764269877,0.114513113394131
0.14,0.112136075721222,-0.0196894932025095,0.0509336999533493,-0.00194720041949159,0.0181995291338782,-0.0113496952378204,0.0531468362240766,0.00289867215800506,0.11459433465268,0.00194720041949679,0.050748451526155,-0.0113496952378191,0.0185430177854324,-0.0028986721580014,0.0505303370682446,0.11213607572122,0.0196894932025125,0.0531468362240765,-0.00289867215800166,0.018199529133876,0.0113496952378225,0.114594334652679,0.00289867215800694,0.050530337068244,0.0113496952378209,0.0185430177854324,0.112136075721222,-0.0196894932025099,0.0509336999533489,-0.00194720041949122,0.114594334652681,0.0019472004194962,0.0507484515261562,0.11213607572122,0.0196894932025115,0.11459433465268
0.145,0.112310829008185,-0.0199972968524891,0.0506071522003061,-0.0021648693994523,0.0173872869391525,-0.010874261192507,0.0530625754136009,0.00314589255465763,0.11478135663975,0.00216486939945235,0.0506277827342403,-0.010874261192507,0.0177644673367564,-0.00314589255465672,0.0501942368504893,0.112310829008187,0.0199972968524896,0.0530625754136012,-0.00314589255465688,0.0173872869391537,0.0108742611925081,0.114781356639751,0.00314589255465693,0.0501942368504899,0.0108742611925075,0.0177644673367574,0.112310829008185,-0.0199972968524891,0.0506071522003056,-0.00216486939945251,0.11478135663975,0.00216486939945324,0.050627782734241,0.112310829008186,0.01999729685249,0.114781356639752
0.15,0.112460079770582,-0.02028894299207,0.0502720239313976,-0.00237894120036467,0.0165704590709313,-0.0103904364530054,0.0529695736071555,0.00338863405773021,0.114942384744918,0.00237894120036346,0.0504991923260549,-0.0103904364530043,0.0169800806288524,-0.00338863405773185,0.0498504786802254,0.112460079770582,0.0202889429920701,0.0529695736071562,-0.00338863405773131,0.0165704590709306,0.0103904364530045,0.114942384744919,0.00338863405773126,0.0498504786802256,0.0103904364530033,0.0169800806288529,0.112460079770583,-0.0202889429920704,0.0502720239313974,-0.0023789412003643,0.11494238474492,0.0023789412003643,0.0504991923260561,0.112460079770581,0.0202889429920698,0.11494238474492
0.155,0.112590993013756,-0.0205716131522879,0.0499225758184519,-0.00259590649269351,0.0157408179961315,-0.00989214816871831,0.0528735332803825,0.00363392455998712,0.115084544479802,0.00259590649269226,0.0503678918364239,-0.00989214816871815,0.0161821523624709,-0.00363392455998921,0.0494933314300193,0.112590993013754,0.0205716131522863,0.0528735332803824,-0.00363392455998924,0.0157408179961304,0.00989214816871634,0.115084544479801,0.00363392455998794,0.0494933314300188,0.00989214816871652,0.01618215236247,0.112590993013755,-0.0205716131522882,0.0499225758184518,-0.00259590649269404,0.115084544479802,0.00259590649269209,0.0503678918364243,0.112590993013754,0.0205716131522862,0.115084544479801
0.16,0.112702708559086,-0.0208451166363803,0.049559402228283,-0.00281347035242432,0.0148998832269491,-0.00937909681981833,0.0527720640854977,0.00387913281557632,0.115206787764387,0.00281347035242682,0.0502317266302872,-0.00937909681981805,0.0153719182655609,-0.00387913281557455,0.049123625439578,0.112702708559088,0.0208451166363834,0.0527720640854979,-0.0038791328155747,0.0148998832269509,0.00937909681982075,0.115206787764389,0.00387913281557721,0.0491236254395776,0.00937909681982109,0.0153719182655626,0.112702708559086,-0.0208451166363803,0.0495594022282833,-0.00281347035242407,0.115206787764386,0.00281347035242625,0.0502317266302866,0.112702708559088,0.0208451166363828,0.115206787764388
0.165,0.112793002182597,-0.0211086758305084,0.0491818178724903,-0.00302898853155029,0.0140513910256086,-0.00885142513330221,0.0526631653581519,0.00412115381793418,0.115306642297338,0.00302898853155107,0.0500890208066649,-0.00885142513330225,0.0145527431220679,-0.00412115381793336,0.0487409702127712,0.112793002182597,0.0211086758305085,0.052663165358151,-0.00412115381793397,0.0140513910256081,0.00885142513330276,0.115306642297339,0.00412115381793367,0.0487409702127705,0.00885142513330284,0.0145527431220684,0.112793002182597,-0.0211086758305083,0.0491818178724896,-0.00302898853155067,0.115306642297339,0.00302898853155113,0.0500890208066645,0.112793002182597,0.0211086758305084,0.11530664229734
0.17,0.112858964885185,-0.0213612036458078,0.0487882422047941,-0.0032402352865149,0.0132000715421883,-0.00831000758442545,0.0525453853120028,0.00435730527681049,0.115380980041739,0.0032402352865147,0.0499386225811256,-0.00831000758442546,0.0137290467184068,-0.00435730527681002,0.04834401460289,0.112858964885184,0.0213612036458086,0.0525453853120043,-0.00435730527681073,0.0132000715421878,0.00831000758442525,0.115380980041739,0.00435730527681038,0.0483440146028899,0.00831000758442551,0.0137290467184081,0.112858964885185,-0.0213612036458083,0.0487882422047944,-0.00324023528651437,0.115380980041738,0.00324023528651471,0.0499386225811263,0.112858964885182,0.0213612036458079,0.11538098004174
0.175,0.112897213407143,-0.0216010074469175,0.048377110854762,-0.0034456476131284,0.0123508498650435,-0.00775694049000502,0.052417498040061,0.00458565298255616,0.115426291855962,0.00344564761312924,0.049779525891527,-0.00775694049000534,0.0129055833065695,-0.00458565298255525,0.0479312711129476,0.112897213407145,0.02160100744692,0.0524174980400613,-0.00458565298255511,0.0123508498650455,0.00775694049000682,0.115426291855964,0.00458565298255679,0.0479312711129469,0.00775694049000726,0.0129055833065706,0.112897213407143,-0.0216010074469185,0.0483771108547623,-0.00344564761312774,0.115426291855963,0.00344564761312943,0.0497795258915279,0.112897213407146,0.0216010074469199,0.115426291855963
0.18,0.11290415336951,-0.0218255883510838,0.0479472855570342,-0.00364474506254916,0.0115078489490571,-0.00719542659322685,0.0522785354246567,0.00480554963511063,0.115438962824899,0.00364455462255672,0.0496108960647267,-0.00719540485511419,0.0120866215273603,-0.00480529566322531,0.0475016484560194,0.112904019585592,0.0218257445437222,0.0522785354220388,-0.00480531088905511,0.0115077989105023,0.00719522208990865,0.115439146930729,0.00480553441230313,0.047501648455861,0.00719520035068648,0.0120863114006153,0.112904523741639,-0.0218255781417662,0.0479476085539727,-0.00364478620216512,0.115439049757697,0.00364459576570184,0.0496108335536486,0.112904389957855,0.0218257343381459,0.115439233859263
0.185,0.112885067374631,-0.0220362485945321,0.0475083375876638,-0.00384206334339028,0.0106514259573734,-0.00662480314396629,0.0521244155859211,0.00502265044963065,0.115425413843792,0.00384217741623839,0.0494273966574673,-0.00662481909918236,0.0112533517659013,-0.00502257207027793,0.0470632355034628,0.112885939001915,0.0220361237393574,0.0521237784130981,-0.00502310237541412,0.0106514261239258,0.00662500985962009,0.11542858992916,0.0050230239303754,0.0470660331058706,0.00662461271333043,0.0112533519469364,0.112889269546967,-0.0220359988551894,0.0475111846113662,-0.00384255016921694,0.11542931201904,0.00384243606242347,0.0494268103577098,0.112888397444762,0.0220361234801934,0.11542613546025
0.19,0.11283573415587,-0.0222248968403831,0.0470674627148851,-0.00403178499661848,0.00979016895280343,-0.00605374644305205,0.0519454076642444,0.0052310917050574,0.115384787906723,0.00403171328151464,0.0492205240463169,-0.00605325441762485,0.0104144885518597,-0.00523106604236651,0.046627340570646,0.112834598824226,0.0222250946387919,0.0519463079999236,-0.00523047640132494,0.00979016869954864,0.00605349221671393,0.115380277520738,0.00523045086042692,0.0466234466068843,0.00605350815221833,0.0104144882722053,0.112839310441461,-0.0222248987152365,0.0470714187254133,-0.00403222366374997,0.115381215028556,0.00403229544581626,0.049219688370924,0.112840446509263,0.0222247012198288,0.115385726150683
0.195,0.112788255107554,-0.0224202671526123,0.0466116489642558,-0.00423650554090044,0.00891014272850084,-0.00546643539533884,0.0517771809797853,0.00545452346764777,0.115342749700076,0.00423654063752617,0.0490226880053315,-0.00546606715670227,0.00955736014974566,-0.00545460080600426,0.0461730695434825,0.112787200607219,0.0224204665529097,0.0517780703761107,-0.00545393445724377,0.00891014253330602,0.0054662460407524,0.115338074690616,0.00545401190624294,0.0461691231858565,0.00546625615431943,0.00955735993073644,0.112792058150465,-0.0224202747688886,0.0466156523767319,-0.00423702706133097,0.115338945154039,0.0042369920268345,0.0490218555471393,0.112793113253222,0.0224200755527887,0.115343620766506
0.2,0.112698034558876,-0.0225868389773738,0.0461519342210649,-0.00442823410941623,0.00807725079928575,-0.00490425235114248,0.0516042096506036,0.00566202642990411,0.115256078254841,0.00442835488316446,0.0488227618435017,-0.00490401122079776,0.00874468523871846,-0.00566218052494595,0.0457156792082562,0.112697196522407,0.0225870030960316,0.0516049732626194,-0.00566154413070008,0.00807725069424154,0.00490412943438701,0.11525185326288,0.00566169830222563,0.0457122004315411,0.00490413395545213,0.00874468511728652,0.112701564657679,-0.0225868519887306,0.0461554580607968,-0.00442874925142093,0.11525254462873,0.00442862852277356,0.0488220411817589,0.112702403036576,0.022586687930604,0.115256769964169
0.205,0.112607444455159,-0.0227587266985833,0.0456739413074058,-0.00463507203933227,0.00723748186103108,-0.00433075700638529,0.05144584057849,0.00588457284071334,0.115165240644612,0.00463361210271487,0.0486363920298565,-0.00433075700638556,0.00792601025707625,-0.00588304363976257,0.0452376089272188,0.112607192182586,0.0227587233191593,0.0514458405784906,-0.00588304363976379,0.00723794342600002,0.00433069112147329,0.115165100012672,0.00588457284071457,0.0452376089272178,0.00433069112147338,0.00792527286805023,0.112607444455159,-0.022758726698584,0.0456739413074056,-0.00463507203933216,0.115165240644612,0.00463361210271396,0.0486363920298569,0.112607192182583,0.0227587233191588,0.115165100012671
0.21,0.112492741270439,-0.0229216608006885,0.0451803780857692,-0.00483789268875363,0.0064007572316468,-0.00375190055229,0.0512776045103256,0.00610191003618388,0.115053483496405,0.00483730712129248,0.0484416515241494,-0.00375190055228901,0.00710834409510322,-0.00610129172829842,0.0447485023900682,0.112493015446865,0.0229216638769433,0.0512776045103267,-0.00610129172829711,0.00640080441433831,0.00375186473560746,0.11505300395366,0.00610191003618592,0.0447485023900678,0.00375186473560674,0.00710814418186262,0.112492741270438,-0.0229216608006889,0.0451803780857687,-0.00483789268875272,0.115053483496405,0.00483730712129231,0.0484416515241499,0.112493015446866,0.0229216638769433,0.115053003953659
0.215,0.11233955799629,-0.0230616734522164,0.0446784326126683,-0.00502798571202401,0.00558645638470228,-0.00318234425868314,0.0510906272856269,0.00630406611623823,0.114901504988397,0.00502810103230776,0.0482298193557638,-0.00318234362887749,0.00631181760691778,-0.00630394778105555,0.0442519166481756,0.112339447186243,0.0230616641093634,0.0510907307294112,-0.00630399197976934,0.00558645638502988,0.003182383464465,0.114900461088982,0.00630387364299307,0.0442511641536008,0.00318230442341754,0.00631181760763376,0.112338396164641,-0.0230616450241892,0.0446776695783163,-0.00502804794755982,0.114900367904373,0.00502793262608941,0.0482299188717381,0.112338506974351,0.0230616543695038,0.114901411803599
0.22,0.112145393256192,-0.0231793856391731,0.0441653139138889,-0.00520583053342568,0.00479633230258844,-0.00262278042292692,0.0508852041067676,0.00649120107077413,0.114707846990383,0.0052058070663205,0.0480010673443831,-0.00262275674872438,0.00553819847011522,-0.00649116255354398,0.0437447914448745,0.112145424933567,0.0231793997300892,0.0508852041064634,-0.00649120903920127,0.00479634666869513,0.00262279776746309,0.114708067108254,0.00649115458478404,0.0437447914449538,0.00262277409313772,0.00553815387393822,0.112145066980135,-0.0231793690682556,0.0441650869206548,-0.00520582020416381,0.114707825933145,0.00520579673727587,0.0480010843132977,0.112145098657971,0.0231793831595711,0.114708046051044
0.225,0.111911338850048,-0.0232759570087112,0.0436383461808738,-0.00537152614201883,0.00403310625591642,-0.00207367363191155,0.0506619125222171,0.00666379285670846,0.114474002183992,0.00537152995986971,0.0477558831522556,-0.00207367656097049,0.00479024876185942,-0.00666379896414027,0.043224595413749,0.111911337684025,0.0232759544502867,0.0506619125222163,-0.00666379460994122,0.00403310540381244,0.00207367412570774,0.114473981869552,0.00666379721090951,0.0432245954137494,0.00207367705476747,0.00479025610082642,0.111911363821098,-0.0232759593700266,0.0436383627772915,-0.00537152632503933,0.114474003194685,0.00537153014288835,0.0477558832607584,0.111911362655072,0.0232759568116026,0.114473982880242
0.23,0.111666794267781,-0.0233722295857134,0.0430849395085119,-0.00554780413912689,0.00327037816144796,-0.00151440277220987,0.0504426157649311,0.00684595260185814,0.11422848988863,0.00554780413912444,0.04751496061913,-0.00151440277221277,0.00404283154601814,-0.00684595260185793,0.0426784456488953,0.111666794267783,0.0233722295857123,0.0504426157649314,-0.00684595260186202,0.00327037816144574,0.00151440277221197,0.114228489888634,0.00684595260186004,0.0426784456488936,0.00151440277220953,0.00404283154601975,0.111666794267789,-0.0233722295857139,0.0430849395085116,-0.00554780413912682,0.114228489888632,0.00554780413912615,0.0475149606191281,0.111666794267778,0.0233722295857112,0.114228489888629
0.235,0.111423488317778,-0.0234750035716888,0.0425044305928558,-0.00574818854235865,0.0024877164271943,-0.000935304746363896,0.050239745040538,0.00705241816468741,0.113983440132539,0.00574818854235918,0.0472900566263009,-0.000935304746364546,0.00327607294376995,-0.00705241816468843,0.0421058106757584,0.111423488317781,0.0234750035716889,0.0502397450405365,-0.00705241816468736,0.00248771642719537,0.000935304746365175,0.113983440132539,0.00705241816468879,0.0421058106757577,0.000935304746364228,0.00327607294377043,0.111423488317779,-0.0234750035716886,0.0425044305928553,-0.00574818854235822,0.113983440132538,0.00574818854235902,0.0472900566263018,0.11142348831778,0.0234750035716896,0.113983440132537
0.24,0.111127636329722,-0.0235479698487165,0.0419143542205246,-0.00593385239957623,0.00173494980770924,-0.000374945975567601,0.050013852855065,0.0072417824886406,0.113685240823393,0.00593385239957531,0.0470435867713775,-0.000374945975567757,0.00253821121873263,-0.00724178248864158,0.0415237543995157,0.111127636329723,0.023547969848718,0.0500138528550662,-0.00724178248864132,0.00173494980770921,0.000374945975567608,0.113685240823393,0.0072417824886421,0.0415237543995144,0.000374945975566954,0.00253821121873258,0.111127636329723,-0.0235479698487174,0.0419143542205245,-0.0059338523995751,0.113685240823392,0.00593385239957519,0.0470435867713774,0.111127636329722,0.0235479698487166,0.113685240823391
0.245,0.110782600522703,-0.0235934358286162,0.0413153091348468,-0.00610492030901532,0.0010091987921256,0.000168588898482355,0.0497628154710608,0.00741409350613905,0.11333709962124,0.00610492030901378,0.0467735189188981,0.000168588898482292,0.00182629283864567,-0.00741409350614052,0.0409330125419487,0.110782600522705,0.0235934358286165,0.0497628154710626,-0.0074140935061411,0.00100919879212616,-0.000168588898483027,0.113337099621239,0.00741409350614051,0.0409330125419474,-0.000168588898483736,0.00182629283864604,0.110782600522704,-0.0235934358286176,0.0413153091348459,-0.00610492030901528,0.11333709962124,0.00610492030901456,0.0467735189188998,0.110782600522703,0.0235934358286163,0.113337099621241
0.25,0.110389018019958,-0.0236124215141122,0.0407068015100285,-0.00626038838269549,0.000311280687266444,0.000695678641351866,0.0494846080554816,0.0075682493792153,0.112939619991497,0.00626038838269649,0.0464778860507685,0.000695678641354176,0.00114114005238396,-0.00756824937921532,0.0403330621780797,0.110389018019959,0.0236124215141122,0.0494846080554819,-0.0075682493792154,0.000311280687267163,-0.000695678641353106,0.112939619991496,0.00756824937921494,0.040333062178081,-0.000695678641353151,0.00114114005238371,0.110389018019957,-0.0236124215141114,0.0407068015100285,-0.0062603883826962,0.112939619991497,0.00626038838269497,0.0464778860507678,0.110389018019957,0.0236124215141113,0.112939619991497
0.255,0.109944147597222,-0.0236030264623309,0.0400902145697735,-0.00639801607278696,-0.000355530420548376,0.00120350420304907,0.0491762283509492,0.00770198648440147,0.112490166296738,0.00639801607279125,0.0461537360253421,0.00120350420306455,0.000486073502460055,-0.00770198648441529,0.0397250842728597,0.109944147597219,0.0236030264623211,0.0491762283509587,-0.00770198648440645,-0.000355530420554871,-0.00120350420306992,0.112490166296719,0.00770198648440173,0.0397250842728696,-0.00120350420306162,0.000486073502457829,0.109944147597223,-0.0236030264623319,0.040090214569767,-0.00639801607279465,0.112490166296716,0.00639801607278205,0.0461537360253442,0.109944147597225,0.0236030264623248,0.112490166296725
0.26,0.109453042619509,-0.0235554763823238,0.0394934061447611,-0.0065106955122246,-0.000979689867033013,0.00167285894763971,0.0488329005122,0.00780861609711987,0.111995697331183,0.00651069551222491,0.0457952207743309,0.00167285894763862,-0.000126733690114028,-0.00780861609711914,0.0391354749940327,0.109453042619508,0.0235554763823231,0.0488329005121983,-0.0078086160971195,-0.000979689867032448,-0.00167285894763737,0.111995697331184,0.00780861609712004,0.0391354749940329,-0.00167285894763894,-0.000126733690113965,0.109453042619508,-0.0235554763823226,0.0394934061447607,-0.00651069551222409,0.111995697331185,0.00651069551222551,0.045795220774329,0.109453042619508,0.0235554763823232,0.111995697331183
0.265,0.108942586657616,-0.0234938022337313,0.0389149501616922,-0.00660700328482135,-0.00156505643552368,0.00211162046401626,0.0484790976331789,0.00789762501800042,0.111481153958883,0.00660700328481922,0.0454283491502942,0.0021116204640169,-0.000702445145011218,-0.00789762501800328,0.0385645200528018,0.108942586657616,0.0234938022337295,0.0484790976331774,-0.00789762501800108,-0.00156505643552286,-0.00211162046401774,0.111481153958883,0.00789762501800171,0.0385645200528026,-0.00211162046401766,-0.000702445145012302,0.108942586657618,-0.0234938022337312,0.0389149501616922,-0.00660700328481971,0.111481153958881,0.00660700328481802,0.0454283491502932,0.108942586657617,0.0234938022337293,0.11148115395888
0.27,0.108414361063712,-0.0234242172279554,0.0383229023044447,-0.00671009311036535,-0.00214708690448217,0.00254691921473625,0.0481203227721943,0.00799341071055745,0.110949784501023,0.00671009311036685,0.0450549839257533,0.00254691921473591,-0.00127317236082852,-0.00799341071055648,0.0379789031699128,0.108414361063714,0.0234242172279583,0.0481203227721952,-0.00799341071055585,-0.00214708690448057,-0.00254691921473386,0.110949784501025,0.00799341071055825,0.0379789031699123,-0.00254691921473254,-0.00127317236082628,0.108414361063712,-0.0234242172279573,0.0383229023044442,-0.00671009311036464,0.110949784501023,0.00671009311036581,0.0450549839257551,0.108414361063712,0.0234242172279586,0.110949784501026
0.275,0.107846227322029,-0.0233327689634397,0.0377245011741438,-0.00680433730294928,-0.00270591821665673,0.00296583101033144,0.0477430522903839,0.00807881888265183,0.110378400245448,0.00680437212312909,0.0446640154555561,0.00296588139632809,-0.00182096156272517,-0.00807881956308551,0.0373864238281656,0.107846480874895,0.0233325686145777,0.047742581342917,-0.00807899904874346,-0.00270591820847834,-0.00296559897670049,0.110380032019167,0.00807899971107982,0.0373875991709528,-0.00296611340771266,-0.00182096155002201,0.107848199281444,-0.02333241436262,0.0377256025554416,-0.0068045739336412,0.110380266945814,0.00680453910250184,0.0446635450104319,0.107847945723516,0.0233326147182889,0.110378635162225
0.28,0.107233951491465,-0.0232160246665147,0.0371221119659773,-0.00688515760317944,-0.00323473096743394,0.00336257124921917,0.0473414529361541,0.00814936885491628,0.109764683384332,0.00688496020382831,0.0442501731199456,0.00336301270519787,-0.00233910834825993,-0.00814896925609951,0.036790402397394,0.107233569196711,0.0232162125724195,0.0473414528717225,-0.0081489194948878,-0.00323490188194706,-0.00336301113195356,0.10976269406081,0.00814941863168917,0.0367904023495514,-0.00336345266582494,-0.00233921834726255,0.107236901944973,-0.0232158107892143,0.0371239528377482,-0.00688546987857268,0.10976504742341,0.00688527253271921,0.0442494163142667,0.10723651967832,0.0232159987362521,0.109763057996074
0.285,0.106573510834723,-0.0230709507781599,0.0365192830444278,-0.00694779781038177,-0.00372697374947761,0.0037326823188338,0.0469127516618217,0.00819958348799964,0.10909613515968,0.00694817556503015,0.0438093476557017,0.00373232072535398,-0.00282084740223659,-0.00819969067257552,0.036190308329316,0.106571674435666,0.0230707468628838,0.0469119529656036,-0.00819996327337655,-0.00372673956367072,-0.00373271240963416,0.109098992027498,0.00819985613675851,0.0361924885566263,-0.00373307408176375,-0.00282102922633771,0.106573895530457,-0.0230706661675165,0.0365192829963747,-0.00694775736139445,0.109099355387633,0.00694821602632727,0.0438093475940304,0.106571289844678,0.0230710314316212,0.109095771766689
0.29,0.10586742771345,-0.0229046971006198,0.0359088607732337,-0.0069996371140887,-0.00419523887686611,0.00408472564340436,0.046459786085168,0.00823811689530328,0.108390750638711,0.00699962505096822,0.0433468338070037,0.00408508861388423,-0.00327960916916169,-0.00823800953639789,0.0355862563312935,0.10586713582058,0.0229047283671456,0.0464597860412189,-0.00823786979686594,-0.00419538553925217,-0.00408499194519994,0.108388388563605,0.00823825663270531,0.0355862562970676,-0.00408535496965023,-0.00327935170883374,0.105870431599434,-0.0229045936927058,0.0359106270267963,-0.00699988760565709,0.108391053285435,0.00699987557476217,0.0433461755709642,0.10587013973078,0.0229046249830196,0.108388691140418
0.295,0.105109654768065,-0.0227068932006272,0.0353007533194879,-0.00703121573090194,-0.00462880577271331,0.00441033733957818,0.0459720746656576,0.0082539507590535,0.107626089111588,0.00703097648888507,0.0428498324358064,0.00441016523045429,-0.003703958774082,-0.00825400959988926,0.0349802963333874,0.105111621223704,0.0227068724012165,0.0459716412111418,-0.00825414840775283,-0.00462923838507594,-0.00441003910498305,0.107628536712083,0.00825408955612325,0.0349816890920242,-0.00441021119152982,-0.00370386302084823,0.10510986216219,-0.0227068059453143,0.0353007533328936,-0.0070311102418979,0.107628345017549,0.00703108198117686,0.0428498324534324,0.10511141380134,0.022706959666408,0.10762628081741
0.3,0.104294206024594,-0.0224753078942725,0.0346933820660338,-0.00704057884011224,-0.00502493937823343,0.00470542286238251,0.0454468865543105,0.00824637065963083,0.1068077359192,0.0070406327970633,0.0423177851100473,0.00470550365096171,-0.00409130643991874,-0.00824644788210304,0.0343768802607513,0.104295286426771,0.0224754044285368,0.0454471204653599,-0.00824637462847448,-0.00502530706598388,-0.00470546919119769,0.106806375093303,0.00824629740852682,0.0343760179338551,-0.00470538840899627,-0.0040912558209545,0.104294087377063,-0.02247532204541,0.0346933820624125,-0.00704067241284929,0.106806265987473,0.00704053922165765,0.0423177851047866,0.10429540508213,0.022475390274654,0.106807845021238
0.305,0.103422097977945,-0.0222115521125842,0.0340861462149865,-0.00703040720579665,-0.00538559346093674,0.00497228249544333,0.0448866958701277,0.00821735357072434,0.105930723307397,0.00703047225152732,0.041751623605915,0.00497228249544099,-0.00444355707845942,-0.00821742281560233,0.0337709349912843,0.103422690239706,0.0222115577814394,0.0448866958701263,-0.0082174228156021,-0.00538584721017733,-0.00497228396515127,0.105930077659235,0.00821735357072363,0.0337709349912849,-0.00497228396514967,-0.00444332936581531,0.103422097977945,-0.0222115521125856,0.034086146214986,-0.00703040720579681,0.105930723307399,0.00703047225152897,0.0417516236059191,0.103422690239708,0.0222115577814416,0.105930077659234
0.31,0.102494754436688,-0.0219167545504077,0.0334774084382256,-0.00700263640741663,-0.00571240258477394,0.00521187023161498,0.0442922065499129,0.00816933624092745,0.104998787572786,0.00700265246039483,0.0411523619555685,0.00521187110397959,-0.00476163542571457,-0.00816931051621778,0.0331625934745089,0.102494517273058,0.021916711331395,0.0442922269236685,-0.00816930441519907,-0.00571230900262523,-0.00521186006196123,0.104998519374267,0.00816933013991208,0.0331624610985729,-0.00521185918956204,-0.00476163953327902,0.102494738434992,-0.0219167396118103,0.0334774084382321,-0.00700266094679534,0.10499853451046,0.00700262792112033,0.0411523619556211,0.102494533274712,0.021916726270023,0.104998772436652
0.315,0.101511690834659,-0.0215914346985951,0.032865759100462,-0.00695862551041747,-0.00600528710889109,0.00542446983684373,0.0436641630853875,0.00810370087411003,0.104012389674317,0.00695862746583771,0.0405203026176109,0.00542446983684415,-0.00504579395771474,-0.0081036994420956,0.0325494290087807,0.101511665661005,0.0215914271540306,0.0436641630853897,-0.00810369944209669,-0.00600527577533106,-0.00542446567971244,0.104012362291115,0.00810370087411307,0.0325494290087793,-0.00542446567971375,-0.00504578327736326,0.101511690834664,-0.0215914346985956,0.0328657591004612,-0.00695862551042016,0.104012389674314,0.0069586274658373,0.0405203026176116,0.101511665661002,0.0215914271540295,0.104012362291116
0.32,0.10048522680729,-0.0212394658744915,0.0322484797556498,-0.00690605800283619,-0.00627202663292952,0.0056178393247033,0.0430081132699444,0.00802832765467424,0.10298433026214,0.00690605800283534,0.0398598330295794,0.00561783932470226,-0.00530271628517468,-0.00802832765468165,0.031928346193413,0.100485226807285,0.0212394658744929,0.0430081132699505,-0.00802832765467461,-0.00627202663293171,-0.00561783932471059,0.102984330262146,0.00802832765468504,0.031928346193412,-0.00561783932470302,-0.00530271628517173,0.100485226807296,-0.0212394658744977,0.0322484797556564,-0.00690605800283385,0.102984330262134,0.00690605800283157,0.0398598330295875,0.100485226807291,0.0212394658744887,0.102984330262129
0.325,0.0994543946388665,-0.0208814680071954,0.0316316503278076,-0.00685580452156158,-0.00652349403340801,0.0058056881674262,0.0423486110225039,0.00795446960184988,0.10195180029024,0.00685580452155793,0.0391968234791521,0.00580568816742819,-0.0055447776403946,-0.0079544696018527,0.0313073158267617,0.0994543946388601,0.0208814680071965,0.042348611022504,-0.00795446960185067,-0.00652349403340992,-0.00580568816742623,0.101951800290247,0.00795446960185124,0.0313073158267613,-0.00580568816742855,-0.00554477764039278,0.0994543946388591,-0.0208814680071953,0.0316316503278062,-0.00685580452155778,0.101951800290243,0.00685580452156012,0.0391968234791514,0.0994543946388614,0.0208814680071951,0.101951800290242
0.33,0.0983920042721638,-0.0205079299697144,0.031025921746841,-0.0067906568587159,-0.00673997267160246,0.00596383950601216,0.0416741960981818,0.00786568204252385,0.100887585074339,0.0067906568587171,0.038519773481336,0.0059638395060098,-0.00575199256711271,-0.00786568204252254,0.0306967834570175,0.0983920042721645,0.0205079299697141,0.0416741960981789,-0.00786568204252286,-0.00673997267160091,-0.00596383950600964,0.10088758507434,0.00786568204252252,0.0306967834570168,-0.00596383950600978,-0.00575199256711216,0.0983920042721637,-0.0205079299697142,0.0310259217468411,-0.00679065685871613,0.10088758507434,0.00679065685871688,0.0385197734813374,0.0983920042721661,0.0205079299697168,0.100887585074341
0.335,0.0972859943368321,-0.0201081442913982,0.0304300834377877,-0.00670707103450965,-0.0069210529449671,0.00609243943680495,0.0409706730517055,0.00775752179174766,0.099780858811734,0.00670707103450886,0.0378140391854797,0.00609243943680661,-0.00592347977041468,-0.00775752179174712,0.0300942796545559,0.0972859943368282,0.0201081442913978,0.0409706730517046,-0.0077575217917459,-0.00692105294496656,-0.00609243943680428,0.0997808588117376,0.0077575217917464,0.0300942796545565,-0.00609243943680564,-0.00592347977041322,0.0972859943368286,-0.0201081442913957,0.030430083437788,-0.00670707103450752,0.0997808588117346,0.00670707103450868,0.037814039185475,0.0972859943368311,0.0201081442913964,0.099780858811735
0.34,0.0961355046343144,-0.0196825906296434,0.0298425671151316,-0.00660467506925016,-0.00706515184604985,0.00619142894584431,0.0402375264585258,0.00762959161841843,0.0986302547429757,0.00660467506924914,0.0370797869992167,0.00619142894584329,-0.00605785627721315,-0.0076295916184178,0.0294982608969343,0.0961355046343151,0.0196825906296453,0.0402375264585258,-0.00762959161841864,-0.0070651518460488,-0.00619142894584295,0.0986302547429789,0.00762959161841981,0.0294982608969327,-0.00619142894584372,-0.00605785627721126,0.096135504634314,-0.0196825906296465,0.0298425671151293,-0.00660467506925123,0.0986302547429791,0.00660467506925185,0.0370797869992207,0.096135504634313,0.0196825906296472,0.0986302547429814
0.345,0.0949469690186688,-0.0192375354657159,0.0292603450783418,-0.00648785838531514,-0.00717943898040444,0.00626542938167787,0.0394783383856271,0.00748679014627213,0.0974415300496119,0.00648785838531334,0.0363206767809061,0.00626542938166469,-0.00616251181810555,-0.00748679014626724,0.0289065184898055,0.0949469690186693,0.0192375354657116,0.0394783383856126,-0.00748679014626779,-0.00717943898039932,-0.00626542938166899,0.0974415300496164,0.00748679014626816,0.0289065184898088,-0.00626542938167067,-0.0061625118181067,0.0949469690186647,-0.0192375354657149,0.0292603450783387,-0.00648785838531561,0.0974415300496154,0.00648785838531488,0.036320676780917,0.0949469690186644,0.0192375354657214,0.0974415300496169
0.35,0.0937261618956912,-0.0187803824409966,0.0286752208755411,-0.00636465573033726,-0.00727790202409459,0.00632490554686811,0.0386952658153612,0.00733713561698282,0.0962204216004923,0.00636465573034074,0.0355386569296781,0.00632490554687025,-0.00625159284565888,-0.00733713561698273,0.0283112608779894,0.093726161895696,0.0187803824409964,0.0386952658153603,-0.00733713561698529,-0.00727790202409412,-0.00632490554686823,0.0962204216004933,0.00733713561698375,0.0283112608779904,-0.00632490554686867,-0.00625159284565754,0.0937261618956964,-0.0187803824409942,0.0286752208755395,-0.00636465573033938,0.0962204216004931,0.00636465573033887,0.0355386569296734,0.093726161895694,0.0187803824409959,0.0962204216004925
0.355,0.0924571467611995,-0.0183011985302271,0.0280884510110235,-0.00622910285330315,-0.0073479801454893,0.00636130489990887,0.0378840263241246,0.00717422801326236,0.0949514662961736,0.00622910285330181,0.0347296274158917,0.00636130489990905,-0.00631209952992413,-0.00717422801326245,0.027712649768719,0.0924571467611986,0.0183011985302279,0.0378840263241264,-0.00717422801326165,-0.00734798014548811,-0.0063613048999089,0.0949514662961723,0.00717422801326246,0.0277126497687186,-0.00636130489990848,-0.0063120995299247,0.0924571467611983,-0.0183011985302286,0.0280884510110234,-0.00622910285330203,0.0949514662961733,0.00622910285330264,0.0347296274158927,0.0924571467611996,0.0183011985302274,0.0949514662961719
0.36,0.091140892072529,-0.017801024126315,0.0274993596726952,-0.00608214302520102,-0.00739057060752026,0.00637537770392319,0.0370447545117878,0.00699910260313906,0.093635392421253,0.00608214302519849,0.0338938825851845,0.00637537770391947,-0.0063449684017907,-0.00699910260314094,0.027110129044836,0.091140892072521,0.0178010241263112,0.0370447545117819,-0.00699910260313611,-0.0073905706075219,-0.00637537770392163,0.0936353924212516,0.00699910260313555,0.0271101290448369,-0.00637537770392215,-0.00634496840178985,0.0911408920725206,-0.0178010241263112,0.0274993596726961,-0.00608214302519499,0.0936353924212492,0.00608214302519824,0.033893882585184,0.0911408920725279,0.0178010241263144,0.0936353924212476
0.365,0.0897777784514985,-0.0172799970516627,0.0269080974948793,-0.00592431959941278,-0.00740672405900253,0.00636840505040077,0.0361768785816693,0.00681235185620049,0.0922729398488068,0.0059242861704844,0.0330314626193643,0.00636866600445445,-0.00635169063947838,-0.00681227391768017,0.0265043549370544,0.0897784799841355,0.017279970410207,0.0361771403135798,-0.00681213261750748,-0.00740696950946181,-0.00636866800278428,0.0922718967930411,0.00681221055836515,0.0265040323202705,-0.0063684070591207,-0.00635167974536716,0.0897776522437511,-0.0172799807168357,0.0269080974853508,-0.00592435180450413,0.0922718468718341,0.00592425397190288,0.0330314626171786,0.0897786062089394,0.0172799867474901,0.0922729897706242
0.37,0.0883670299220303,-0.0167390134452619,0.0263139037511065,-0.00575562056336895,-0.00739762849416903,0.00634116947359118,0.0352806967683268,0.00661388964171958,0.0908624104409007,0.00575543912633316,0.0321429047170756,0.00634192856610554,-0.00633353375961333,-0.00661404197214883,0.0258945575945685,0.0883669270869019,0.0167390439490444,0.0352806967577054,-0.00661380476463789,-0.00739763061166571,-0.00634110340652946,0.0908603639584652,0.00661412687561119,0.0258945575429579,-0.00634186254479447,-0.00633297024556835,0.0883696989228316,-0.016739254129232,0.0263142531681009,-0.00575609859782433,0.0908627358092051,0.00575591717977462,0.0321423017769359,0.0883695960834201,0.0167392846116194,0.0908606892326996
0.375,0.0869104256908201,-0.0161810735261751,0.0257147184269747,-0.00557791997837459,-0.00736407787681299,0.00629461800969572,0.034357620382411,0.0064062818053205,0.0894045365810552,0.00557805193773675,0.0312296920034296,0.00629623162592935,-0.00629072675013283,-0.00640658915008281,0.0252791997971064,0.086910108718788,0.016180952503314,0.0343582865152101,-0.00640591901332774,-0.00736407785512787,-0.00629531901689611,0.0894015356065073,0.00640622634676599,0.0252784350577281,-0.00629553056988069,-0.00629072672961632,0.0869133334031772,-0.0161812776726059,0.0257150834650808,-0.00557862126467593,0.0894019160519393,0.00557848929004105,0.031228986138154,0.0869136503182796,0.016181398673219,0.0894049169736981
0.38,0.0854111258304989,-0.015607058283507,0.025108802049215,-0.00539425705610494,-0.00730945715070942,0.00623371064965412,0.0334066270980507,0.0061915067034858,0.0879019564111306,0.00539429858267191,0.0302901026691855,0.00623434462839283,-0.00622788792581641,-0.00619135179010064,0.024655426788703,0.0854129742865963,0.0156069545673199,0.0334072069030873,-0.00619102756155672,-0.00731020977259424,-0.00623445173994979,0.0878992847073911,0.00619118248119168,0.0246547795548443,-0.00623381780156966,-0.00622789358209141,0.0854108413915397,-0.0156069016768091,0.0251088020056235,-0.00539439927627878,0.0878991745671617,0.00539415638338485,0.0302901026621938,0.0854132588011224,0.0156071111897768,0.0879020665553813
0.385,0.0838666387356492,-0.015016805340608,0.0244962737088784,-0.00520388627003479,-0.00723503152576118,0.00615689618742404,0.0324287851975327,0.00596928043516738,0.0863502234963991,0.00520400611796785,0.0293250948254621,0.00615627788121972,-0.00614403714147516,-0.00596907442989202,0.0240234492281978,0.0838667280755698,0.0150168580764757,0.0324287851934202,-0.00596931888533861,-0.00723505498935344,-0.00615703031266101,0.0863520544816379,0.00596903598465923,0.0240234492029981,-0.0061564120221438,-0.00614463712903706,0.0838643268904333,-0.0150165128074946,0.0244960688380265,-0.00520350565216696,0.0863499656582801,0.00520362550740966,0.0293255422836182,0.0838644162268384,0.0150165655300164,0.0863517965981241
0.39,0.0823074298226659,-0.0144285898900355,0.0238853333653847,-0.00501283088928186,-0.0071482820444394,0.0060713206342295,0.0314428498235375,0.00574667033884826,0.0847905724915723,0.00501289680882206,0.028353418817773,0.00607170012054748,-0.0060480780677705,-0.00574685048760731,0.0233919137925021,0.0823074932264656,0.0144286484647256,0.0314428498249204,-0.00574669036324485,-0.00714830261757124,-0.00607142510740707,0.0847917926704791,0.00574683046357113,0.0233919138007849,-0.00607180459011186,-0.00604850045393668,0.0823089341286582,-0.0144287965439392,0.0238854719754904,-0.00501305965711045,0.0847907344176582,0.0050131255745308,0.028353152698166,0.0823089975339731,0.0144288551234723,0.0847919546116876
0.395,0.0807412391013233,-0.0138479883722412,0.0232688721014284,-0.004828169543207,-0.00705764965177763,0.00598532403427544,0.0304547066644699,0.00553095140853917,0.0832258816722006,0.00482812960417719,0.0273756718324331,0.00598532403427052,-0.00594585786664567,-0.0055309206864766,0.0227518258758212,0.0807417947510294,0.0138479911265393,0.0304547066644561,-0.00553092068647569,-0.00705788191706796,-0.00598531757160816,0.0832252720665944,0.00553095140853903,0.0227518258758212,-0.0059853175716176,-0.00594563147335902,0.0807412391013215,-0.0138479883722309,0.0232688721014284,-0.00482816954320336,0.0832258816721971,0.00482812960417761,0.0273756718324266,0.0807417947510311,0.0138479911265427,0.0832252720665939
0.4,0.0791448254832444,-0.013264073958691,0.0226465078632492,-0.00464156462669224,-0.00695261452228988,0.00588784878907956,0.0294505605430916,0.0053133266547867,0.0816292497534863,0.00464156395361182,0.0263835424176817,0.00588784878908185,-0.00582804541920181,-0.00531332862986944,0.0221045450661937,0.0791445977114206,0.0132640280923061,0.0294505605430952,-0.00531332862987125,-0.0069525157140532,-0.00588780027452795,0.0816290016564605,0.00531332665478656,0.0221045450661934,-0.0058878002745255,-0.00582795118748994,0.0791448254832458,-0.0132640739586913,0.0226465078632505,-0.00464156462669445,0.081629249753488,0.00464156395361036,0.0263835424176802,0.0791445977114174,0.013264028092303,0.0816290016564616
0.405,0.0775180433684995,-0.0126782999400275,0.0220171931420178,-0.00445428654078757,-0.00683324506354701,0.00577960804907198,0.0284319327490888,0.00509517054281444,0.0800018668976917,0.00445428489975144,0.0253786024834085,0.00577960061018728,-0.00569576860220537,-0.00509516812558437,0.0214491814346994,0.0775180460776117,0.0126783045479427,0.0284319303710773,-0.00509517128029396,-0.00683324506354765,-0.00577960467581533,0.0800019011088479,0.00509516886307938,0.0214491907855484,-0.00577960398344788,-0.0056957686022074,0.0775180129880086,-0.0126782991191786,0.0220171850839464,-0.00445428343200331,0.0800018980750911,0.00445428507303239,0.0253786051034798,0.077518010278865,0.0126782945112527,0.0800018638639538
0.41,0.0758653559440709,-0.0120907085469706,0.0213774180735611,-0.00426822979361658,-0.00669933483193749,0.00566278432674905,0.0273959651709654,0.00487833617193728,0.0783478333116834,0.00426822979363707,0.0243581977561655,0.00566278432668244,-0.00554922669918824,-0.00487833617196631,0.0207825999880697,0.0758653559440978,0.0120907085468913,0.0273959651708131,-0.00487833617196199,-0.00669933483195854,-0.00566278432668243,0.0783478333116532,0.00487833617198676,0.0207825999880373,-0.00566278432678476,-0.0055492266992389,0.075865355944107,-0.0120907085468891,0.0213774180735725,-0.0042682297935877,0.078347833311632,0.00426822979356948,0.0243581977561259,0.0758653559440581,0.0120907085469366,0.0783478333115518
0.415,0.0741981177982643,-0.0114856142959761,0.0207341502986875,-0.00408068204383465,-0.00654354254784175,0.00554393479471674,0.0263312934953342,0.00465775108968735,0.0766765257180683,0.00408068204383409,0.0233141246695548,0.00554393479471363,-0.00538283791291874,-0.00465775108969325,0.0201122065697374,0.074198117798261,0.0114856142959735,0.0263312934953273,-0.00465775108968844,-0.00654354254784255,-0.00554393479471161,0.0766765257180709,0.0046577510896917,0.0201122065697351,-0.00554393479471533,-0.0053828379129133,0.0741981177982617,-0.011485614295971,0.0207341502986873,-0.00408068204382629,0.0766765257180556,0.00408068204382701,0.0233141246695517,0.0741981177982592,0.0114856142959739,0.0766765257180578
0.42,0.0724928397935684,-0.0108832152551747,0.0200835483970438,-0.00389335676268537,-0.00637778887160049,0.0054159851401522,0.0252605972734238,0.0044380396323305,0.0749636901868767,0.00389335676268425,0.0222678777335348,0.00541598514015141,-0.00520770859069193,-0.0044380396323317,0.0194353372627117,0.0724928397935675,0.0108832152551736,0.0252605972734224,-0.00443803963232977,-0.00637778887159766,-0.00541598514015124,0.0749636901868783,0.00443803963232958,0.0194353372627123,-0.00541598514014926,-0.0052077085906913,0.0724928397935646,-0.0108832152551762,0.0200835483970435,-0.00389335676268477,0.0749636901868797,0.00389335676268521,0.0222678777335397,0.0724928397935699,0.0108832152551781,0.074963690186875
0.425,0.0707549408598541,-0.0102812541300507,0.0194252750007878,-0.00370810843749702,-0.00620179767546746,0.00527871823557355,0.0241784315520204,0.00422098044960416,0.0732159936781715,0.00370810843749451,0.0212128152432435,0.0052787182355727,-0.00502238987422794,-0.00422098044959845,0.0187504306900004,0.0707549408598468,0.0102812541300496,0.0241784315520198,-0.00422098044959982,-0.0062017976754683,-0.00527871823557413,0.0732159936781697,0.00422098044959388,0.0187504306900002,-0.00527871823557272,-0.00502238987422919,0.0707549408598452,-0.0102812541300478,0.0194252750007892,-0.00370810843749866,0.07321599367818,0.00370810843750102,0.0212128152432424,0.0707549408598535,0.0102812541300493,0.0732159936781814
0.43,0.0689902436459398,-0.00968213446972835,0.0187571818842816,-0.00352784563461491,-0.00601841335011095,0.00513479198677031,0.0230837555259434,0.00400947308737509,0.0714398361356507,0.00352784563460281,0.0201473207941018,0.0051347919867969,-0.00482912374216855,-0.00400947308736923,0.0180547345184974,0.0689902436459172,0.00968213446972051,0.0230837555259265,-0.00400947308737258,-0.00601841335011668,-0.00513479198676016,0.0714398361356231,0.00400947308736155,0.0180547345185028,-0.00513479198681212,-0.00482912374218677,0.0689902436459132,-0.00968213446968055,0.0187571818842907,-0.00352784563460448,0.0714398361356486,0.00352784563461215,0.0201473207940236,0.0689902436459171,0.00968213446968418,0.0714398361356407
0.435,0.0672178842332468,-0.00909102648713868,0.018071319121955,-0.00335794402617309,-0.00583550719981744,0.00499853542693039,0.0219653406750464,0.00380758469608205,0.0696520797656835,0.00335794402616838,0.0190636106974501,0.004998535426932,-0.00463766919648908,-0.003807584696078,0.0173410155637753,0.0672178842332387,0.00909102648713475,0.0219653406750359,-0.00380758469607817,-0.00583550719981917,-0.00499853542692748,0.0696520797656902,0.00380758469607607,0.0173410155637773,-0.00499853542693698,-0.00463766919649111,0.0672178842332431,-0.00909102648712923,0.0180713191219567,-0.00335794402617513,0.0696520797656962,0.0033579440261743,0.0190636106974405,0.0672178842332451,0.00909102648713679,0.0696520797656928
0.44,0.0654138395568459,-0.00850665278160081,0.0173706436529758,-0.00319516520232599,-0.00564921211109119,0.00486016463460433,0.0208353074177788,0.0036131240294942,0.0678287476060199,0.00319516520232551,0.0179727113782381,0.00486016463460532,-0.00444332465956941,-0.00361312402950013,0.0166124441918223,0.0654138395568412,0.00850665278160229,0.0208353074177833,-0.00361312402949213,-0.00564921211109374,-0.00486016463460775,0.0678287476060186,0.00361312402949709,0.0166124441918242,-0.00486016463460373,-0.00444332465956663,0.065413839556846,-0.00850665278160584,0.0173706436529756,-0.00319516520231954,0.0678287476060084,0.00319516520232303,0.0179727113782429,0.0654138395568506,0.00850665278160413,0.0678287476060102
0.445,0.0635776747498673,-0.00792886429244624,0.0166575623673562,-0.00304019542062025,-0.00546202173799246,0.00471941148630679,0.019693643124535,0.00342690379793488,0.0659690819766009,0.00304019542061647,0.0168747020387136,0.0047194114863084,-0.00424826387847016,-0.00342690379794468,0.0158713383669292,0.0635776747498574,0.00792886429244755,0.0196936431245388,-0.00342690379793172,-0.00546202173798975,-0.0047194114863062,0.0659690819765991,0.00342690379793584,0.0158713383669293,-0.00471941148630318,-0.00424826387846731,0.063577674749851,-0.00792886429244291,0.016657562367359,-0.00304019542060399,0.0659690819765797,0.00304019542060891,0.0168747020387095,0.0635776747498636,0.0079288642924425,0.0659690819765828
0.45,0.0617033436916232,-0.00735837189437275,0.0159372755357376,-0.0028927716392554,-0.00527894921754436,0.00457869883892996,0.0185502339377188,0.0032489797070383,0.0640726157432739,0.0028927716392563,0.0157733136687716,0.00457869883892639,-0.00405505141745906,-0.0032489797070516,0.0151210259529598,0.0617033436916361,0.00735837189437239,0.0185502339377095,-0.00324897970704945,-0.0052789492175418,-0.00457869883891892,0.0640726157432752,0.0032489797070582,0.0151210259529495,-0.00457869883892971,-0.00405505141745187,0.0617033436916313,-0.00735837189437188,0.0159372755357347,-0.0028927716392482,0.0640726157432542,0.00289277163924305,0.0157733136687693,0.0617033436916207,0.00735837189437522,0.0640726157432529
0.455,0.0598348206931124,-0.00680892192452361,0.0152204647586614,-0.00275412799057118,-0.00510437857445737,0.00443537272339969,0.0174017025781356,0.00308230409712311,0.0621699010999086,0.00275500610143883,0.0146790612168037,0.00443640876750143,-0.00387336940490367,-0.00308243780129279,0.0143773385997582,0.0598344125782697,0.00680823112529346,0.0174019623184275,-0.00308154751954255,-0.00510419817099198,-0.00443637589870469,0.0621676799824601,0.00308141380420597,0.0143789519453742,-0.00443533984308024,-0.0038733737092443,0.0598347931807148,-0.00680814588777611,0.0152204647771066,-0.00275499049264469,0.0621677003281726,0.00275414358823769,0.014679061216998,0.0598344400685094,0.00680900715093243,0.0621698807542575
0.46,0.0579509527436989,-0.00626899801908419,0.0145071811699578,-0.00262772302642003,-0.00494102962778325,0.00430175407626277,0.0162580389721775,0.0029233869060292,0.0602444209116486,0.00262415959075696,0.0135906325071095,0.00429756471814133,-0.00370277616996591,-0.0029228831521756,0.0136416407233596,0.0579523663306455,0.00627178526583664,0.0162570248121076,-0.00292648546570998,-0.00494170177761623,-0.00429768259002505,0.0602532173522691,0.00292698904659722,0.0136350055331759,-0.00430187176589486,-0.00370275944810549,0.0579509893986148,-0.00627212163362503,0.0145071814593076,-0.0026242089349549,0.0602531457690217,0.00262767350305289,0.0135906325086667,0.0579523293499054,0.00626866148121048,0.0602444924977451
0.465,0.0560632613169187,-0.00574792832393821,0.0137867839240124,-0.00250805279650978,-0.00478440814965019,0.0041632999018177,0.0151016980451678,0.00278488165171295,0.058326451383985,0.00251341215728534,0.0124958015725156,0.00416970661802379,-0.00353650599376642,-0.00278418033702314,0.0128840753485366,0.0560651073646337,0.00574267710070756,0.0151031887594669,-0.00277866350044947,-0.00478532959438528,-0.00416985989768264,0.0583135352634054,0.0027793651877935,0.0128944089330171,-0.00416345359538905,-0.0035364827867493,0.0560633169491262,-0.00574316738386384,0.0137867832863176,-0.0025134702763913,0.0583134392830982,0.00250799509125933,0.0124958015716126,0.0560650524035377,0.00574743840264747,0.0583265473552537
0.47,0.0541814743757858,-0.00523658324637782,0.0130589580574687,-0.00241092989592541,-0.00464167024049095,0.00404054310821211,0.0139265876122026,0.00265432730123982,0.0563943507408871,0.00241169775577518,0.0113913706859906,0.00404925885800262,-0.00338397176071142,-0.00266198548849269,0.0121254224928767,0.0541815782427929,0.00523601822752826,0.0139265876311459,-0.00265433599364568,-0.00464166225305373,-0.00404073724133091,0.0563960240388185,0.00266197624303295,0.0121254233812271,-0.00404945244639438,-0.00338495616815112,0.0541984373766696,-0.00524342671698796,0.013044406371895,-0.00241863984587049,0.056394244327912,0.00241940710950849,0.0113896653269144,0.054198541267264,0.00524286227172514,0.0563959185969367
0.475,0.0522946189947156,-0.00474606108085932,0.0123231634253632,-0.0023253498623294,-0.00451337001183941,0.00391568072997439,0.012731209323537,0.00254742056119831,0.0544550365238146,0.00233225143657278,0.0102778776472486,0.0039326109371282,-0.00324660680320321,-0.00255548211958574,0.0113530610485105,0.0522949461891616,0.00474004421722146,0.012732788552169,-0.00254056010451337,-0.00451337001688663,-0.0039235629145947,0.0544397976014676,0.00254861496559798,0.0113664241576243,-0.00392472116406593,-0.00324660675999165,0.052312202540155,-0.00474723137323179,0.0123077444362695,-0.00234029243834198,0.0544395459365798,0.00233338413232782,0.0102762554227733,0.0523118735325041,0.00475325407750083,0.0544547831859755
